example_id,source,source_row,length_bin,token_count,quality_score
9ad7e696bc13c64932fab82c002be9be42571dd4fee5947528f42a7d5b749606,smol-constraints,651,0-255,144,0.976485
1fdbf82847d994b5071977c991ea67c87527d721c423e76cad952f343b9abe3c,smol-constraints,1599,0-255,154,0.973714
155137ead329e6d14ed22680da34f4657fcd4acc63fea0c97a5db988b1502e62,smol-constraints,1939,0-255,201,0.967122
716b5ce1b95120c12f334096f70e4ac31b3a8d9ed37ec60a2a4b827294989555,smol-constraints,2995,0-255,208,0.966341
6161701cfa14c11d347520fbbfdf017cd4d66b465253b441a0806064a9b4a73f,smol-constraints,3278,0-255,183,0.969428
5df6eb22dbbd6aa9404cbbbe3689924a0187abbb96974b03c93442cf1309271f,smol-constraints,3980,0-255,213,0.963245
bb312182effe4ee14651239d8370f3bd0959b90b144e34434e72f5df46a5b438,smol-constraints,4221,0-255,171,0.949167
bf87203441d23e444f47dcf5eb56624c0b93ca4829f099071f9774ff67c5be61,smol-constraints,4394,0-255,177,0.977263
ca9b7a7f4852e4040ab1f1a490ee700f520b47b01b084dea28dcb4eecf027390,smol-constraints,5463,0-255,177,0.962699
2824422098e9249ae5678ceb3bc3f45149d9d0b5679b4f8b5f90b47598b47db4,smol-constraints,5637,0-255,155,0.984072
026dcedf228a0375864a8f0c3986c75bdb5372039cda0f02cb02279d39a9850e,smol-constraints,6004,0-255,146,0.939341
7dc7a4d796189e471b4b6806752b8019f57086cf200131a83acceee029556ff3,smol-constraints,6078,0-255,39,0.761957
8c90ee2cba274939ee61a3cbf9383210ac19b598ce1c356ae424d0bcbb6d9bd5,smol-constraints,6087,0-255,151,0.967399
9c772bc40094e404010240eecac099e67856e03c39ec354be6f05c0deeb420af,smol-constraints,6138,0-255,208,0.979006
da631fdf48c0ae0f6ba3c653a5388edc1355871d8be44da077ed13d72b533582,smol-constraints,6569,0-255,157,0.979301
eafe8d3349a1391f5b4894d04587e6841ce1aecfa55a93a8c7fed2b6d9d319e5,smol-constraints,7192,0-255,144,0.96904
d6f8eb7256882f8352e679c262b33e4a5fcfda88df0438c4bf1d5cbdf5b65bd5,smol-constraints,7678,0-255,169,0.973302
6227349f3dbf8a19d8394b907f0173f783519941b2abafd6bf953ba97615d349,smol-constraints,7752,0-255,221,0.969556
e09b3559294cd57271f557156907cd143594e2b831f1d97dfbb0ef16eb4adfd3,smol-constraints,8185,0-255,240,0.967109
3815aaa0504b5ea7d1ce6713002a03743205fdcf9b5211a816e622438c1276f0,smol-constraints,8208,256-511,302,0.966844
4abcee4f3846991438bbec270a648ecb080baafad1f8df8d64533cebf38ff077,smol-constraints,9730,256-511,258,0.936728
ab50c40e1c8ac0d826940ac9b3afa44402ba559f36ddebfd53833ca79a375d98,smol-constraints,9911,0-255,192,0.967856
eb0b35ee141b56b029e8bd99e96880e461ba590d5fd9446d3a92beeafd758933,smol-constraints,10555,0-255,202,0.982129
ee4565368fa7bed2f5d15414a687926e27902b8dbe445d81cd242a329b01b889,smol-constraints,10568,0-255,158,0.97772
3b34617104a5fc835fbb01f791fcc5a6366c650807f59bcfe800a61ccc77b486,smol-constraints,10897,0-255,166,0.969465
698f4d4135e00914d07fb76bde7f2726dd6846ff907b3f27cbe3967ac2600f66,smol-constraints,11065,0-255,223,0.973578
7198246ff2e6d278b072b9df888e5d40ec7199e5157586956bc4e088056c11d3,smol-constraints,12008,0-255,165,0.945005
41e45fb809be4b14bbdbc171eb65a14e500fb6fa3d948cb81df20aa6fd2477a0,smol-constraints,12756,0-255,195,0.969236
c67e5a8bc7f1aa29f64ddcd6f5a8823e2d0edeaaa57277cc2885b8007838e195,smol-constraints,12924,0-255,174,0.982544
701404441e21149e7d49fe6fc2ba32524132a915bd75866693ea0ad364dbd483,smol-constraints,13671,0-255,216,0.953818
8538e04d79dd8bfe18ec056bd62c3b1e85ded43c8afcc2a78cc9439b843be49c,smol-constraints,13772,256-511,267,0.958431
4bcd0313660f042cbc9e660eb294cf758fd80828bd91668d3110d7bade902f91,smol-constraints,14091,0-255,215,0.964927
db800701c65099a29915cd90f45405244560385e1cc934ace536fb8b9b020841,smol-constraints,14666,256-511,299,0.939358
8c50c07444ed19dc03449817537e8633ea91a654e39c342f7f8925b6dde57213,smol-constraints,15580,0-255,138,0.969756
453616bf8b95ffb0d31d2a111b35dfb0f7e893860cade760a30e8d2921ed7e60,smol-constraints,15974,0-255,155,0.974524
d69eae65ee25b67c2caa2066de8616b253357b2bfce2685b7177591084f7b426,smol-constraints,16300,0-255,219,0.963843
c5c3aab40d240ac6246270da04fb705673c77ac0dba1bbca455b8bd3cebc43e6,smol-constraints,16830,0-255,230,0.958748
3081a19ef4db646c192d9c913d990f9e4bf6d3f64782490a55f633f8c35f199d,smol-constraints,16843,0-255,173,0.976818
6f5e3e4ed4137b3adb3ff3bb26f496ea8a3a37cafb7c3fe00638e3fd9aa73e49,smol-constraints,16873,256-511,281,0.952106
35ad6de56b52cb89f499331f249b550267d3a24859b0fce6003d764ee8612d06,smol-constraints,17096,256-511,263,0.943685
5efb962fa235593922ea56497ddc97130559708f77c630d048255db8920cf51e,smol-constraints,17476,0-255,171,0.980405
6d3584e29f33f918d91d35c2aa32a988c6541c32aefc1f69d93d187d7ad3e7ba,smol-constraints,17970,0-255,151,0.981125
9e733a35e4235405c8ac8e216de7a6a95a16f4e24c804328cb0149930c7d832c,smol-constraints,19376,0-255,169,0.969588
bdd4bacde9b3e5c773349fdaff7364231b708f2897e644f0514279c1fe24b0eb,smol-constraints,19450,256-511,396,0.95265
c00c52649fe4434a8d44633d2824c4ab8f02e9558d9ef0dc407b22b099bc9d49,smol-constraints,19583,0-255,147,0.933335
d6f758abec1366a6978aba68980b6e57de4a78095786d5551047d9442cb0e7f7,smol-constraints,19589,0-255,138,0.964015
468418159478a881f5a20b13faa0f0766a144801fe891ff782f3a6320668ca5d,smol-constraints,19640,0-255,138,0.949614
83a4f29aa068270cdab2a5d58310b3b526cf1b62e6c757f6e8fe77f1fa5889a3,smol-constraints,19773,256-511,339,0.969382
d4f2db4a5793a092ec12526b8b463632614ac08d1383476c8753a3cd43d83f21,smol-constraints,20873,512-1023,522,0.930076
a6359b2dd1e7556b910479e60be6cd5f5480b04590d79e968c00d7efd14657d6,smol-constraints,20901,0-255,172,0.974525
fe3ce602635df6b69a590366211013eccf9425d2655cef81360e6e4282fd7fdf,smol-constraints,21920,0-255,150,0.978023
ccc0dd216d42d694b15d13b006ec1c388a344f12a876cf2ac189fc9d746afaa0,smol-constraints,22160,0-255,118,0.962433
872a17bd4e835446469eb2fab8db8c0c7c69aeb0c6109a6d0a4ba596827b64de,smol-constraints,22225,0-255,184,0.975462
798cccfdc4f03f7a56cf66ee994ae5724fc1d9f2cd3dea5e30eab34af0fff066,smol-constraints,22263,0-255,190,0.963086
ef4bde7791a815a60883afbb0952d60b4660f9367215efe46717daec0a622804,smol-constraints,23016,0-255,170,0.963751
119642a16e9e61530dee1681321d117608830489a4e8c6c881cc3d1cdeb4d528,smol-constraints,23706,0-255,158,0.98511
16c3d69a250bab872da1c192c555d3425fd242488b84a5ba00dbb3fc15cd5399,smol-constraints,23927,256-511,260,0.951796
a00d5d1c60f95a98d67e597793441ed1307be7332984c9a8d686d4f64328bcf9,smol-constraints,24572,0-255,173,0.966508
c373966a38a532f27afa9709ece4890039f7d6a917b974963879499b701cea24,smol-constraints,24625,0-255,158,0.969078
f0b1f09ae3c6d5925c49df76ed0675c7a143ebf2474d5f214c8429db2f835f37,smol-constraints,25956,0-255,194,0.969222
2a2504006cecfc852ccc25b9612aabdaaad2d1885b48900fc7dd62657becab33,smol-constraints,26501,0-255,197,0.967591
ca1619310990e37e6970ff27435c4403427dd1f3b8ee1d74f1ffc568143b3db0,smol-constraints,26619,0-255,153,0.962744
b0495df328e272175bca8a851d7335e81ec2383d7581903793985ab477137440,smol-constraints,26826,512-1023,516,0.940839
37283e2a9abc7df34e60d4923a7b6e493ff0892ef5ec05fc045fb857d40dc24f,smol-constraints,27135,256-511,260,0.957021
066a5eacd4ad8e5919c8a61286804d4edd6509682620959170713eaf917865a7,smol-constraints,27404,0-255,147,0.970324
749c91711a712332588d089a1f262c24eb43279dde2ccda822ecaa22e0b678e1,smol-constraints,27623,0-255,191,0.966031
c62c8989e5981271f16c52666edd69255f3363939918505f73e2a29329f8c23d,smol-constraints,28169,0-255,214,0.963421
d56da6a5ccbabe40675979c8a249fd86d3fe7dfd62c285636e0f0ab020cc7914,smol-constraints,28377,0-255,156,0.979016
7e686cc6c6f18bbdf7dbd95183a42b8f4c0330f0271642a548786ecde6823129,smol-constraints,28606,256-511,274,0.942851
a814d4d3d1a4aaf6d49e572b412d3b0cc4c5264d0db57fb724a65fe855b104a7,smol-constraints,28789,0-255,183,0.971259
080f659d24db9a2d3e475ebe100017d9a053110cb11b677cf6c84fa9548c36dc,smol-constraints,29196,0-255,137,0.977027
891b06f60045ec4c07bb22063dc036ddf7190e00aa78d9ca3748ddc90c494d48,smol-constraints,29330,0-255,185,0.964351
17ba19bc90ea457a38a82a5eb70ddf59642de3275736cdd66236a1398375c6b7,smol-constraints,29370,256-511,263,0.953377
5402b89c1a4e5a0252fddb44200a4b4a67d70f98f9be27645d57d26a2177a2d8,smol-constraints,29842,256-511,277,0.963094
146beb0dc212a1a96417ef4834bd37f78584ab3aacc1a2c7803597b31b19a730,smol-constraints,30714,0-255,173,0.978403
08992f924b996449638d900a51f3e532c8e9909a71e60da16492028dc77643e6,smol-constraints,31329,0-255,186,0.94982
699f0b51b18f18bfb85f2714a36c659464694a7ba6a891475c12c0a3bb0445a1,smol-constraints,31917,0-255,135,0.909967
35da774164fe9cd41abab0892730707da0d369ad6fae1fc0067ce4a14521ed59,smol-constraints,31980,0-255,167,0.979318
812dc5be7643c718222fda399dfeb63d1b9557f79e93aca2d5ff8af56effbf09,smol-constraints,32176,0-255,186,0.96953
989df9b95bb89c84bd3199c2164bbb50ccbd741ca6e535f1f34363c9d402bf55,smol-constraints,32976,0-255,157,0.962202
aa2868488145f67da9a2bb3bda0d9333f1b05052ebf0d991996231b0600bf231,smol-constraints,33085,0-255,249,0.944121
f7055bfc76b3d8f9552d1eeb7027625215b9457e8388524920165e6a11ae1c10,smol-constraints,33700,0-255,183,0.978907
ee7eb77cc7e44b8e9a94f998e7de6ade2424da524722113bacad17a628e6feef,smol-magpie-ultra,177,1536-2048,1800,0.842435
9c9ae2843a3ec77a8ead69447e33b1b4ab025b5c28f0afac576d7bf4bd1ec107,smol-magpie-ultra,610,1536-2048,1688,0.838001
b9d50a6cc0b3c4b0496861ead3554bf45d7230d30cb4d3b62e1356c581c5850f,smol-magpie-ultra,727,1536-2048,1653,0.829816
963968b558ee4916e0b4efb265bb8fe9e92d85832eb1679c5129a9ec43e505ef,smol-magpie-ultra,1006,1024-1535,1425,0.889846
cccd4846225cd044552891443852e1c132183cb30b22cc7bcc4f852cef887c1b,smol-magpie-ultra,1078,1024-1535,1229,0.866529
3057e4852bc76089bd6bbd06c83bce7a202032e0b97b7c47cb1989d5dbe63747,smol-magpie-ultra,1470,1536-2048,1990,0.830674
3f28d2e9948a6fbfe59dd07fa74fb152bae635f57abc41cdc0255e993d8682ed,smol-magpie-ultra,1803,1024-1535,1149,0.878663
591dd5e8608f5df1f6a5474bc835b6927791a5a7f6deda6d7fa9b7b83e26a766,smol-magpie-ultra,2380,1536-2048,1780,0.831998
b3228cc546eb84b87cfeee65342f98e05abdfde78398abb34d91bb9b34976f50,smol-magpie-ultra,2477,1024-1535,1138,0.884893
0eba3f7dee5d2a324e78bdd7e674cee78efabac252691910082da8088a251517,smol-magpie-ultra,4056,1024-1535,1302,0.858749
014ec115444deedc3a1ac9f959b9847cf233cb6490e1dc93d00376461d0307f6,smol-magpie-ultra,4117,1024-1535,1353,0.897268
764f5d1229b36da23305210bc662dc8921327ca32d01ab32d6a54b730a457c15,smol-magpie-ultra,5080,1024-1535,1216,0.904731
a851b60d1b46ee5bb8a0a548de4a0691dd6b104003088d5265b3c87845952730,smol-magpie-ultra,8908,1024-1535,1152,0.894813
d580326bc9409bbc572662331183ec69153521e2d260d35a4ce447632384cf8b,smol-magpie-ultra,10763,512-1023,669,0.895376
801d846eb555ef9e2c4de2b561a9868e22057173060cda0507702a29fff74fdc,smol-magpie-ultra,11772,1024-1535,1423,0.896786
146936d256ef6114ca8fcdfad54cf1fd5ab70666a27105c6d90bb7871262fd8d,smol-magpie-ultra,12297,1024-1535,1242,0.886074
6ae8dcd8bcb13841f6648de7cddf1c38ab8f76496cadfdb971c02ad55aff8f08,smol-magpie-ultra,13486,1536-2048,1699,0.814473
d2160b55ba4bfc72e74606db4e70460624b1bc14aa577d83de78596f2e810b09,smol-magpie-ultra,14068,1024-1535,1396,0.891535
cf2d755f44547baf56e311e6a48851a06094babfc87b8e6f2c79640a7e6a7efb,smol-magpie-ultra,14263,1536-2048,2030,0.838219
0fac66fa27b85a4690f422bad18612c500d3401eee70c7dced885eecef56cb8e,smol-magpie-ultra,14723,512-1023,936,0.910153
ae978c23445ad8f1cba9de08ad24439507a67b5f1bf6f8cf5f6db88ad0cf6f1b,smol-magpie-ultra,15315,1024-1535,1259,0.904437
d1dfb16f99c4b991f10092cc0b284fbd023741437c5df8803d255adc80bb866f,smol-magpie-ultra,15450,1536-2048,2007,0.815008
395ae4d5d260d4023e9a363c7b337d87d1a2c3658394c0d1594d6dbff55c1445,smol-magpie-ultra,15687,1024-1535,1296,0.902342
c250921056f0f9670eb51c9eab34250eaad43a25952c5b53ad27bee1cb72b480,smol-magpie-ultra,16028,1024-1535,1228,0.850955
30fdf369bd97b94e0430175061ab27a62d6531f0834db4798f220beecb2cb49b,smol-magpie-ultra,16395,1536-2048,1586,0.804991
ab05ed3c7227551e5b49e0f566152250ffed00c10802078f98c2560a6d6bac35,smol-magpie-ultra,16396,1024-1535,1271,0.850863
3a7a597ad094e06e8545b4114d4a9b4c4e5174c2ad0816321ef72ca537c9137f,smol-magpie-ultra,16746,512-1023,1005,0.908215
e511516de7deaca0f8449166a2fcda7f2b3c4c5b6255d5c0c4c0372e9d6136dd,smol-magpie-ultra,17332,1024-1535,1100,0.876582
322d70717e5947c5f7b8ffa3be3fe62781272718e70c74b9ed26320fe68fb46d,smol-magpie-ultra,17426,1024-1535,1152,0.872757
4dd48ac52aa14b9ef4d910bd5b05c09a42791f602b3f8bd62d91c47166038bf3,smol-magpie-ultra,18227,1024-1535,1371,0.845767
91926fdc1f07e1f0094c5b18f66ae417417249c5ab171973b9f40211289dadae,smol-magpie-ultra,18332,1024-1535,1041,0.906525
e2a75b61c17126c18cc868dce7c11b9489f044749b0b949fe1cc4373e0b2a53f,smol-magpie-ultra,19109,512-1023,697,0.884867
ce975654c7ece2f591c56388a4444b8798dbdd9f428ae9f1e2e7bbd6a61b2d00,smol-magpie-ultra,20169,1024-1535,1492,0.900817
d5fbc6cc72f8e4d9d27799b6c99f285644fd31b2dd59901eb3b5ec4d9d7b39d1,smol-magpie-ultra,21039,1024-1535,1375,0.854886
326a7265e99a379f66867809a59692a761466e7b50d627652a9715d8b3ce8d2f,smol-magpie-ultra,21376,1024-1535,1402,0.907149
094b5d42d3b569bae6fa9fa9e5f8a6aa80f7539d9cb9c5c4c7cf85728f7d02f1,smol-magpie-ultra,22086,512-1023,996,0.901505
4aa1473c34028d170ffa5c8978b6bcd3199ad0b86df2db1990421535ec9d33a7,smol-magpie-ultra,22641,1536-2048,1631,0.848622
b5abaead21d65db8ead299c59f771506be59f68571d5b3f614032fc974819cee,smol-magpie-ultra,23782,512-1023,794,0.875543
87f3fddadad96d465b8803c34df235d1df48b975fab9512a26ffab9b164d50c7,smol-magpie-ultra,23867,512-1023,645,0.921689
512d00203b83764efae491218705d89064effce3e033f70e5a0f253b724ef6bb,smol-magpie-ultra,24408,1024-1535,1468,0.857458
91f59cf5aceabfe76e55bf6344b803bb8148022a11380ea221e12a539dad6d29,smol-magpie-ultra,24528,1024-1535,1142,0.895864
eedda45f78506d76c4b1c83d90101db37a23647c9bd0dddc97c0f2004ae91108,smol-magpie-ultra,24622,1536-2048,1947,0.820719
32a3ec431b2b40f751dfa792da54cca0cf16f53c7d31c53c6935bad1d01f8039,smol-magpie-ultra,25979,1024-1535,1436,0.869166
b650961c4622a434f382fa8df0cf935fa9d138b3b9ee9d14a6f0a4ba0a99345b,smol-magpie-ultra,26624,1024-1535,1230,0.852972
a1fec9bc3df1abc1b7e4b994bb8a44a398b0d7eb4c6d0e8e6920b4b8b3634820,smol-magpie-ultra,26664,1024-1535,1160,0.90661
10c896fc276dc6521d82158448073d0498ef4e18da226c762d9b7fc23aace4cf,smol-magpie-ultra,27063,512-1023,679,0.922576
d8d631d43442b6be0e2205b776b5b8098d3134340aedf7ff89d8714cc9297b31,smol-magpie-ultra,28413,1024-1535,1379,0.88038
1fbaba350ecc36491ae7c835b3229db596db9327500803f840316cf42cde0767,smol-magpie-ultra,31428,1536-2048,1991,0.801728
90eaf5c3036931d4557eed3e00964acf5142277f9e7cf6c7cf35e25ea4949c5a,smol-magpie-ultra,31868,1024-1535,1149,0.895815
dca636e974c29be73af2ed96f3715122e6b202e5256a8d32f49681a8d7e1b1f7,smol-magpie-ultra,32783,512-1023,1018,0.892456
1523d0fe2bbbbed56c1de3c80131525169df6d59618545436becf327e57da32b,smol-magpie-ultra,33946,1024-1535,1533,0.899572
760773f5d5b7ecb92209aa0b68b4ca3bb7ebba9115164fb6da5004d85dea8b58,smol-magpie-ultra,34484,1024-1535,1393,0.847619
03e7f2b2824b9841900adcb1afb1386cc06555fd243ce7a2f1484bb42e89a73c,smol-magpie-ultra,34716,512-1023,516,0.877002
59dc0f7c31c40a013ef3044d3e422446f5743158cd5f78bf903749da975682d8,smol-magpie-ultra,35880,1024-1535,1477,0.878104
a0be3101850f79c054c010a627e5fbb95817837ef8273288d3664c36f80f2df2,smol-magpie-ultra,36033,1024-1535,1061,0.865897
5fcd863f2d6ba5d9a1635855576089bc569eeb4f4f8d63ad4cbbd2f2a30a4d33,smol-magpie-ultra,36214,1024-1535,1186,0.903794
0ffb41e02f5c2ddbca8919a27e31a71d64226554b173942e01a86a6229965076,smol-magpie-ultra,36993,512-1023,1019,0.893689
553067f8f552e6ae317cf66c17c15c5ce559856a42f0eca4c400208500e24770,smol-magpie-ultra,38086,1536-2048,1631,0.838414
6cacf5d891ff0af59a89caadc9749d36fbc8bb2fa634abf9bb973941a4cc0cfa,smol-magpie-ultra,38541,1536-2048,1605,0.835576
16af766818441f1339f95773f5df447c9c70582004c9f15c2c8c286072e9d863,smol-magpie-ultra,39589,1024-1535,1334,0.900318
2ea7bbc0c1e95de79122e73791fe930af3aee7ed012e1924f0e7b691be1ff7cf,smol-magpie-ultra,39620,1024-1535,1196,0.91149
9edc3dc359923ef275fd743861f4d71f460fd0674c2ad446869e4b91248b2c91,smol-magpie-ultra,40012,1536-2048,1697,0.821918
0e61857b4199b7f52b637e87dfb310ed1b3b89ead8e7132b3d752ff2c7cbf9c5,smol-magpie-ultra,40267,512-1023,741,0.89529
aa245327f51b63c83ce6765c0bd6aa19563f9aefa17b4ee3dd78a66ccc33322b,smol-magpie-ultra,40305,1024-1535,1295,0.905235
d4a81e1b8fddc2a84a3e7a6ee6a46dbc36a0d0f20221f85772566c2c5a5f64e9,smol-magpie-ultra,40691,512-1023,694,0.934976
9e338cab6b7172a93ad1cfa5334f8140b82ef9e8a76925825b6aa1fbfbdcb8a6,smol-magpie-ultra,41154,1024-1535,1525,0.902412
603f999b64e9a95b58c3528989fe354fed32f304c5bc1512bfa094bef7021846,smol-magpie-ultra,43558,1536-2048,1678,0.835912
5d7e044cd3aae274211b199f3f7430c0b1bb673de95f09a022d11748074582af,smol-magpie-ultra,44832,1024-1535,1364,0.899959
c0d5ecabaa10a5aeade571d6e14bde10d75b99a417482349d64a83d4d8704638,smol-magpie-ultra,45657,1536-2048,1648,0.803509
fab16e0c5dd513d885f2cb2a65708a623fb416e481ca0f102d410c9d8c2f8794,smol-magpie-ultra,46380,1536-2048,1695,0.832561
fb3b7a9000d0982a194417a9f073528d8c264185b7cbe563ee0f96ccfa4c8808,smol-magpie-ultra,46625,1536-2048,1981,0.803923
a6ec97d1ebd53e191f366ac08946418f20cae903803dd03b85991173dcc87428,smol-magpie-ultra,47374,1536-2048,1675,0.829108
c84308580bbe9ba2418fc14d90f20baa038518d4b329f5d0ceedf4210c0ace99,smol-magpie-ultra,48953,1024-1535,1479,0.888634
42a34829629fc5b2993d10e31c733b860a0cb11c2e7a677230a4e721891dc152,smol-magpie-ultra,49499,512-1023,797,0.895094
0f3f8ca60b1bedc3118e9a7b3641121558df8443b8958700914c47c8c328b7f2,smol-magpie-ultra,49786,512-1023,928,0.914832
f3e72f20ffa862adcdd0c8f3a73c84bcdbb5f24fa6f24bd2a8382bd322f5f60b,smol-magpie-ultra,51250,1536-2048,1627,0.835311
344078317c2c3cd6fae7d50104f3282ab1e2e52f30c746a8b5b2074e86fa5d1c,smol-magpie-ultra,51843,1024-1535,1168,0.856209
ec0e5dc37d3b30b6e8ceda261c51922a6c893b74108a1126f59134b5598a47af,smol-magpie-ultra,52005,1024-1535,1165,0.900355
e713b528e2a61dcebbcf9797d10a38af25bb2955e1b6098bea8080e2211688b7,smol-magpie-ultra,53431,1024-1535,1305,0.866398
8e1f1017d7da39c252008f6e8337e8d43e57edb01f12de2b3780c69af9b03544,smol-magpie-ultra,53456,1024-1535,1344,0.873416
f93f5273fa686c973af421bde42b4f0e186c39584a7cb3c7f0af7ff1d30f39ce,smol-magpie-ultra,54010,1024-1535,1137,0.864457
cda789ed4d90e818ed928e8ae18f5a0b60e3e0dfdcaf5365c3c42bc72178f4cc,smol-magpie-ultra,54261,1536-2048,1609,0.830408
141ef909a5edb4762c750018822926ed0dac4e935ed60cfb50cc38044fa0f2fa,smol-magpie-ultra,54608,512-1023,780,0.905113
84cbaf478cee8f25eff80b78ceb219e88c3d6c4cc565df0c19cf9c50e84fc16d,smol-magpie-ultra,55481,1024-1535,1158,0.91094
508409581e8e2a32b2faa472b8618b1a50d966c523d604060feea71e58635677,smol-magpie-ultra,56113,1024-1535,1174,0.883573
9d98088f45428a6f245ca3de8558cf1bbae443902cb7570b7d02865322f6d833,smol-magpie-ultra,56192,512-1023,973,0.894924
dbd58cd30f62c16ccc9dbd0742df8bb4ad35fc7d8cd18c8ca53325a81e802c2f,smol-magpie-ultra,56694,512-1023,880,0.890303
afb115d70d3a8c099d14824b38a33874d44255f8cd1e932f57ca0a4bc4d60ee4,smol-magpie-ultra,58942,512-1023,746,0.914849
347664f4a2d2e336e8e26bcfbd7db8671bd8652bed1f580dc752b8bed2ccd111,smol-magpie-ultra,58984,1024-1535,1406,0.894982
b6589c8164fb9bcf94575bd50a1de7acdafcb3882c765dc20447fd218efba33d,smol-magpie-ultra,60053,512-1023,984,0.884716
3ea9a0f0058c651574c2af2b020036d525f670904037971e922516035c2a3a00,smol-magpie-ultra,60374,1024-1535,1127,0.894363
1324ff01b561cb638db4768af18117b3d50e64f7cbfc6f768dff48b6c8f23531,smol-magpie-ultra,61280,1536-2048,1721,0.832118
99106f285f87a4bddf47aab528cda378fd4e4389ea6222b88da04bf47e526757,smol-magpie-ultra,62027,1024-1535,1215,0.84846
1a7c008ddaea335bb9607b6c83207bdeef7b3eccbcb323d9ccbb760b9358cd75,smol-magpie-ultra,62798,1024-1535,1510,0.860569
ed4b23542be01b261b3b5595664df9a3b7daca5d02eebfdfe78c8dc2e81ecffd,smol-magpie-ultra,63224,512-1023,835,0.890212
02cdb4fef29c66fb1a4c3718a9039b9ce3548b8af35f713c3eb264c482192354,smol-magpie-ultra,63499,1536-2048,1657,0.827743
50a7cdef3401a79c7d86e3d8d55ef83e13990a68503edee7a84a5219e005d08f,smol-magpie-ultra,64040,1024-1535,1252,0.880829
e20f2618dc7cab5454b3154a9891f66b0893abdcbacf8aa89959d80fe5d65bda,smol-magpie-ultra,64240,1536-2048,1547,0.800471
06daddfb1d38f2e3116049c0c46d1d36a45073fd50cd5bea16fb4b8651fad192,smol-magpie-ultra,64275,1024-1535,1366,0.888546
df22f89f6fc52572b51b4d4e72e3e581ec7f6ae2addad84d52e0f3eea42b5e36,smol-magpie-ultra,64444,1024-1535,1524,0.887415
966e48795b52cd630172db3361f9b2d1582abf11b4eab576a8908a8e0dbe264e,smol-magpie-ultra,65078,512-1023,978,0.897292
0fea2d3bd800af38f3d4882158f7b7a3caecbc1e1cb09461e86cbf951ca4a704,smol-magpie-ultra,66058,1536-2048,1730,0.839628
f58299ecda7d9c2c4f87fa922625c95d3b3aa7bde6c3a377f39be089bce7188c,smol-magpie-ultra,66281,512-1023,924,0.911073
4eeed55c749d8d0bd6b0a42727bb45b08b497314fe461273a0a8baaceaf887ad,smol-magpie-ultra,67156,512-1023,560,0.926371
82737105c1f81119202148521ad326eb9138c97a56cc9bb0c82738751b640de7,smol-magpie-ultra,67566,1024-1535,1144,0.891609
44723e4835a5a2dd1bc4cb5e1af0f4e628aa5091b0f3a337f136406200eff95c,smol-magpie-ultra,67729,1024-1535,1083,0.869031
2137e55c9a460bbe4c99e205b82832053957523774a1dfa5d0a347e03ffcc1f4,smol-magpie-ultra,70738,1024-1535,1343,0.89654
193113b01a4d3d2157f0ff69cebaefdb109beee5de75a172410931d1118661ac,smol-magpie-ultra,70888,1536-2048,1604,0.809023
aab3b4418a945e4905a059720326387d56462ebaca6c4cc92225f14613c96aa6,smol-magpie-ultra,72167,1024-1535,1250,0.905109
83e2517b7bd8f4c564b1bcf0c6c0cb3d15e808c22403ea5494a0de104bb57804,smol-magpie-ultra,72375,1024-1535,1223,0.869683
2f99004411d50aaba174aa52ef2d770765882ffd45e66220371140af4270e62b,smol-magpie-ultra,72448,1024-1535,1448,0.902874
b78eb368d335006954fd0b5e278fb8d764d7fe05328a2ce30eabfe3c033a6493,smol-magpie-ultra,72664,1536-2048,1879,0.819171
2cb1659b1210a3fa0addfd088f510429d69f2307174147177d9abf04bbbe195f,smol-magpie-ultra,73640,1024-1535,1093,0.906183
a79928e4d9be75d02b85ff383f1611a32eea81e027720401f51953d26069b2ac,smol-magpie-ultra,73656,1024-1535,1236,0.880118
c1748e5c4b7e7195b985319d296058e7286435642dc4cc4520a397c71c62fc7a,smol-magpie-ultra,73838,1536-2048,1655,0.827823
853586e27969527edaaaf9cd1298204fa403fd481db60816ac0120f3f6602d3a,smol-magpie-ultra,74543,1024-1535,1212,0.856623
dfb2c2a7afe0b7a2439410c786e25bdd1aece76dddc5e539622baf2e5b0d3314,smol-magpie-ultra,76003,512-1023,662,0.902772
34733c992d155a9fda0fcbd7566d064b6a6519025e79dab9591b93293fcf3e9f,smol-magpie-ultra,78770,1024-1535,1077,0.891882
f91da097cc2869f552de1fd17d0a4d2f61c6423bbaa5ff9aaee8e8a5d0760217,smol-magpie-ultra,78824,256-511,270,0.939157
7bb5176b030485e57ba17e0727e8fff4690f35cb59e79267ea0ddb47316166e5,smol-magpie-ultra,79034,1024-1535,1429,0.89672
2be94b2b7d2745fc91ff7ff0e1e833ef09469a8460b95aeb95626e28c14646b5,smol-magpie-ultra,80191,1024-1535,1303,0.89758
a7997f78f08a55cc06f3b5e1a0383d21c565494a82bb23681891cd213098d8ed,smol-magpie-ultra,80298,1536-2048,1598,0.828834
d9527c559f4535cee83b7545cbd92aceb7563430092f94f85ec63223baa5fcb4,smol-magpie-ultra,80680,1024-1535,1170,0.868918
61dd989a7da703e522d738c093eb091f6803340ba247d89a1e5821c35c5dc8af,smol-magpie-ultra,80709,1024-1535,1120,0.861345
45e5d2394aa6784bfbfe5fe69453684f6871c2647ba10497f3432ff82df95543,smol-magpie-ultra,80868,1024-1535,1313,0.905896
716c9da9fa35b94ea0c777ccd45f64bc5006fab53442afa75af67d65602e8f66,smol-magpie-ultra,81267,1024-1535,1409,0.857788
9b8acb898400a72c7e01c8d5d15f8b40866a2f9f9dccbea2bc97c2742a02fdd6,smol-magpie-ultra,81910,1536-2048,1557,0.833973
2c89d06df3825612136d847918f311a04ac46c86b4fa1f80c11031b14af7d62a,smol-magpie-ultra,83733,1024-1535,1034,0.885398
31ea30e50ba33a82cddcd9ff99b52ffd4d813d5c3f424be6bdb872913659c174,smol-magpie-ultra,84098,1536-2048,1654,0.822364
8b7a188e0b147bbac61d8d7fe582563c8c0feb6248fd3dcbc93d3f6ed9bcc84a,smol-magpie-ultra,84354,1024-1535,1270,0.905604
06574ea06a1330ea631c42fc12856b3ca0e2544d74d18a3d145eaed8a4528f75,smol-magpie-ultra,84535,512-1023,724,0.902605
c5cbf00b12af3a4d69e72eb86c7875263e65634fddf4f389c0029407358d25ec,smol-magpie-ultra,86182,1024-1535,1077,0.877593
6715a104fc963eb75fe316492f80d056a076f1aaee38f945c47eedae32b0abc5,smol-magpie-ultra,86241,1024-1535,1104,0.907625
2a83c04e288992297af071fbe9a8de031d9a3341c8f19a696911f7be1b152b9b,smol-magpie-ultra,86477,1024-1535,1468,0.884332
73f979bc8329401ae145f7cc93f595defac5251e54d84c5629e1fb6c0ffc4a62,smol-magpie-ultra,86838,1536-2048,1771,0.81309
25dc65c3ee681b2b52f1ed897877e998ab54b49a910017033c449b83aa95efd6,smol-magpie-ultra,86856,1536-2048,1791,0.813455
aeb8065ab4fb9f98d5a00b43441cb9857abc05a59c3a01a6bf1a9d8ce81f97d4,smol-magpie-ultra,87043,1024-1535,1467,0.897781
a583cd9b0c694b97a0345b5afe28ddb533af2dd147c5871c5648f439c4597590,smol-magpie-ultra,87261,1024-1535,1231,0.89515
deec25dca54da470726ea324ff44b0272c227b53991860a9552aaebfe24f22f2,smol-magpie-ultra,87928,1024-1535,1349,0.896469
a96e41946274378d03790cec27b21e5ea0218e13f9d0a6501cb4f98398e92043,smol-magpie-ultra,88564,1024-1535,1124,0.897684
959d186ba9a0ce8086cfe5d0b22f021d612af9ac4ff790d5070325ca8f1b9d1d,smol-magpie-ultra,89161,1536-2048,1705,0.807015
e42272f8bdd0372350a8fce94c2889f5fe7356de6b7450944d397b19ee34853e,smol-magpie-ultra,90216,1024-1535,1121,0.897969
9494176bf45e26c61c7fe6cecbfdbbefb693d2f81759ba2d8413a28cf7bc2c07,smol-magpie-ultra,91886,512-1023,823,0.892357
b9b61de7362da9d9669664d992e05bef88360e59ebf0999e976c0feba0b061c2,smol-magpie-ultra,92027,1024-1535,1348,0.907677
d7efec07a6ac09b38ff6f4afde4ee489fc9a309b7060ad87421d6ed0b90b063b,smol-magpie-ultra,92672,1536-2048,1623,0.813365
a23df7e73bb0e8c2f980ca7a117ee6fd4481885b3c65467037814ac0233822c8,smol-magpie-ultra,93775,1024-1535,1491,0.905204
db98920e7c5fd03744de3c5f279136b2aaa15febede5af2a50f4a227a18ca8ff,smol-magpie-ultra,94032,1024-1535,1307,0.890682
656c49138a0ca432de955908f22c77990a5d40be8eada826b80c0f2baab802f9,smol-magpie-ultra,95432,1024-1535,1416,0.897579
124b6bc0c70002d2d98296630e2394aa591e29b07aab25c671853d181973f604,smol-magpie-ultra,96353,512-1023,779,0.877681
56ad7fcc9064784b93d70b3d4fb4181a67a32710e103785881db649819d309e3,smol-magpie-ultra,97145,1024-1535,1397,0.878488
4fd4a14b1fdeccf70ac7e0da2847bdd85219e25043ff6aa6378fb93dd8e7a27d,smol-magpie-ultra,97589,1024-1535,1277,0.903979
b5a2775d56510fe7b8a3e8dec3b6e0a356ad19811e9b2769757ed655e3191c79,smol-magpie-ultra,97804,1536-2048,1897,0.7988
bb4433c562296dde601cdbeb91eb6c7de4df3994a55ab89a4731496dd9d44438,smol-magpie-ultra,98124,1024-1535,1336,0.907798
5e45a819d6570db0a743846940f6bd44faa2aa6c2a983b5b4cefd4be7d5aa428,smol-magpie-ultra,98549,1536-2048,1705,0.84646
0bce32728cb9f98dca38de7c7fd1e10acb9cb6e35571d8114eebc91f61d479ec,smol-magpie-ultra,98738,512-1023,768,0.922337
cecff64f16bf0a52faa6b47388f2d77b35e79a904cc789b1bc2eb603c5a914f1,smol-magpie-ultra,100874,1024-1535,1083,0.910768
a4cee4e30bb5330aafd872a85cd39c6b32fd7caafbde9cecdd3038aba82c6200,smol-magpie-ultra,101624,1536-2048,1809,0.838988
7b45ed6bcc46ac7de121b1e0f6a472d9ba6eebc1ab2bdee5342d21215b63d7d6,smol-magpie-ultra,102033,1024-1535,1171,0.897635
9a3cd5ab22dfd85d4fa34eaffb99e4f3e0c2b26bccc169d172a1fac2a5c2fa52,smol-magpie-ultra,102134,1536-2048,1835,0.836721
d5bab6de37eb40e3b6a188b9fb0a4e458bbd606a10ad91267cce3a477265f21b,smol-magpie-ultra,102951,512-1023,815,0.911202
6e0f5f51187313c594e3ad9272de385801068530c64281d27cd296cb6b9f5a18,smol-magpie-ultra,103863,1024-1535,1078,0.870181
3b1f829d0539d4ab8f85948c0abc1c623b311ee6a36e393068090623b41b1a48,smol-magpie-ultra,104354,512-1023,944,0.885864
066e4c452ce1cca2db9a62cf9971b2e4ca2f2d293cfdf5be6de53e1be6da62c8,smol-magpie-ultra,104400,1024-1535,1342,0.857366
944ffed0d4093ca440f5ab795785f447764eb3cc86ddb2b323091933cf8a290d,smol-magpie-ultra,104562,512-1023,554,0.882141
0b803aab2993c3ea94d57d0ca8a5d3f9f414c9574b422a0c06379df8a8eca0c9,smol-magpie-ultra,104741,1024-1535,1436,0.871288
b16698b3c79bdf54a10fc7f12d77a3b8e55e4c3914b6ecf72395b273de2bfa55,smol-magpie-ultra,105737,1536-2048,1612,0.817422
25ede05e5572f0e96a5ead0805469c38a81f4672b5db709d34dff34306bdcb86,smol-magpie-ultra,106608,512-1023,961,0.875078
8e019aabc71ff9877cdad4145c940fb1db1c167417203e08f26b7172cb86e97d,smol-magpie-ultra,107836,512-1023,683,0.880258
c62e017016f72407f9b16fbabc0f4408e16956b82c74249f75414a9945e0f768,smol-magpie-ultra,108323,1024-1535,1126,0.896472
a2bf679af3d863499d58ffd9db9b52f6feb9632e2823258f72141adb3a31458f,smol-magpie-ultra,108368,1024-1535,1385,0.863136
5bc66034d9f7e600a1e37ce1e3b2573221f11c2f88791d8a1f0464e3baaf17ad,smol-magpie-ultra,108632,1024-1535,1200,0.902391
0c40ddac279becbd2d66a5a22d31886b1b138341e8c5ad4b565cbf3060504a4d,smol-magpie-ultra,109761,1024-1535,1350,0.884084
11818c30a3cf8a580830577df21725d22ca3f3229b2faa83df50bc88eafb9965,smol-magpie-ultra,110553,1536-2048,1568,0.81902
4d081578a5a51562dec7a7527e28b41a63bb53d25c5556ad51447a9eb16d535d,smol-magpie-ultra,111282,1024-1535,1432,0.904679
813d302bf395dea92f1331dd40064225dcd6b2442d2a9c1c9ed3b827e1052240,smol-magpie-ultra,111339,1536-2048,1589,0.821209
a3a968df325e82a16a7d9d206914e2a394ff3901295ed500039da1015fad3b77,smol-magpie-ultra,111756,1024-1535,1375,0.859433
e18315cbc32dabc22ac4d029a21e4d637d9ae966de7f5d004861c6957c1f1e0f,smol-magpie-ultra,111935,1024-1535,1303,0.904673
575eb2f4470df0b402f3bb90e6f72738db85470a41425ce27ae6d339d9a88a23,smol-magpie-ultra,112074,1024-1535,1066,0.893123
371bfae47ec812ea9e3433500047ffb54472f148ea0fc0c9eb89680c0e11a713,smol-magpie-ultra,112545,1536-2048,1713,0.827664
09e3e4bd8859f10d3545367fa63b3d58713843dab66a023a3b1fadac94f0c7b6,smol-magpie-ultra,113141,1024-1535,1173,0.884092
13646a783399306e06693b06214f3b3833e8eaf5d2a515c6f467983a7d14ba6a,smol-magpie-ultra,113872,1024-1535,1060,0.893617
9921e551c9ef223b54b3a42b95d90d4868d59404cae567ab1d59ae58cf2291e5,smol-magpie-ultra,114217,1536-2048,1683,0.837577
ede9a129b124195f5a0f9e1649f9042e86ff70bce43fd2b3628b566fc22dbddb,smol-magpie-ultra,115235,1024-1535,1041,0.897705
8d94041060ffe2589c7904e4566e747a64f1ba8bb2a9f9eff244c374644cd871,smol-magpie-ultra,116266,1536-2048,1647,0.825543
74ad20e709dcd5ad717e8aeab8dc3692e58a4611f6d2b80eaba6aed32993a06f,smol-magpie-ultra,117541,1536-2048,1547,0.822684
ec163bccc56616007a5ec753f01d5ee74efb9f7ebdc41ee6197481ba87525a04,smol-magpie-ultra,119145,1536-2048,1539,0.800602
2e79337cf2907b831ec71c0e1b0db941f2701b6a84178c45092493c0fd3a5be7,smol-magpie-ultra,119334,1024-1535,1409,0.902987
ab045b5b9e5fdc0421dc4148df18a6cce45a9fec133d0fd1e73911e852bef26f,smol-magpie-ultra,119569,512-1023,522,0.887108
62f8311d752b1ab043a6284f9b0685a65b21ace4609ac4e0a1187e67cde2d8cb,smol-magpie-ultra,119637,1536-2048,1731,0.831578
d3b146e14e311c8320f6bc433efff9cf5d7f7bd16d7054b3b02f957d6927f6c7,smol-magpie-ultra,120093,1536-2048,1724,0.831302
b6c025ee6d6448edc3b45b6bb1e876ab37a4f1ef8304c864b132882add290069,smol-magpie-ultra,120977,1024-1535,1477,0.904927
4fec2c7244b286941a82c7ae506035b1b08183747b11cfa4295d4af633064423,smol-magpie-ultra,121278,1536-2048,1741,0.798049
6287b983b99348c12b8e9217d90099e9d89342ef90883988e5456b8d2bce957c,smol-magpie-ultra,121870,1536-2048,1898,0.813948
d38a7ec36d41719bb95e2d20a31e42776a67898d312468b5f0073469ec5ffedf,smol-magpie-ultra,122613,1024-1535,1301,0.891353
722f7f606827c22ef4f5ab1b1973f52aa38fe9db146bc1d6ed63b16ed69148be,smol-magpie-ultra,123070,1536-2048,1583,0.832065
e088f0de709d6896ed7f43c52235903b38c415adccd6739ff37d7fdd462ae5e2,smol-magpie-ultra,125252,1024-1535,1253,0.899294
446397a1ef346380e6dae3cd1574d24855908e5f5325486277c1fdb0ae90b7ce,smol-magpie-ultra,125628,1536-2048,1636,0.840734
03b7497d08fa2426196c327f548e4574919fd64c96361f41f1f83f4b87d085bd,smol-magpie-ultra,125747,1536-2048,1847,0.839368
435293efdd8db1c7c0dc285aaa07d5fa5ce6f401497357dd332c9aa9e0ad53de,smol-magpie-ultra,126523,1536-2048,1612,0.82905
821e73b5baf1d69617a1d4f529e3919b91b9896ee92afd953a854a2739fbccf3,smol-magpie-ultra,127429,1024-1535,1133,0.868203
5b7d2c9c0586aa51d39ec80bbc46555a282cf0061f9235e93be835f6e2f8b1b6,smol-magpie-ultra,128023,1024-1535,1169,0.880154
e772fd2cddfd59fcc60b910067870607158033233a7075e510d9a8da8b423791,smol-magpie-ultra,128281,1024-1535,1103,0.913866
a182cca3efae74f346b744c2fdd56dbd72ec4f45dd6355979a2ed0ae11674967,smol-magpie-ultra,128397,1536-2048,1587,0.832851
9bbc1b52f7ba6d70934095879fc1f1f86876c15c43d51fb0472dddde041718e7,smol-magpie-ultra,129123,1024-1535,1027,0.869147
b4a1e3cde3fc0e37f85c07c9e2a7521d452ef4f60ab82f4fe3a1337f59a9bda2,smol-magpie-ultra,129885,512-1023,1001,0.899588
c4083a5412b59822f87bbe414c6d26f73c5ba0bfe4a2837a3c59e2f27cf9b263,smol-magpie-ultra,130090,1536-2048,1583,0.835177
3dc3ab351da46e62952c92bb5143ca0ae1f1e46358a9c73e10789477c82dbf37,smol-magpie-ultra,132951,1024-1535,1207,0.887153
39447ec7b7faca79f4b3f9ba555e498196fc7da0e0ab10a44303ff75bea7fdf4,smol-magpie-ultra,133059,1024-1535,1122,0.896839
2c371a40d2d87dca26371135914fb5e2c721e9fcd62366eb0aafc99a6a32b4de,smol-magpie-ultra,133706,1536-2048,1862,0.801394
ccd073390863f9a51053943f7a9a60e1b257bea4a7f2ef69fe29107c85de9e68,smol-magpie-ultra,133807,1024-1535,1044,0.897876
0079aa1532bea8c051e13586c9f649effb2ed60cfecdf4c763009729b2ab28bf,smol-magpie-ultra,134660,1024-1535,1525,0.906323
91eb7514f00f7773c4f82b1a696838262d8bfabfbd70cb9a776b629eca2ffcd3,smol-magpie-ultra,135338,1536-2048,1781,0.823436
f22838ee3eced861502a582bd9ac6475ac316b798fbae0cf8f1cb9a485db9ba1,smol-magpie-ultra,135458,1536-2048,1618,0.837677
412498e05ee3c6dfe0ca1ae4112ed9dc235392facc78a62e848957a716234172,smol-magpie-ultra,135574,1024-1535,1152,0.910057
435cbfbe0d882168e5e231e8730a2fd905386a6067c2b4c4d1631b4e8c4d319e,smol-magpie-ultra,135994,1536-2048,1592,0.837203
236f1694603f988448cf16b046308e69bba6f7b7bbadf0ca3558e73961462e3e,smol-magpie-ultra,136422,1024-1535,1031,0.882113
068d618e584c3d8ee3ea66051bc34682ee990a9154132018070a7fa4cd36fcb0,smol-magpie-ultra,136456,1536-2048,1619,0.839153
38516a72b15bd807de2a6a21a0fa95ed3ef73476d31dc7e4de85f4003e5d4de8,smol-magpie-ultra,136923,1024-1535,1214,0.910011
cc8936b58a67f706209ec642aac65d2eda5c003e6362c0f56818d6058fe7f2bb,smol-magpie-ultra,137181,1536-2048,1640,0.8313
dff8a8a939c7ffc38638dbea4710c3138263e4cd5983cbe1e70fda330a1c93fb,smol-magpie-ultra,137203,512-1023,767,0.89268
38d93e0d970211da4c8230eaa337f2212562fb23aa4ec410f319dd5e2b02d3ee,smol-magpie-ultra,137235,1024-1535,1317,0.871579
65200b54c5f97a3bfcd31104e881a6477bb7790a054f7f72f0a7373ae89e5aa2,smol-magpie-ultra,137731,256-511,260,0.932951
8d2e619f988f91e455fc53b5b3b405546e0d9499a2b9e03a478066a7b262d182,smol-magpie-ultra,137851,1536-2048,1778,0.83884
e011e6f1b6a06a46e3b1c4e166e3651f66c65ac37c73ed420ffe5a8d1d886be5,smol-magpie-ultra,138848,1024-1535,1241,0.857606
d4a76b6820ea4cfe4a669d1b2e916413f3e361a8fee7da9d10946d4686e294d7,smol-magpie-ultra,139257,1536-2048,1575,0.827113
3517beafd38f6de242662a49279f65a452034e974571844907c41107db788cb1,smol-magpie-ultra,144749,1536-2048,1569,0.81736
3f38ea43ad05d3f956f1017678a6848f58ae191f82290a6ebd599fa6aa919bd4,smol-magpie-ultra,144780,1024-1535,1112,0.900509
1cc07623f94e649a8574549d0cdebe1ebbe5b230293d1880b4ceded17010b8e9,smol-magpie-ultra,145139,1536-2048,1724,0.841324
06b6eac8d724308c8bcc0eb6dfb347f0d4ca05d5861ec1ee2176aec99fa8a1d0,smol-magpie-ultra,146272,1024-1535,1495,0.902159
c10c1d56131b4469a1e76e284267944da161a9654eadf2d1f5594e565f8c8eb8,smol-magpie-ultra,146783,1024-1535,1075,0.912407
c166f3116819b0ae88e2f347b81b41e0fbf98c2f2d3e3c722339892384ebf15b,smol-magpie-ultra,146959,1536-2048,1693,0.832939
3250b571de8379b611af8920b9c8d18ab350583e490404b3fdfdf374434b44e0,smol-magpie-ultra,147080,1024-1535,1155,0.87429
f519a3af2da60fdff01d452c80c5f6645179443a57960535851c999a4ef11926,smol-magpie-ultra,147744,1024-1535,1509,0.897255
1ab3913e92b5fbf16eafe33cd14ad9b84b083f55d2a35ee311b978691988337f,smol-magpie-ultra,147876,512-1023,932,0.896173
29c31d676a712bcc58a17de7345e500173a597e04e36eba4fcdd2a0748e64155,smol-magpie-ultra,148066,1024-1535,1187,0.894881
21a81bee9f284c8e4c418bf3cd54766cb86d1dc6ce4ab837d760826d7d442ed7,smol-magpie-ultra,148824,1024-1535,1263,0.866746
d9b124afa8031abf8ce3979a10bed8fe5a3517b55558c36afba60ec7fd5e2abe,smol-magpie-ultra,149406,1024-1535,1038,0.869091
d9b3e152e85bbbf4cacc4281326cedd63499cb554e601da2da5e309c9126472a,smol-magpie-ultra,149835,1536-2048,1664,0.83441
5ca197d3665e0169a23ef51dcc5aa7087103785e27315537a274803314a1a5ab,smol-magpie-ultra,149886,1024-1535,1416,0.892782
884aa439fee661d42f1161743bf4e29ac91158c1e7559899b790281bb4307aaa,smol-magpie-ultra,150527,1536-2048,1568,0.833742
f0214cec01592ea19e10884b18651d566f969f2f06c416d5ac3ef29a5608de91,smol-magpie-ultra,150642,1024-1535,1188,0.90127
77f9f9a9530c066c7abefa8b143d75e5e18f43fe4f696697cb8b5c289f1c8c09,smol-magpie-ultra,151085,1536-2048,1643,0.838624
08fbc0ca0f5d5f531feb1207aeca6671b45a5f4d3487ded1bb232bcfd2afd294,smol-magpie-ultra,152181,1024-1535,1338,0.858286
1a479935ba7ed57c0d0eb4b0ba72a5f92b7eac3b9aea9213e2d9e2dd1591094d,smol-magpie-ultra,152368,1536-2048,1727,0.831537
05fcfe984d7e002216a835b798c473e7c6d8cd559819d10921eee56d982cfe61,smol-magpie-ultra,152641,1536-2048,1546,0.828346
108070312eed6de7a987b78135b8eb60f5c4b548607fbf173bf69e4cc3888005,smol-magpie-ultra,153190,512-1023,1004,0.896605
9cc7fc5ba645ba628afe85994c26b9bdbb9145227454a4c08aabbe0cc247597e,smol-magpie-ultra,153817,1536-2048,1689,0.846237
f75c4571d6a6dcc80ba536b9928bc95106ceb7beb04510d741e8061546694de4,smol-magpie-ultra,154680,256-511,441,0.899179
6244c271f2fd3d7fffc5a7d6489882bb32e68d2d960d00db15242ebe91051993,smol-magpie-ultra,154741,1536-2048,1595,0.832264
cd7cd945d486601cd7b1687a6ba290bd4d2529df5aa24a49b115c0b7cb6cccd4,smol-magpie-ultra,155757,1024-1535,1213,0.892067
4b8ac52bf8850139589d078ece8e1add263e7818684fa1c5a92f221da8831e70,smol-magpie-ultra,156166,1024-1535,1230,0.869863
69e92ee551081f99192e922eba1c581354e0ed6277d9acbc8c1049e5d73f1832,smol-magpie-ultra,156656,1024-1535,1361,0.880504
3f0d42586f784aa214b61d79034d7e7fa205119a07e4a867093562c873802480,smol-magpie-ultra,157142,1024-1535,1091,0.902781
dd1ecf0b1d24aa086c86cabf47b05f1e86a31fd3cee2adf54f700e9169542ac7,smol-magpie-ultra,157288,1536-2048,1981,0.81556
97ecbed38061b1c2c97a7804b616ee64dc2668e700aee2dc3ba1bedac959248e,smol-magpie-ultra,158483,1024-1535,1421,0.869223
edf0d9cf05871371a699b65abd63e18c9eb1b6d279ecabb6e2b6a61aa268d9f3,smol-magpie-ultra,158724,1024-1535,1297,0.892003
96879ca444e026ea1f5723fa5d1fa2a870c9b98263924e245e5b248107162a95,smol-magpie-ultra,159526,1024-1535,1367,0.902907
e8d8e1058b96ac52698ec8d7d4d397353b0f711e2a886d6a319856a3f93b45fe,smol-magpie-ultra,159815,1536-2048,1561,0.845739
4b38ae6eaa26151152151517449fb1f7566bdaca36eaf98d7065fc796e81d1f2,smol-magpie-ultra,160205,1536-2048,1737,0.828882
e6ff599d3063934f7ac5c6969b82914735ff03c3e502caec8ef86e200a985f6c,smol-magpie-ultra,162267,1536-2048,1566,0.842318
45ce7c865c711269c5c889cfae7e6701a6baa585fc58977eaab086de211fd754,smol-magpie-ultra,162838,1024-1535,1464,0.870579
c261c6ecc3e6f72a186d86e9882287e2ea17e2299b6b18516e9bd21a7672923d,smol-magpie-ultra,163038,1024-1535,1330,0.871346
192ba4eb2fd5fd5154726e7a7a05be19cdc29f9cc7b038bbc7d6893970733bfd,smol-magpie-ultra,163181,1024-1535,1422,0.900247
1e34d6a9b0facf9dc4049fc234221baf7665e903d77d0300c287f715ec300dc8,smol-magpie-ultra,163487,1024-1535,1306,0.892701
f09181baf98834e4f4061a41c4ab88c4093c002c01abf77516b5041a4aad61b2,smol-magpie-ultra,164996,512-1023,937,0.875696
9ea1d535195cc346b4d1548cf5c4634f264a09d24ddfa1e09aa7b378867dee96,smol-magpie-ultra,165700,1024-1535,1030,0.907576
70072bdf9a914ee24c2eaaa78e20994e0e4d5cff01786698ea78dfdccca578d0,smol-magpie-ultra,166299,1024-1535,1108,0.903091
c38e3e92f0e310564f4b36810d7f8429467e01221b534acee9e6ef9bfb9fcbc2,smol-magpie-ultra,167035,1024-1535,1447,0.888052
9848e55538ad1c2151df32cef564283457c2dba61c6af04daaf47657bdb67287,smol-magpie-ultra,167694,512-1023,875,0.88067
12e45bc3f94f8de704c5926c5835097fab7553a2a44b6d64b0677efb76a9a375,smol-magpie-ultra,168544,512-1023,970,0.903102
aeb07b65cf73d3ffd180bc773cf8e834bc214803a740fe4d4b78d547a9d282ff,smol-magpie-ultra,169368,1024-1535,1169,0.892128
47bd7fc7e560767f7688ec504592ffe77060ee93f6a340535b38623e11bbbcd9,smol-magpie-ultra,169787,512-1023,533,0.924261
ea9d8884818ce058b0b1452de669bdd83c26ae885316ab9cf57b60c9395cb977,smol-magpie-ultra,170004,1024-1535,1190,0.902072
198380064bad9b918aca512bb6843ee7b51a0f34bb26148b9733f2221df05af4,smol-magpie-ultra,170147,1024-1535,1320,0.849825
43e804a85a1f37196a9590f3ee2d529a9d1a062ac41679feabdb1350d8c2d7b8,smol-magpie-ultra,170179,1536-2048,1644,0.827786
d2902c6d1da1391caf4c107bd5559a845c2ff3235ccc2f01e5963d0b5fad5664,smol-magpie-ultra,172478,1536-2048,1975,0.827741
4c631c151058d79b125808985ffdf8b1f23e33e458bdafd58be953e3ce25288a,smol-magpie-ultra,172497,1024-1535,1064,0.878618
54641bced2249e02ccdcc0d8c516a88b35a2b5c14dfa49def4da48c67739a182,smol-magpie-ultra,172522,1024-1535,1126,0.899396
6c43ccf92ed035189f52ea7fbf463a7fd69cdd6301d250180012875fa6c71357,smol-magpie-ultra,174095,1536-2048,1725,0.816964
4a3c7683caaed79f96143b421bea1e1c98f159c95d64dea1b6ba6f7d40eda35c,smol-magpie-ultra,174876,1024-1535,1065,0.893555
f6dcd9f17a8971e406f8ec43779c4a1474c9f1f09a586463d0dd2dab50251e30,smol-magpie-ultra,174988,1536-2048,1594,0.835348
8292dd21db6e9374cffb24335a1bbb6e45179ca6081c33819101ff2bbaa8e05c,smol-magpie-ultra,175431,1024-1535,1209,0.891357
ed166cab06de19a0e01995da669610baf8c8d29cdd39cd3f710dd2920e573f12,smol-magpie-ultra,176290,1536-2048,1758,0.839347
9da9a304a5abb85c6fbcce6cf87e97f9329fa59c56d539399705e982421b5cc7,smol-magpie-ultra,177000,1536-2048,1847,0.818419
00d26101a396e3f24aaa4f4af9c8f32bca01d8a9ad646088782dbf533bdde359,smol-magpie-ultra,177685,1536-2048,1962,0.798051
cf6e083e52e2d7e93196855240789333f6052e3d7193941489c3e1ba9aef1846,smol-magpie-ultra,178238,1024-1535,1308,0.905351
b1ab24b30a20ea2157a72805be8156d3e4bd346c3bee0e1ae9dbd24ca7e7f910,smol-magpie-ultra,178819,1024-1535,1492,0.906841
f31f508e7b9ae7bcb3ee2ff6c092f0fd3aba9a829902e7075207ff1aafbe7820,smol-magpie-ultra,179022,1536-2048,1574,0.829233
e7cce726dcfdec31c30bce4e4ddfe3b087809be5bc7a496698fec77978f62a77,smol-magpie-ultra,179354,512-1023,734,0.918025
a7b502f49f2a4f79c56f8a6d947c9fdf99a5b9199ec700a102013bfd59f1a50a,smol-magpie-ultra,180559,1536-2048,1721,0.792038
147348398619e75f7ff14f1d1b092b443ad219806d6976e6bb08a3bebf776e95,smol-magpie-ultra,180647,1536-2048,1615,0.839649
03711be06dfb32241736a5d4cf760d1d8431cebb7a4b0691f1e70f26cb41c966,smol-magpie-ultra,180772,1024-1535,1379,0.896665
5abb62b40a95087d65760961c472ae1b47057b5aef0e2eec19b923b034ab26a4,smol-magpie-ultra,180793,1536-2048,1918,0.808343
6ae2af7ef03e1032c1bfe32926ca8b95ec1bfb38495d777a15af8012ff9acaae,smol-magpie-ultra,181131,1536-2048,1861,0.835638
255685339f2ebed81972d0ee66ee4e1c06b1d2e15e6dd713a675c7436d9b682a,smol-magpie-ultra,181544,1536-2048,1536,0.88922
1d602bb9c0fafce8a18fb08f1b49fa99a2be0d3a8316a37fd9359c2ec6bd24d9,smol-magpie-ultra,181898,1024-1535,1487,0.899392
c1d80a5ec2570f829ef671e0f443afce2f5057db5f06939b2b92b7e207dbd5c0,smol-magpie-ultra,182340,1536-2048,1774,0.826469
46da708a41e08d3aa911d5c91f202ccfc563f753c3273d3e5bf12dc8e31cf0ba,smol-magpie-ultra,182564,1024-1535,1100,0.898291
d60daaa990d3a240e63c649ca6e34370e52c0e17ab2788cbbd6c2a3860f2bb1e,smol-magpie-ultra,182781,1024-1535,1272,0.871866
cc961e65ab7b36cb03731e3d736ad6c4beb4f3de7331e837384fcd18ebc0fbdd,smol-magpie-ultra,184408,512-1023,917,0.843818
74e41b4f0b28ed7def9c790feeed365c9c70e39f350668f918067434551e1859,smol-magpie-ultra,184409,512-1023,689,0.927569
fcf578fe9205e5b42fcd33284f0813c297f70455fbb147be5b668c52a4b977ba,smol-magpie-ultra,188377,1024-1535,1187,0.888803
ef32ef12cf660762b14f91786a69c4e922bd0c0c09060141a15020bf33c6e8dc,smol-magpie-ultra,189912,512-1023,793,0.885719
73bc01e6c57b05f10de334d5af7ae9f4ea6a382fc85a8173da6611622bc3db96,smol-magpie-ultra,190032,1024-1535,1440,0.898868
d7b9548d191a613e576d292c11362772446fdcf12cb3eccff148b3108f79fdeb,smol-magpie-ultra,190187,1024-1535,1039,0.904239
bccf221d643002027e15f161422e72c13cb80488c5e52889ed34cc31ab970aa8,smol-magpie-ultra,190236,1536-2048,1543,0.818429
b0b4da7271ebbbdd3f9f198e3dad8bf1adc04022a16e650efb8c4ad5c658c797,smol-magpie-ultra,190649,1024-1535,1411,0.896648
33393095125ecd1e9e175327357b2af901d10f2f3d7be31d8dbc2bbf4898c2c5,smol-magpie-ultra,192197,1024-1535,1111,0.873572
fa88c72598cbba986aa022530662a2c828abe0b2a819c4ecdc170eb2a897db61,smol-magpie-ultra,192773,512-1023,763,0.892695
e4d76cce9b8f97be70501baea1171007ce61816712354776ae602fe343306e07,smol-magpie-ultra,192898,1536-2048,1569,0.821443
86635d7c3322d700148a28015b3121a1605e9b18b09772e0e50695cb246c6e0a,smol-magpie-ultra,193653,1536-2048,1717,0.820249
552272522e5d0ee7eadb28c595da242181713a3db4f3ab956ed10632c105b3d5,smol-magpie-ultra,194330,1536-2048,1704,0.811399
f5391c91af991cbc4fe4e76ce9052bde95e5586546ec83119a88d4f813cc644b,smol-magpie-ultra,194365,1536-2048,1618,0.826735
a9724ed80bfda658e2c11723c4dba0975e958ad131ed8239275414fb671293ca,smol-magpie-ultra,195187,1024-1535,1270,0.849645
6adf89a3798a7331e0e34c24d756deef9e9861aea7d7be13722d1481ddca353d,smol-magpie-ultra,196036,512-1023,569,0.919418
cacb027d51d5b4f47b160d06c5cd51418ea437fbaa7645495ea724f69bdfc965,smol-magpie-ultra,196077,512-1023,909,0.883832
79171bce7cb70f475661c64866f257db6d2e33b23a4778d4be3e9f2a779caa85,smol-magpie-ultra,196335,1024-1535,1333,0.901711
bb6842ad1944c828b113549c552d3a75216894457c9b84f5b65845b6ab65adb1,smol-magpie-ultra,197498,1024-1535,1420,0.859695
0989037d0a39f555b6b86e3bfaba97e4ac3328e5a82c8a468a43b0303eb1b7ad,smol-magpie-ultra,198200,512-1023,702,0.907349
b6522847314441fa5ce9bd7d681830f38346e83295e43a65fc9c1f90f1cfa890,smol-magpie-ultra,199982,1536-2048,1608,0.828581
d5bbb660d8f0da66f2225320c2d2ca381e48c24b8d549ca56144886038717bc4,smol-magpie-ultra,201249,1536-2048,1616,0.826341
324bb4ea73bd41d8c885f6e3c883241ab90248235d4ed1c0e7eded5a8be47c30,smol-magpie-ultra,202151,1024-1535,1037,0.90407
fc50b58d9e403fd2bf113e9c16c468d6809dbc1d922675d7d352828b18f20491,smol-magpie-ultra,202295,512-1023,701,0.886403
1c51a678e512ca4dd220204002f5b9d50f10c502ad0d56b8dd56519fb4b9fcb7,smol-magpie-ultra,204166,512-1023,888,0.894946
d5a411c613d7ab84adfdb47b12d6a4d9a874c66848bb02eaa8c97f061b1250f5,smol-magpie-ultra,205431,1024-1535,1467,0.879603
6f87ce3efb9619a54c4cdc2f8d0d453b3484fe3232f43c61bcd5a29e7a260135,smol-magpie-ultra,205434,1024-1535,1137,0.89313
9d97a052f0cb9abeeb41283fc2fc3cc3027e30c5be6ce511e1327a553b158d70,smol-magpie-ultra,206538,1536-2048,1642,0.819463
7252a4b1e481a4d8187724e741944a87e8dfc3285cf402ec6e357118469584e5,smol-magpie-ultra,206892,1024-1535,1068,0.893654
2dc9928b2a5dbab3e783eccf479c240ee4ebca3012cd5bc413d7f4841dad14ac,smol-magpie-ultra,207537,1024-1535,1151,0.907766
cc087a44c6a1da68abcfdf4653630fe0f9517a83d8da5dd37466d16cfb36b633,smol-magpie-ultra,208492,1536-2048,1569,0.846828
65ec018608e9ab429f7cad48c24e019885349d012c41e08140de2f7f676e6755,smol-magpie-ultra,209145,1024-1535,1323,0.887788
1d32d34cbb06109b96933d672200b58a39a096620447a1524d84a425bc0f11e9,smol-magpie-ultra,210649,512-1023,911,0.885614
cba45b0fdb8a58bf66d00bdf9c4d30b5a1fd68f04f662cc843bc99c856f5210e,smol-magpie-ultra,210824,1536-2048,1727,0.836598
00696d23b02d3f9d20aad751baf04ce7bd2c957ca08485cdeeaa1b2c12b6a3ca,smol-magpie-ultra,210837,1024-1535,1256,0.862799
c9f3174c4e1600b881d4d0dd2c40de5fdd6e6a796d3e2f144794b7fbcabdaac1,smol-magpie-ultra,211265,1024-1535,1363,0.896789
677c1f0035cd0d91a2d7ab19ef87783de6a3b425a089aad975b0133c69f9437e,smol-magpie-ultra,211505,1024-1535,1327,0.861623
b003200fd053ef9ce7599a161b49103983051f2440e52a579d67fe07b16ad2c8,smol-magpie-ultra,211857,512-1023,879,0.893352
1e97b134df05b5f037d5ff021b56aabd982002023932c196666ff0834b71f453,smol-magpie-ultra,212896,1024-1535,1433,0.883536
cf882c3d018cd18f4451f5d8a65f4443d684f752406ca24ac22a3f98aff24222,smol-magpie-ultra,213156,1024-1535,1182,0.876906
bc074beb8aeb34f6847932ff38ce08bad7ae2469892fe09a17fbf6ed8d6fa293,smol-magpie-ultra,213272,512-1023,741,0.918889
23cf6651bd27976491cefa731a5301309b092261115bc6bb71e9449590304892,smol-magpie-ultra,214751,1536-2048,1622,0.842314
3ebb08b7d485b9c6597f2b9e5cefc6d9bcc1ce068182a7a9b3bd704b2ad096f1,smol-magpie-ultra,214895,1536-2048,1792,0.836056
93ecca381a3d5022210ea272e3a3a1830ff54e2c252f843f741e1c81d63ba506,smol-magpie-ultra,215727,1024-1535,1428,0.898611
92202ac7a20ef058cd3f132c8aa110ffa02f16ff310cd36dcafc5e68f443ad6d,smol-magpie-ultra,215915,512-1023,1020,0.919716
c4f15b542e4789a71b205df7ae47b86a1f27076478b242876038cdc26f2a1cb5,smol-magpie-ultra,216338,512-1023,701,0.876191
92053eb75e32c0c4f1e780811b1187ca6a1ed14b36889b0f41b1be767d309b38,smol-magpie-ultra,216770,1536-2048,1567,0.815582
46b8df2065d9400706a12c6b047511936050f31e8474de8b199d88ebef13da68,smol-magpie-ultra,217147,1024-1535,1361,0.847501
d6ba9d7d3f5b55a8cdb9616dfdfdad46326e04cb3c69b24f5c6f31112469e69f,smol-magpie-ultra,218598,1536-2048,1693,0.822296
e74ff8c3520829e3978ba44739add0e5bd1355ef5a9e64be156a5a87e459fb5c,smol-magpie-ultra,218907,512-1023,761,0.891379
c8d98b24c86e99f092d0b619e5d719cf9edba6ba0e194f7d087faf4f70b3cf04,smol-magpie-ultra,219315,1024-1535,1197,0.863713
5a5623560340720178efd613cfb6478b31664da49f7ab650564ab330192a95cf,smol-magpie-ultra,219743,512-1023,776,0.891037
c514af61117c7ebbf0b0047f98a6e2b7008cd219a4bbc2a606680276100319e5,smol-magpie-ultra,220097,1024-1535,1278,0.874899
068eb2daa37b3b13703be31dbd19fff3be46339ec8315e8bc2f8af7a04579c62,smol-magpie-ultra,221181,1024-1535,1215,0.89474
0af5f725f987f851ac1ba6aea23d06ae9e94cef52bfdf211d18c48cd362f1140,smol-magpie-ultra,221809,1024-1535,1277,0.902996
e01da5e05beabc5b86088ca7c9555b492cac924ed4ae0a3563d2fd1edda027dc,smol-magpie-ultra,223112,1536-2048,1774,0.813603
35f03ef3517b248a4aac1b736b668d8853d218b17534b8dd4a7e2f20ae95735e,smol-magpie-ultra,224186,1024-1535,1312,0.857691
7bca305a5cad6a11fbf407c54942bfe1388d7a5c061e3d6a0323b52e56f97139,smol-magpie-ultra,224398,1536-2048,1780,0.806891
fd335cbb98441f58359a4343f244864241489cb41edd0edea419dfe82678cf46,smol-magpie-ultra,224972,1536-2048,1539,0.836963
19fb587358941ac4632f28676f295c9071b213a2d061366f5225c6ed027cd2b7,smol-magpie-ultra,225033,1536-2048,1647,0.83649
148b7e131800d0af1890fd64ffb089f33efa9d219f3c0a06f23a3b463eebae84,smol-magpie-ultra,225903,512-1023,591,0.911946
974b89a780bf9d20827a4ba2cd856fcfb517d44569d523a28ab7f10f20a304ed,smol-magpie-ultra,226783,1024-1535,1203,0.868151
af9ee854ed128409426ac1988f2b2d6e0e9cb894ca6ce51d5ad557e4d71f32cd,smol-magpie-ultra,226990,512-1023,546,0.887539
9e2998410fc667c76d4202dbc486927707aaf185aa705cc365656f59a78ba32d,smol-magpie-ultra,227693,1536-2048,1614,0.835365
2f3d782c6db2a8a79b7a48ccccfc47114a51ea818038d22fa320c3fe8f6beeef,smol-magpie-ultra,227895,1536-2048,1902,0.842793
94a79686624d573693a8f36440c9661d3c6fd2b592d1dfb3badc7d3e45ad0fc8,smol-magpie-ultra,228917,1024-1535,1096,0.873523
a38c614b4d48151a69835fbc3f102f2e5c8719fec8846e707238b97db20728a9,smol-magpie-ultra,229559,1024-1535,1051,0.895582
9071a0aac84b8d0165d8d25c7330a4508054bc1e40f527a643cc0e398c70e3bd,smol-magpie-ultra,231076,512-1023,950,0.918054
b9505bcdc4549bc355127c0f52ef50d1af5dd8c4664d0395aff2e50d4f2a88cf,smol-magpie-ultra,231092,1024-1535,1356,0.898501
c5a92ed07e58080a0d74e8b8c88f0adea5924d8fe90ac8547b0a0b4893d98b0a,smol-magpie-ultra,232511,512-1023,898,0.879406
bfeca96d504b88df7a2d5f23606f8d224e719584d9bc7d81311b5d8bc4fe1a47,smol-magpie-ultra,234023,1536-2048,1548,0.839926
0e8680cb9296fb79c403dbb56b045aa5f6a81d316eb4d4f5654cd6c71eb8c355,smol-magpie-ultra,235095,1536-2048,1678,0.811754
3151a65109c881d5e41709d72f0ae6b0cada5e0b74fde69adf52252cf1841fa0,smol-magpie-ultra,236067,1024-1535,1465,0.879091
faf363747abb82d3ec1d3f3d59518c9a797eac602a19851c17e8f5eb573a2ea6,smol-magpie-ultra,236099,512-1023,681,0.872969
7683ee466fd54f500bdae7cd1c8829486af8b49a04f0c4bb36cae2d227f33fad,smol-magpie-ultra,236408,512-1023,1010,0.905483
ea768375bb65bccd48ed9ad869f1bdac0a434044fc48bdae8e92875c3ed9e896,smol-magpie-ultra,237699,1024-1535,1042,0.892625
9d2fad7b2b8ade41eee34b84f244e83cca38da8dd705cfc735f65587923754fa,smol-magpie-ultra,237776,1024-1535,1413,0.844466
b02a328db2dd071269edafd8c7056f4acf57429f7f679d668c6298800d4254cd,smol-magpie-ultra,238389,1024-1535,1457,0.895362
88b1fc7429e019452f6478f66e5c83d707e9156aab3eeac9aa7c19b7d0eba5f9,smol-magpie-ultra,238537,1024-1535,1094,0.842341
61467a8e31579e8ef242a766860b61df3ae2a33413858d7fc7199ac84ffe61f7,smol-magpie-ultra,238564,1024-1535,1375,0.89647
e560cc83f13c7d281244a895a48ee18e9261d4cc82005208ed88da03f42410bd,smol-magpie-ultra,239382,512-1023,913,0.889346
e6fe6538934c3408afabe646c74b2d02476c897e7824773fe8fef269ca461011,smol-magpie-ultra,239848,1024-1535,1413,0.895064
096d708a4063c5fcaed737f4874e47b0b0bf46b1d4dd722e8bfdd919028c2347,smol-magpie-ultra,240674,1024-1535,1144,0.909402
47d2b780bcf5f0b38c5be5e8393bf3b81b9d3831c0a4621896f89830a2b10ae6,smol-magpie-ultra,241230,1024-1535,1507,0.855354
40de27b1a1daa0202b764f6b385d4b1cb54f37327052e9b813f16376ab0c6fcf,smol-magpie-ultra,241679,512-1023,774,0.880643
fb80ecb20889bd57d7a3ed8bf129fb538e6be1c762c94aba9b07876cc689a26c,smol-magpie-ultra,241915,512-1023,898,0.898904
4fb6b1689775d9b894e16f3651765830f4b3bc28f3da8ce7790967f14cf272b4,smol-magpie-ultra,242242,1024-1535,1303,0.900108
ddb8881d4d6160e350d3c21caf427aa5e2bd72388163ab94918704ea0ab467ad,smol-magpie-ultra,243647,1536-2048,1559,0.836818
5371e95f7d87289b32f795dcc1cd7324c1480dfbb6905e1d19ffcbe9f2fea4d5,smol-magpie-ultra,243978,512-1023,521,0.901887
9374506f1cc60845c121a4c4b4d582b87f07792afa2ef672fba9103745511fe4,smol-magpie-ultra,244357,1536-2048,1731,0.828031
a7d656b50fe2a5192e3b59901e2349d33c9b14d34803e142475e54e2fcc959c4,smol-magpie-ultra,245784,1024-1535,1421,0.900145
5a86c023dd33b5f882f7dc6787a9f349e86b0fe63d97370daf5a91202995f8b5,smol-magpie-ultra,246210,512-1023,762,0.920676
4cbba44102f56d1777bdb58f1b3c9c7876c65bd1f9a3b8f47608df25d265f1af,smol-magpie-ultra,246499,512-1023,643,0.889857
acac7da7df2c086b1a5d82d0c6616f5401cbe6cefaf4b857a77d09a015aaeaec,smol-magpie-ultra,247654,1536-2048,1934,0.816267
d885c30cbad366a3029f8d81e3cead90091ff4a61c735f52474f8a6f8dbb9ebc,smol-magpie-ultra,248323,512-1023,1003,0.890455
faec7585129436b8c99efb1d16e7f4a22059ce7057dffabf4a915329759bb03e,smol-magpie-ultra,248897,1536-2048,1572,0.839042
0987b99803e7d45311a768d374b4ef30f72f5b4d65ee2cf8457055023812f7ce,smol-magpie-ultra,250817,1536-2048,1576,0.831936
83f64d21d52c8f10ac411bd0b7595299e44a8413edadf2e640a2a50f6ffd7cfb,smol-magpie-ultra,250867,512-1023,972,0.896084
0244527562da06f5d6fe3af62b42a4b2f9f6ccc1659351abd60a8d59afcddef9,smol-magpie-ultra,251668,1536-2048,1746,0.806407
b51f6dc005829bf8647a175f40f1bb7bffe6380737843518142e99625360ca10,smol-magpie-ultra,251906,1024-1535,1220,0.898782
429d5915eb8c4f6455c39a4842a45676068695e30dc44a2be469cb45bbeabcde,smol-magpie-ultra,254391,1024-1535,1248,0.886804
c9506d090e82f730fc081be000f8552c97dc537b7c02c13a99b7f9177ad1cdbf,smol-magpie-ultra,255023,1536-2048,1668,0.843939
adf38e19ace564e2476228310e4803f358292fb9b54d85f52755a44c07ccca0a,smol-magpie-ultra,255280,512-1023,686,0.892603
636ef76969aeeaf46a826719348d86a3f7bf5d435e5f63672c44ca016173f732,smol-magpie-ultra,255290,1536-2048,1610,0.844511
629c16a2faffd1f0b446340a9c3e2c9b415ce962c95c5869f1a6a001a45b15f4,smol-magpie-ultra,258038,1536-2048,1757,0.819217
bf5147f8e617d8cd57c29b408b023c9e1320cdea6b2d072e2e9afde8a45cdbc2,smol-magpie-ultra,258515,1536-2048,1744,0.821186
30b777fec475c241d85c6f8d174710ecdacf9d9a419bad921fea51bb7ae7a5cf,smol-magpie-ultra,259582,512-1023,710,0.910729
74d1e7b665a6bc707a515aa774b0a6f91ac5c251ac746987197501d7416e0bfc,smol-magpie-ultra,259934,1536-2048,1551,0.829426
cceeaa1fe7d820bdf418ab2c1fff493a5968079e54b65bbe51d7a63e998ff054,smol-magpie-ultra,259973,1024-1535,1448,0.896234
2bd7b46497861d2204453a1f453e4cdd15dbbf9e541275910e6401673b8c6c80,smol-magpie-ultra,261809,512-1023,908,0.898152
be9ed5005f9228793cc98d9fb4618b7669532c295cd478e6c3a71e10cfdf0098,smol-magpie-ultra,262676,1024-1535,1168,0.860688
653736a393da3594e94eb78023b83934818752c69c1c1a25cc91fae290a53ac4,smol-magpie-ultra,263925,1024-1535,1355,0.871657
f55340888365391878aec7c01bb7b68888aa428913ba128575761e04f9dd08ca,smol-magpie-ultra,263979,1024-1535,1173,0.90765
02c3871b89340f89d4be67f5a352bd8af7688c17b2849501db8711a3e98ee24c,smol-magpie-ultra,264711,1024-1535,1354,0.899766
be551b75078c34f859d1b1891d9bf3d5c3191e6163494e5ccb706a610e630488,smol-magpie-ultra,264926,1024-1535,1179,0.894072
56ccefeeb368c4ef1b485aae2b84cab48757daccd94609490b82c452f22679d1,smol-magpie-ultra,267855,1024-1535,1423,0.900498
87feb01e98d261883921dd168a9a8f23cfa7cef2eb28c09faab4308fccfcabdd,smol-magpie-ultra,268170,512-1023,924,0.91687
164e6d6726fae13353ccfd3f673df85a1b73bbe87c16f7b7d14447316c3ac2e5,smol-magpie-ultra,268379,256-511,424,0.880396
afc4d98ca91832c9824edf5053fe39596bb51b29bfbb9779b3a4bd0b7b37bc4f,smol-magpie-ultra,268805,1024-1535,1085,0.917502
65dda500ab51565c9b94b6ead74f738127017df51f49268b7f588f1ae88cee2b,smol-magpie-ultra,269782,1536-2048,1733,0.838206
8c36d9ad7b85209e8e651b190fa8d78f1aa8dc1d80e06e1d27aac7694b826b65,smol-magpie-ultra,270138,1024-1535,1272,0.902492
e6a78a3e595183198a35d6d3beece2e2666bcf7d6f86230d8c58e9e1ee15f64f,smol-magpie-ultra,270723,1024-1535,1071,0.893192
4751519fc435c6bc8c9408cd60c9028bead1f90e21f81ecde2aeb2bd52a2863a,smol-magpie-ultra,271006,512-1023,988,0.89173
002b394fff64961368531fb7e7b2674be9847c60c1bac23684ea167e23f71e29,smol-magpie-ultra,272097,1536-2048,1735,0.823626
719d5b278af058d3d20f447f5320f131091b83004d780474ef14888d4966178a,smol-magpie-ultra,272406,1024-1535,1392,0.899164
11aa0205cb4e579dbe65b5ff4deca3b7bc3c2b784a20e23f06398c147ba8391e,smol-magpie-ultra,272547,1536-2048,1869,0.81625
227e9a477509af2e821ac03e39839652f00d094b8736b961f6d53657a5574a51,smol-magpie-ultra,272898,1536-2048,1536,0.896244
42903f551a16487aa52ee5dba70c9869dbdda026d8293438bbb815a3709b28d4,smol-magpie-ultra,273355,1024-1535,1271,0.869732
65ef84c17034441a2d8a44246e0368242382579f364c9ff14cca654c590e085f,smol-magpie-ultra,274050,1024-1535,1312,0.894494
e596a397bd4e84b9cf140a380dbef57d25800043aa103b6ab6753307a261b35d,smol-magpie-ultra,274279,1024-1535,1189,0.862323
2756d386c524ea0c3549f39398f339e7bc59e6ada994886d0917f8fa92feb3a3,smol-magpie-ultra,274968,1024-1535,1330,0.900185
9db45630e49f24b3016b610a6f6daff437a3c569ff0335429d6c638a83bfdb28,smol-magpie-ultra,276045,512-1023,782,0.925261
97e29b32bc8df962d5c6a47cda9b2dea4f05f6fa7c86051682d14b6b8d9693cf,smol-magpie-ultra,276206,1024-1535,1074,0.850042
fb036444fd47694b8ec004f3c7061920bdad9ae79234507d0210e7632ad11992,smol-magpie-ultra,276225,512-1023,971,0.865213
6383b09522f9cc19f869b22720f8fea3350c9e6a5e5582b9a568ed94fad64d1b,smol-magpie-ultra,276671,512-1023,908,0.885476
c2d3d2156110c7768bf6afa1389830d2f2dff782c420782a05cfdd8477be576c,smol-magpie-ultra,277917,1024-1535,1137,0.897669
237de5be5043aa6a4ac93f36c706fd390e5bbc23b10833b2e00cc2e0e5652ce0,smol-magpie-ultra,277955,1024-1535,1118,0.901422
39d0dd0e28d48d9bc48be333f9af648c41572d024832b6ec6dbc07c0deb35437,smol-magpie-ultra,278409,1536-2048,1749,0.830054
7c03dc72ba5813fbd21d3940d46c4171db69638696468de00853c3bd3276ccb3,smol-magpie-ultra,279976,1024-1535,1484,0.897576
1fb3a9ad1b92c9fed62ff379ab539fe04bf2f8c452d343679720fa7a5d6b9671,smol-magpie-ultra,280234,1024-1535,1115,0.857517
d08c4509b523d3caad365f43ad564e83937b39262cfaf4f0e557b7bf40276535,smol-magpie-ultra,280568,1024-1535,1087,0.849461
b40da669cd28f3fb2003e673f47408ded7fc42a56e040cafd55a3338295d464a,smol-magpie-ultra,282126,1024-1535,1201,0.904268
25d6787a3ba31b6b7537c0d9e258bf3e0159d0cc52a7427c303067f5e26ec240,smol-magpie-ultra,282498,1024-1535,1417,0.875413
7477eed2306a247ab055fa3cec26d1717dbc47ed9ae84d726d915ac4258cf534,smol-magpie-ultra,282761,512-1023,631,0.916915
972de04782e22ca2c1de10ae06ebcee27f8b129f3b9c77d423ae5d60e5de6e72,smol-magpie-ultra,283157,1024-1535,1305,0.843351
09de35ab3fbb127d36e1330e99c06f470c41ef6188b7e8bd7d3b3fd4e36515a7,smol-magpie-ultra,283678,1024-1535,1091,0.866839
8fbd38d9c6292e22161ad6128f22423c29a494778a50148b80c9e6eed7e2a5e8,smol-magpie-ultra,283680,1536-2048,1601,0.821496
2e18443f7866c74f99f63682ac14ea46a46fd613afd0bf20b5d013bee96ff50e,smol-magpie-ultra,284143,512-1023,733,0.894255
a5b3f8dfbbdee4a683663561f0885110e2b61b463e4e1270ffa25a887ab3f0a8,smol-magpie-ultra,284592,256-511,412,0.915998
8f0f6254fa702e4b4caa496ccc8685aef97ac74be64139fac3a2d5f3702a48b9,smol-magpie-ultra,284688,1024-1535,1227,0.903526
b5e2ab521c8e2b6bc53f1dec43c03e6e599d63177479b438cfe2ac6a4471e60d,smol-magpie-ultra,285529,1024-1535,1185,0.858974
9f5ea8d5c6f3acf1e98305e600c97fcf43bb2a935aa54cfc294d690d77d3aa1d,smol-magpie-ultra,285992,1024-1535,1297,0.90974
6dad8b02dfede34446b84114b51eee9b4f7fa262cb031ac699d47690bc868f0d,smol-magpie-ultra,286060,512-1023,529,0.906777
3bd384779fe73253c59818397a02239d21898fa7284700cd34a4f9c7c51d4e1d,smol-magpie-ultra,288118,1536-2048,1707,0.83637
bc482ab55a5b90cbd052ed1e457c18cdff3cbca955794f40b674b71b76657b8e,smol-magpie-ultra,288191,512-1023,931,0.912716
49eddea40bf7e243bb464e4d361d5c2a012c3841d8af0b7fa04a01f9f84336ad,smol-magpie-ultra,289070,512-1023,920,0.909188
a1a56ba26e4dff5a4e2e28c067ca22971a3edb5a9a471e6a118cda89fcefbff1,smol-magpie-ultra,289532,1536-2048,1583,0.843906
877e77bafea304cc290fee4413ceb67448d51ab906d31372eebd6e3b087e9838,smol-magpie-ultra,289576,1024-1535,1024,0.892636
621191f46053b982dc0d94310f6447f48f77f23f65326dd2cd70147726315fb7,smol-magpie-ultra,289849,1024-1535,1214,0.881745
60886ecb998029e9f69df44dd87d5bbd72f2c85d651dcb1dfac2db3690dd4927,smol-magpie-ultra,290327,1024-1535,1283,0.907468
044f3d7ce75557769d140b00fa4ff9d305e9d5572f40d80cf0e31c3e72de711c,smol-magpie-ultra,291247,1024-1535,1522,0.870944
9e2e757a5c218803ec779bef562abf45b4dc5966559cf05efd0f36d0db5f73f2,smol-magpie-ultra,291860,1536-2048,1552,0.834622
4a902381fae252900a6b88b9f0b88767a34271bf38670dbde77d2c4e7d854c37,smol-magpie-ultra,292067,1536-2048,1619,0.821976
cc428344e68eb9527e8b0eb9354bdc608aebc6a03688d30644cb6c449aafdb33,smol-magpie-ultra,292551,1024-1535,1124,0.898367
25c04a1a114609db909f912396412ca7f874242ccf6ffe91ed2ad46d8b34df56,smol-magpie-ultra,292694,1024-1535,1430,0.902246
be7de513d18d8bdc000426fc011137367bf19a694c232b8c75c493bb29ccb3e6,smol-magpie-ultra,293361,1024-1535,1122,0.90408
0d906c1d8a2f16d926b65fc4ce7c066b17fde351b844e97de6ea7ba240902252,smol-magpie-ultra,293470,1536-2048,1594,0.804876
a6e9d34ca9f024095f2d7d3c48717c6917395d85a32dfc1ac33bce2261579d75,smol-magpie-ultra,295760,512-1023,904,0.915089
7cb18fa7156a614a27d8db8f6b04c6f19297d9d3414b0d718dec3612a7ab6658,smol-magpie-ultra,296246,1024-1535,1222,0.900896
fb7daf661f1565a026c3e95c355e0d2f46b52df49413a3cfb3425b27db6ace01,smol-magpie-ultra,296405,1536-2048,1918,0.83562
bf43c82e4d701271cb1d7a0ce3e4f1fd126791c7a25fc00c17ac6e00e7a447e9,smol-magpie-ultra,296626,1024-1535,1459,0.855113
fb1cd82c8a6b4914704d2b410a1e5ab9f2913607e3678e2d6ea80e1738be2461,smol-magpie-ultra,297335,1024-1535,1255,0.905017
8daf2fd0bd9fe836b9cae62bf8602a36aca7f63ab13cd40e873fb6b79cb9fb0c,smol-magpie-ultra,297639,1024-1535,1385,0.898063
e72e6d0b5a1c8e7168514a8ec653e089c40883e0a7c74bd227295d9fdb299273,smol-magpie-ultra,297737,1024-1535,1264,0.898328
03e11cf1c3ef7a8f5048dddbae4059a920e9f690dc741e2d5308c3fda2656e21,smol-magpie-ultra,297823,1024-1535,1457,0.897043
aff219be2e3570cf1ccae18a18b2442a07324c515c51fd4b2993a65b0c608746,smol-magpie-ultra,297872,1024-1535,1212,0.884412
9e1a6ecba2feb1a6b44de4d9665bec08cdd4393e743ebca1fafa343af85fd38f,smol-magpie-ultra,298180,1024-1535,1176,0.896542
b4b942fcb23161ae362189946729ae012fafe966c5004924ff16b57f223f76e7,smol-magpie-ultra,299758,1536-2048,1867,0.838131
fb806ee3bcff9b7e9f72adc57323c5c3dc8d56071b1f2761fd5b06d1a0082e61,smol-magpie-ultra,300973,1024-1535,1267,0.847752
04b8c75be8adcf82cc4187c6d71ea448fc325f43bffa2e032a068943513d4b01,smol-magpie-ultra,301295,1024-1535,1113,0.906948
23f68231c42085688a9b549c39c83daf34012840c7071260449d7cacf91f6050,smol-magpie-ultra,301298,1536-2048,1831,0.827348
7a076f10afe54ac7c9156894918491ad212164cbdb15bfb6732db579739ae4a5,smol-magpie-ultra,301302,512-1023,655,0.917234
8d0d4d7fb02a315d3ca5e05e63688080d88391b98077ca06854db0b868f237dd,smol-magpie-ultra,301440,1536-2048,1569,0.832008
0bd9c36daeecc1b553ea38156248229d828373c5684d8632e06ba89c8d27e48c,smol-magpie-ultra,301475,1024-1535,1347,0.903689
0f5096174889f93cdf47bfb1b939338de41d85e42cd9117bda5ec9685c85441f,smol-magpie-ultra,301745,512-1023,591,0.918247
55a0a34a2c096a6dce3fc22b25e423c75b31d2829427cd8fa26ff95e344505a0,smol-magpie-ultra,302163,512-1023,536,0.920279
e91288a3d50de28dd7887574e4cf8006b78e4ebddf5e1a33755a69acad396a12,smol-magpie-ultra,303327,1024-1535,1286,0.8724
a5e542d6662cccfa9aa407f9fd887af17908128532a80cc5d3c30a474e4bce1d,smol-magpie-ultra,303856,1024-1535,1122,0.879431
71b8a247f9d43ad8680401579ed6f4aa7bf59ea6cc94e7f53da8af96ea80f6f4,smol-magpie-ultra,304026,1024-1535,1270,0.893796
e584964414d87905dd64e4b0a20889d81499a0c813ec4f070dbe52ec67e97745,smol-magpie-ultra,304459,1024-1535,1137,0.906062
5eb26722c33d375ed65ba95d8b2708d5dd456497759ed16e792dc673c98a6d23,smol-magpie-ultra,305025,1024-1535,1425,0.87286
fd4fdecb60448405d14492f82c08bb6442de9a4db2a0c13f0660e52ffb58cbd6,smol-magpie-ultra,305095,256-511,445,0.942104
11d0e5968c47433773f97b0503d696c2e9dc8104cdcfe481814142e97377a123,smol-magpie-ultra,306124,512-1023,828,0.888632
46e0adca4018b254278fb9ec2280b24bd1898a2bea96164db2bfecf1a5e05da3,smol-magpie-ultra,306144,1024-1535,1362,0.899799
9e630fc104d54d21e71e0d5a46c1e69fc33549d6d4e9673ce2080c70b8b94d2b,smol-magpie-ultra,306956,512-1023,913,0.880975
4368382fd90a924b7d4cea08aea3e21186fbaac9617d75ab0fa6563ce369fb24,smol-magpie-ultra,306986,1024-1535,1115,0.881149
1c761d3ad34551f49b3df02c457d730d2257f9b3764e072f81e51c344d3e0de5,smol-magpie-ultra,307145,1024-1535,1267,0.894529
ca2e74b1ffa2f69582e4fc29783539c9b3b0f671c6fc4b6cefce72695da92114,smol-magpie-ultra,307476,1536-2048,1766,0.811012
e9bf96cc3c6015cef2b66751f202f8a563200cd9d30bd93bd0ef9d9780fba40b,smol-magpie-ultra,308586,1024-1535,1280,0.867791
99f988e0bfd8dcaf7a8d6957e0f7a41c0238eb146aa2ace3d917a6c8b3fbeea5,smol-magpie-ultra,309032,1536-2048,1820,0.844063
73c82067415a9075b8d9811c041cb005d4487b6527f0ec2d1db0bc943410f06d,smol-magpie-ultra,309106,512-1023,967,0.916106
321c4285661148df152df0a33ddd19196ae64fe6ed1d71c4fe248dd8764df4f6,smol-magpie-ultra,309231,1024-1535,1142,0.900362
f435858065133716023a477f8ddbd306c7b9f2c11a1c480430929a3871315408,smol-magpie-ultra,309479,1024-1535,1171,0.897285
bb6a911e9e5f96a879ef82a58a0bec8950c0fd7ca82ac0780301c81945a2f784,smol-magpie-ultra,310191,1536-2048,1685,0.839186
7696cf078ba8268e24e7f9f3e57f91f81abc89ac6e23932cc4f8bc254d18b6f2,smol-magpie-ultra,310375,512-1023,525,0.930812
716d84ee3c709c2f4357d76e357b95e3b4633d477e43e5ddfa79463d46963acb,smol-magpie-ultra,310808,1024-1535,1465,0.889032
038173223160f062f5070b825a36a932b8a4d8005ebb87998d8aa18b9b9db5ad,smol-magpie-ultra,311275,1024-1535,1482,0.89913
1e981a9994120940c98d758e17c501de51c74867221dc6d3b72248c5448cd557,smol-magpie-ultra,311670,512-1023,785,0.921652
c7c08d509c6b9532a9e88407e63874d46012a59e9d7fd3080f62910df436ce7f,smol-magpie-ultra,311687,1536-2048,1761,0.833157
d8a4884eeec94096d90a35157f927598c63392c48b54de23002064b7a8b1ab49,smol-magpie-ultra,311945,1024-1535,1226,0.866954
26103b043053b15981afbef49240309f5c1d3a9cf60bc520693c248b62e6b54f,smol-magpie-ultra,314047,1536-2048,1620,0.81405
e23cf88c32780ba5c05c4ee56c99b3d52ee90ad12003ec3daa81ffdb5d5f63ee,smol-magpie-ultra,314204,1024-1535,1098,0.905709
24a299feb8df3af4b15c7ecf54afc012d246b4774b14bb9e03c4c9dc2a1c018f,smol-magpie-ultra,314218,1024-1535,1392,0.902166
eeabe771e01a35648c46e8e78c35e895ddd62c4e2dac16feff7f66c033fdbeca,smol-magpie-ultra,315270,1536-2048,1593,0.803788
534f0138c8125ae6cee777b3b9c03d36255dd9b26c108df0cf60a10a0cd6f99b,smol-magpie-ultra,316211,1536-2048,1813,0.830026
600c84173b84995ce67a7059b3e4f2eb5acc30e16175d36dd30ec8e70cae1b31,smol-magpie-ultra,317301,1024-1535,1322,0.894015
791e6c998157a80e51342654745b0a8840222a9fb91438c4ef56c2588fbd851e,smol-magpie-ultra,317366,1024-1535,1103,0.86631
41a7f7667bcec3206e0e7ef0b0e94cefbc3d9dec666b80a1b00aaff9d40cd0cf,smol-magpie-ultra,317496,512-1023,927,0.876324
aa3fa2766fcc15681ff06c93fd1e6b44a47636c47b2ce4e110eb1a11f941b8a7,smol-magpie-ultra,317564,1536-2048,1766,0.839203
cac42a9193e558e181593a4451ce94167f668b78b3a55413326cf116ca5922bd,smol-magpie-ultra,317823,512-1023,624,0.90594
b9abd2d9bcf90323d89e6b50805be36aa0de090a1fb73d165dc08686dfb95786,smol-magpie-ultra,317984,1536-2048,1557,0.811266
9bb654b9a09b6347805a500cb1dd073eff47e360bff83d9bb9cda7d752347e05,smol-magpie-ultra,318256,1024-1535,1361,0.899865
dd48bb84b52b34478dc6063669bdfd51d960c1f8058292275f162fec34988e0a,smol-magpie-ultra,318835,1024-1535,1315,0.844141
866b59d79f81de50f210dfa1aae7eeebf3779c76223e85765642cc498fa34dd1,smol-magpie-ultra,318900,1024-1535,1030,0.906622
1f99bd951f940a844548528559728e7f33453c16f0ff743814aa8dce047ac02a,smol-magpie-ultra,318920,1024-1535,1261,0.862367
a56bac56bf186993ae8ff38a46e18ccba8de4115e940ae10b8cbe595a17e010f,smol-magpie-ultra,319391,1024-1535,1228,0.898502
30364ee800088a720befadbcb725971e6a13ebeb0aa57de436502b409f8fd6e1,smol-magpie-ultra,319531,512-1023,903,0.900061
105ce42ed18c577a26c04e6bebc4f0c4aae63296087dc43a35f54ba9f6b29d37,smol-magpie-ultra,321112,1024-1535,1141,0.868466
56ab17ee5d58cc0d67fcf38ee0e2ec03c13c879043152b9d5451d9f3def7690c,smol-magpie-ultra,321826,1024-1535,1141,0.854377
dfca734fdb384d97504580f109426414d788dac89e0b11517a18d5e3ed8ee59a,smol-magpie-ultra,321833,512-1023,915,0.900051
ae9666376c3cf2ec08002f383763ec8a2e3cc8ad6eedca58b6157c62015406f1,smol-magpie-ultra,322017,1024-1535,1225,0.907745
4b911db4292dfd2c145b92ad991b3ce93a0f5026a8fec5209ca44b269edbcd65,smol-magpie-ultra,322520,1024-1535,1087,0.86096
5eb8b8df28b51344e8602d05e2b9867b8254a5cb41d40420653b14e118bf67a3,smol-magpie-ultra,323661,1536-2048,1578,0.84424
eadb5bb0874d3bcb7078dc48975a85ef1c8f44c654ba29b20effb6ab84040f20,smol-magpie-ultra,323781,512-1023,934,0.875954
1060d5a6ea2b00debde1d0be2202ff68bd04e29ef3f08c3ae2eafccd5c3fe08a,smol-magpie-ultra,324463,512-1023,873,0.888229
8aff8de1e846d25374fddf62f89511415ac7190e11198cc75e0d5cedf245ebcd,smol-magpie-ultra,325184,512-1023,664,0.914643
a3d3147520d376b2ba280c3917bc0a8bda397bf70c920de965686ac238503cff,smol-magpie-ultra,325387,1536-2048,1843,0.841808
f9ecd9d5e2dfac809ab6103f44f57e02a3a61dbaf39693e7894a9b933e840875,smol-magpie-ultra,325613,1536-2048,1628,0.817611
7ab9ca079599aafe1bbaab1797c879c94fd5a0413530aa7a186e4a108abc0d40,smol-magpie-ultra,325758,1024-1535,1477,0.903438
4b1ffa110e8c83f04a36a6b8a0108006f918edc926210ba93898f3d69476751c,smol-magpie-ultra,326420,1536-2048,1697,0.821493
7d25e9d087439dd8acc4db9c2667f6f1249feee42320ee8eebba98127302a3e2,smol-magpie-ultra,326582,1536-2048,1998,0.833191
e4de8c53c0c79303c13f36e0ec066999859983d35b7f0dda0a1ab969f7bce579,smol-magpie-ultra,327595,1024-1535,1093,0.874195
fa3afb41caf08fd25f3d488e23ace9fcd6c3f87b26c7add6475ef4f91922c348,smol-magpie-ultra,328116,1024-1535,1039,0.896253
c0edf4055549df9c75f7a189067efde0ec5c58f2197306e036c8c717fd9174ea,smol-magpie-ultra,328339,1024-1535,1366,0.885024
767d6fb5daf4eee25ab5d487f3b5f873d132a1c571ed53cf820c31834e6c6af1,smol-magpie-ultra,328754,1536-2048,1602,0.800792
8ec343d040672074cb6b104e596c098949d187ca23409c56b1358da6cc86edb7,smol-magpie-ultra,329181,1024-1535,1220,0.878097
490f943e3187bd4d285632942e881ad65eabdb83d38018525d30665027adf023,smol-magpie-ultra,330963,512-1023,672,0.879394
2264a851773eb073cebec89ffcb1d2e51397b23c7569857bb62d67b6533bfa4e,smol-magpie-ultra,332334,1024-1535,1280,0.909509
233545c668c0b5390cc8d633c2221cf0a63f551be3dc72a761127c0222777a95,smol-magpie-ultra,332467,1536-2048,1612,0.826644
f1791b3d2573e9a246bac3f4e411cccc1b96a95dec9e17b84e7c27a362116171,smol-magpie-ultra,332936,512-1023,638,0.871948
921fa7a7602e4c218fc5586bd0fce8be9989e13dfe3b4894d9261cbb68a96523,smol-magpie-ultra,333057,1536-2048,1549,0.832349
f2ea50d18ddbb6097f68174e8550cf433f969d5aefcbff8454ee9463a12e3b67,smol-magpie-ultra,333148,1536-2048,1794,0.798978
0af42c72f235ad6af62978a0c5ca30ae530b17dba561ae759f5102fb75506203,smol-magpie-ultra,333638,1024-1535,1115,0.899968
574d6f4ce1ef155e8741c26df73e8e6e1a0fef445a963974f287909bbb41e34b,smol-magpie-ultra,337081,1536-2048,1732,0.820238
b23591389527c0d1683b04c7eddedc30ead7cfe9da0033259482415f72967876,smol-magpie-ultra,337385,512-1023,632,0.914255
cfda2137e1ce706eaa5b12b2fef3ad512cea82b70f032e8ef59eac645d3477cb,smol-magpie-ultra,337981,1536-2048,1833,0.826258
eb4ef0bc1ab27a1dacda6ba7beca72928a0e332e35e4ded40d842a04e8b4d6bd,smol-magpie-ultra,338532,1024-1535,1074,0.865436
94af7b9db030017977c4cdd78e48c20a3897d7b928d41828d6abe039f409e5d4,smol-magpie-ultra,339239,1536-2048,1619,0.829232
a1220447a80fff9926c10c06ba73ea41060e006b41da57b001428d1e423b761f,smol-magpie-ultra,339600,1024-1535,1095,0.85926
d2aeb2dc1f9b1715597f210d94002391164d0fd09f10a33930889686f6c68da1,smol-magpie-ultra,340822,1024-1535,1280,0.900617
f60284e4ccd57a67f03af794a8f7b98e51d9ab7e8a63d15f3f119502c1c28b89,smol-magpie-ultra,340923,1536-2048,1551,0.832673
c91bbd3ca67c4547f8e9ab51d6c744221e4f3e28d7ce12e9c5f74018ec3f4b25,smol-magpie-ultra,341877,1024-1535,1359,0.90281
28673cb2152ad125998d90d355850cfa0b237686885208bf1ecbf5faabb2f104,smol-magpie-ultra,342661,512-1023,906,0.912418
16435c9ac6401c70500d310bf0fcd43d1a417b7f20ca52c86caee2f14713daf9,smol-magpie-ultra,344235,1536-2048,1573,0.832342
a7d20b1be6bcb20484666ded3ef8cdb67db10af726d9c197ee8bcefc97992d48,smol-magpie-ultra,344734,1024-1535,1125,0.898323
bd9667023466943f171dca6b270007175416026d6734d5f218993d98839d356c,smol-magpie-ultra,344815,1024-1535,1224,0.902792
e244095b6a13d3c3b8a1edcf977b594b5290dc45383d3ee40dec1e464e60af94,smol-magpie-ultra,344822,1024-1535,1096,0.890052
0ea9042c206f3206bb04325cf1a387177cfef7901a6aed3b359774a0de696abc,smol-magpie-ultra,346046,1024-1535,1329,0.878797
2b9b3b889a5e206b17b2110c0b72ee2d0ced7d77dd8ca5d442ad3df282d97ab8,smol-magpie-ultra,346491,1024-1535,1488,0.891499
0b55cbc7abde5ee36dbb2610ee0a716a0a427f5eb96f94af2f0ea1c22ed753ac,smol-magpie-ultra,347607,1536-2048,1757,0.832572
91ceafe3093545dac7c19996f1561154269e3e2273ad725b3722e0bc9b25c3c3,smol-magpie-ultra,348041,512-1023,791,0.916915
d9845c99b6df2ee38759246bb98b17d021d84383c461867b308c00bf108f7694,smol-magpie-ultra,350393,512-1023,1018,0.891426
9d79b40e5d9655656f68444a2b1e0dfed17d6baca8e0b6b42a2afab0941acbc8,smol-magpie-ultra,351171,1024-1535,1318,0.896989
07d9d76e8510c8bdfb6af6dc37e3148eb56bf7e1e2505c125e45459cf323b723,smol-magpie-ultra,351300,1024-1535,1135,0.88985
bf6e4f09f069f57f056c60ca49ac364752a01da620731fe9b789a6f87ba184d2,smol-magpie-ultra,351543,1024-1535,1515,0.866763
2b839b59e213f5f4dd25f268228ff7f179d5383e446f02ba9d4d4b4f995d6677,smol-magpie-ultra,351603,1536-2048,1916,0.834566
ef7c87f6661508b1bd806102237ad3e1a0ee3a33fd801061e37bb138e1b2055c,smol-magpie-ultra,351767,1024-1535,1251,0.883013
f01efd4983a5449512c5a7bbe6635df89ae256e06123cea4f3cc2acd976e3cc6,smol-magpie-ultra,351775,512-1023,816,0.914365
11597d3ee2bacc9a7389ff17d94c7900904336cb1a64f33cf08d45a414645f1e,smol-magpie-ultra,352291,1536-2048,2028,0.846623
b9a879fa79d05829fdf935e41a42b2a5837ab60825be23309fec4c77e984a7c5,smol-magpie-ultra,352979,1024-1535,1446,0.886045
bff74915cfb7b4878751f901abe751df49a2e28bc5316afd6d6fa5f9d45f088a,smol-magpie-ultra,353286,1024-1535,1178,0.895851
51098076483c2aba77faf4736b38fe8de12f9bc26aa70c02327914b0884199ea,smol-magpie-ultra,353426,1024-1535,1044,0.858061
7fce403ba3244226ef359f4e6cb589006ca4d4b73b4733e4bce3145fd3850106,smol-magpie-ultra,353527,1024-1535,1479,0.871065
42f3386f18469a95ca6db68e29d60f20578cbae1f5cfbb2ffa332a2402c551f4,smol-magpie-ultra,354564,1024-1535,1145,0.897397
23b607b027af7ae01298c63d73bf33a02fe4454904a209b5195d1d339c4e3a65,smol-magpie-ultra,354653,1024-1535,1339,0.897381
0bca4fb92006cf3e78f3f75006d083a631f243990200114093ab38c9c973ea92,smol-magpie-ultra,354755,1024-1535,1306,0.867084
38d8a8b58132a8c9e6e97548a4eabae0bda76aad5d74e823821ea72b163ffc5a,smol-magpie-ultra,355036,1024-1535,1154,0.858077
fd15dd7b139fd6c13009291ae330421dc84c420fd86644656c84167e3716dedb,smol-magpie-ultra,355884,1024-1535,1159,0.888885
2a50de871dda199f8212165cb30b7ea57630a977f64c3bd2848e8c22a644fd32,smol-magpie-ultra,359515,1536-2048,1550,0.830563
2428a30aecbb15faa4a2795e3377a39a63dfeb8b473d81283ce61d3af2cc02c9,smol-magpie-ultra,359661,1536-2048,1581,0.834436
547ad29d9215bf3e713ab1f467bf857573924e9bfd34981a6ef4ec56cea8a2a7,smol-magpie-ultra,359955,512-1023,938,0.878117
641951cd053b9b9b107723836d2092bb79c32eec062f28da7802366a8a06700e,smol-magpie-ultra,361164,1536-2048,1550,0.823156
57da9108ed5b0436714ec8ecce048bca0aef20f77ceab0a6ae08f12e7f432842,smol-magpie-ultra,361270,512-1023,612,0.9126
3f91742588765d13f1fe57c16a0d21491b34a9347e2946325b3654ed77fabae9,smol-magpie-ultra,361379,1536-2048,1546,0.831265
202d94e5f4ea30e6c313eff1e1932dcb2ffa1b209840bb74fd28b65cd4f915ef,smol-magpie-ultra,361949,1024-1535,1229,0.906352
70560fb17b259c312a5c770dfb2d19a2ac0d4507dd9776a9bcd644d37b90530e,smol-magpie-ultra,362106,1024-1535,1198,0.879222
9375a61f00f664dd8f10e3fd0244b6af4e01c79a7e37229cef9c48985be46e93,smol-magpie-ultra,362116,1024-1535,1219,0.868286
a91e215c948a7df838cc8c2d4df8920a00c59d5c0013b9a776be4b3de9c0086a,smol-magpie-ultra,363375,1024-1535,1143,0.864296
4ebe94d7545e70e5b6db6847234037a768cd867a1ce0f1f0c0a6869af52fa2be,smol-magpie-ultra,364186,1024-1535,1346,0.906667
f89447a01d36c34aedd371f3e13785339bbfdc256c554e0e444b9dab66359f4d,smol-magpie-ultra,365012,512-1023,656,0.914964
1b53cc342896af245bdf275b3724eecf28fe778fedaabcc9b2df4493815d46e8,smol-magpie-ultra,365182,512-1023,946,0.91044
067ebaf4f239a0f5ba0d43ad7f230251ffe8d634662d149d759a9b9628425309,smol-magpie-ultra,365276,1536-2048,1671,0.810047
c516e77990cd473e027162da70fc22057f9c47e232d725add65a117e320a8cd7,smol-magpie-ultra,365561,1024-1535,1203,0.901365
8bc3dad2f29c76b8ad3172de6c2ec0c5d199431791a8dd6ffc6e99f7c5106c3f,smol-magpie-ultra,367475,1536-2048,1553,0.833586
e77dbb5c47a06f13dd0ba6cf468a0c5e4bcf357e30f74f7a10b85d9cdcb3e57a,smol-magpie-ultra,367722,1024-1535,1208,0.851394
5db2cb5b2f191c47ee38c0b9252b5193fca3306b3164d1c177579d827200e994,smol-magpie-ultra,368408,1536-2048,1853,0.809344
acb9112d324b7ded7609fd72edb4de1620bdddc326be4206e8ae4771b4137332,smol-magpie-ultra,369833,512-1023,731,0.921301
2109e5dcd9791e31a90f7a7686a0b44b0ffbf434e932a90d2ca926fb31ce2342,smol-magpie-ultra,369845,1024-1535,1502,0.903548
be411fc23cd772c647c26cc0d90911baa59b4dddd877afdf5a4fb767abbe21bf,smol-magpie-ultra,370180,1536-2048,1676,0.838002
42e20e805ce6628f33f721fadf2ca1b2e13278274f9734a27a1016a8794f700a,smol-magpie-ultra,370320,1024-1535,1135,0.866486
de63b9c8ff34094e95901d9f7647de1f51a6c7bca04f020864a29dba4370bc12,smol-magpie-ultra,370506,1024-1535,1271,0.865903
d65c0e543bd5e54272d06a4ac4ce806cef7b3bd7eead3f79ca25f29ae3b102ab,smol-magpie-ultra,370584,1024-1535,1033,0.904418
f5651dd81ac902073f63758389221df1c3ccf63ade9248dbb6052017d50cb476,smol-magpie-ultra,371153,1536-2048,1581,0.834234
2a35ed9eb05986f3ec9826abe903c1ee2995d90987347ea8fad2319ae468eaee,smol-magpie-ultra,372557,512-1023,935,0.903264
9dc54ed86e9bed3bddd56a584f8a30042e489f4b51ad52876077fae345ac2c88,smol-magpie-ultra,373835,1024-1535,1123,0.904585
079d3c38610b781f6d89c74cf1b567b149e58d705f011dce3f9318a7b571624c,smol-magpie-ultra,374323,1024-1535,1045,0.905753
8f0a6abc008050d15a90927d364f5af46d1244b713a593e42f8541ad0f1f7a4a,smol-magpie-ultra,374416,1536-2048,1937,0.821781
a91137f16c8cdcd16c9da8f9d7ba91e40cc93315ff0b532f227625e1319e455b,smol-magpie-ultra,374469,1024-1535,1196,0.885333
7853cdfb6962b5f5ed8a54bea006972117ce92c479059917c7d88693adb5f6e5,smol-magpie-ultra,374969,1024-1535,1123,0.855803
819115ea769573f645a73bf195edc737477d0c2a8c5e45668898daf638e19e8d,smol-magpie-ultra,376006,1024-1535,1415,0.866203
8ae4254080331c1c2195c2455da3e4eeb82b22bae0995b9f561890928c32e581,smol-magpie-ultra,376338,1024-1535,1389,0.884228
95b857b81eb32e4e6485d7aebd48e6d350df831914fd9e4778a2dc34ff470de3,smol-magpie-ultra,377180,1536-2048,1732,0.844198
87aa7081bd365e6cb7c601b1c6c68726a52202f76b0646d0ecfffea6a0e0089e,smol-magpie-ultra,377660,1024-1535,1278,0.902915
ddb84dc523e43cce824771f9269ceed401a48d48f0ec7b894e6f89ede5cb1a00,smol-magpie-ultra,377832,1024-1535,1270,0.883799
c061ec8ab90de4f170942f0d0f21e922e64b6f827e0d7feb97ea0d540c0d14bb,smol-magpie-ultra,378701,1024-1535,1314,0.897682
f491ff66d0126efe83adc9fc64a4e815970a94c8d186f36560f9751c59cb8bfe,smol-magpie-ultra,379286,1536-2048,1590,0.829761
31d823243288c69c06eeb84110a0f74cfbce2c3a92d05af73e33476c996c0b6e,smol-magpie-ultra,379541,1024-1535,1271,0.891822
99abb51623cba11f6fbbc1c8bf7f5d5ee76f42d20b8bd2a322788c6cacf84f4d,smol-magpie-ultra,381948,1024-1535,1172,0.898045
031ed50666093a684fced0ddfac51bda03b8656cb5cdde7b5a470b93821895c6,smol-magpie-ultra,382188,1024-1535,1221,0.886722
1e351dd1e6e14d987f9417b0f287abe87a87091709b24463112d0554d8032c00,smol-magpie-ultra,382808,512-1023,949,0.875653
d64fa8418c9d9d1cb80f129ffcd5738f624265b934701145788837d03124bb3d,smol-magpie-ultra,382907,1024-1535,1269,0.901421
671388e5882f02a3f0f082d8c024a94b0cc6edad03971c374eb8b1fc4acebd6a,smol-magpie-ultra,383189,1024-1535,1429,0.899331
b4540e45ca0a9ea51c16c03dc585117602051962cce8047e23c58cc45296d055,smol-magpie-ultra,383360,1024-1535,1142,0.896378
51bb9e7582cb7ad2b46b99a03afcbf5267d664f85b30ca991ee59d0a0357db26,smol-magpie-ultra,383698,1024-1535,1212,0.850423
97f2d01195320c8516c203d93ebe575cf2d6c65a169c88e1a53b17ef7207b614,smol-magpie-ultra,385354,1536-2048,1888,0.839022
3790f0345c39480e20bf5347ffad7b9c749409eee02e5bb784142d12a17c3ff8,smol-magpie-ultra,385466,1024-1535,1418,0.898105
0421244f41f3bc3fad3a9ac12b70c627b6906ec33393b5ecff30dae0404c61ee,smol-magpie-ultra,386588,512-1023,586,0.894844
4f2d88ae7e9a0142d48911ef755e23c4d53fb1f57a8329a6e69c27606536533c,smol-magpie-ultra,386922,512-1023,985,0.884066
bc1015a93eeccad9d24a77968afe24675c22ef85336c979e388d2c9f4168094a,smol-magpie-ultra,387424,512-1023,692,0.880147
fa8d96926e73fdcc5220da86e8d3c2bc4045dda2f5788f79917a9bc6a80cd6f5,smol-magpie-ultra,387504,1024-1535,1474,0.900158
d0721e1f0a94093ef1865671c06e31ac21ce69a7dbff4f936a2da101d401887a,smol-magpie-ultra,387542,1024-1535,1117,0.899101
3ff169c0525f9b296528ced79ee43f2e2b5449b4de2802b7dd4d24fd3fbe8ddc,smol-magpie-ultra,387811,512-1023,828,0.898496
ef71ff837b9cb498766c3e662f41b0eb02c18224ee278b80253e332a4d33524a,smol-magpie-ultra,387904,1024-1535,1207,0.899028
9f489d4482d78de8dced055983d3237c61a0315b65b8bfced422ccbbae6bc80c,smol-magpie-ultra,388064,1024-1535,1413,0.901683
a3bb5e86076cc72d30cbef2b87def0f09e253721b8986f1e9678cbd00d043e93,smol-magpie-ultra,389399,1024-1535,1268,0.864781
add210dab5fef7154c6c1489d4bee959fab1577da7c5f3042e320abc12ab6aea,smol-magpie-ultra,390104,1536-2048,1871,0.838957
4482e0ca7e97f29700f587b7ac1d974616fec7b864b9925535ee14a3c1380060,smol-magpie-ultra,390360,1024-1535,1072,0.891703
56e4b195ace1e1c9144785aa2350dfd3536014ac2f87cc9f051b871a0eacc4e8,smol-magpie-ultra,390471,1024-1535,1250,0.862065
6921891296d47d092930e934d6bb35564fbc7598b53b7ace2b51d48e950a28b6,smol-magpie-ultra,390577,512-1023,921,0.910705
783a2291488ebe26a7c873053d2fc2f2aa85c0726f72994d99fa433afdc69536,smol-magpie-ultra,391263,1024-1535,1268,0.905183
9cff6967e02d3dea3511ed00457063481b8cabcb31a4376117965ce7ced095ad,smol-magpie-ultra,391333,1536-2048,1548,0.825166
2cc8344c7953a97b17662d394adff36422e5518dd4a39bd8e0088ec7d9af9746,smol-magpie-ultra,391785,1536-2048,1553,0.833696
b6c3d39140e81df4ac8eee5d81ce68788b48cbed91253adeb5bbc42f26d76f6a,smol-magpie-ultra,393238,512-1023,547,0.919273
2e1e7adb2723ed089a71a3be34cfe2bf02dbc30a6b933c8b4023fba8f10196bf,smol-magpie-ultra,394071,512-1023,785,0.918086
334cddeeb2e79303d6c932000147a72c27050ea00d529b0c64e64426a07e4c0a,smol-magpie-ultra,395132,512-1023,776,0.865108
9b38713e72ab14de215db111b98f79a0969d92b93a71de3e35002dfc9c8ebcb7,smol-magpie-ultra,395133,1536-2048,1837,0.826844
c578efd7432905f5cd3c2c8cd732f7d24ea106ec3039e7bc4958b1bca52ed9f4,smol-magpie-ultra,395632,1536-2048,1932,0.835806
26d1a9ef2696de3f77945ebd70ed08b2c0199a5f9aeed585b152997ac2693caf,smol-magpie-ultra,395749,256-511,379,0.9259
77bfa5d7b4780b982a026e4fb4fb9ef945fdd5f3c53eac6fa6c77052b5b7179b,smol-magpie-ultra,396711,1024-1535,1250,0.85769
e14eb82aa7430bc2150d7c1c7db56d3946bdfa7c7189d9d298abbd5108c227ae,smol-magpie-ultra,397111,1536-2048,1652,0.837561
d128528800492527d408a8a6a3c97ff787253ad3cec61ae9a1b3bff46c93ae3a,smol-magpie-ultra,398761,1536-2048,1685,0.827909
f4ca4a56f8832d46ee2d9a101faff686760ebf03e68cbe8be48cfb27c2d46194,smol-magpie-ultra,398772,1024-1535,1163,0.899316
911a65015db54749be8465d67bc1c3fbbba41837fa947c7eda741cef1e4bafd6,smol-magpie-ultra,398905,512-1023,787,0.882399
7e66a596541ea140f57a3b177e16132faf87d848bb95dde7507c173cdd81c21e,smol-magpie-ultra,400441,1536-2048,1866,0.821745
f5c86ffb014a86a96771dda7e04abc5759f1042f4ddbfcdbf78f5b9f1d99b10a,smol-magpie-ultra,402155,1024-1535,1224,0.897587
842bca9c5132b7890918a5b62c98999c0e6ee0539fa2e8ed9bb57b2654124712,smol-magpie-ultra,402277,1024-1535,1349,0.8969
c063c88903ca4880cf628c4710ae834461e8e79d18f0df5bfd7f1b548287cc0d,smol-magpie-ultra,402389,1024-1535,1459,0.841836
64d4f1334a5b87bc4bc24b39dac5b408d3bf950352c62f23f8029e90ac466ac1,smol-magpie-ultra,402435,1024-1535,1344,0.910322
40d7c24d6111b193173924d1243b77118572375df0960b9e821bf168a7607b33,smol-magpie-ultra,403082,1024-1535,1068,0.905455
489fd4cf08c1020e91c98bcc4c063ed970b170e9cad42219ff967c1db3d44a9b,smol-magpie-ultra,403104,1024-1535,1507,0.885181
a7a9106577d009bf16bc8a95be6c909e87329ebd5ae5222c3800511d7ffc0975,smol-magpie-ultra,403662,512-1023,604,0.926
a70ae4948e2b432bf58e63a940e04f91f598e5ece38684268e37894a1e2cb019,smol-magpie-ultra,404223,1536-2048,1566,0.818123
acba0a664e6f3375eb73cec76ddbfdebdb684d4cef595c4f289036e353032dcd,smol-magpie-ultra,404821,1024-1535,1457,0.892023
085db59c811ac5a0cba160122d24ea9653c43bfc2990c89ab847f0239f186cb6,smol-magpie-ultra,405740,512-1023,778,0.910615
f8a22e31146309c37aa76290783a6ee381da93fd658d51ba57bb0fbfbf2c90dd,smol-magpie-ultra,406169,1024-1535,1400,0.874558
62aa2d69f59d5977319402cb4b91593ecc6ea51414bdb6b166e5aad1322f6986,smol-magpie-ultra,407004,1536-2048,1680,0.828509
63420e636a02e5243a58f9ba5eb2977102de0f37d3a348eb4e4a4470f2597ced,smol-magpie-ultra,407445,512-1023,986,0.895971
2b9b2b6643d229663bb7b20fcf2ff9556314e66b1236c62a90256af1a2de3b93,smol-magpie-ultra,408010,1024-1535,1186,0.894629
61dc534ce45a1017fcf1ebc3668c69fe7dbc141de7ca343b34eed4effe11875d,smol-magpie-ultra,408436,1536-2048,1558,0.816132
04a3282f88429722c5879bc8b3d00926e35d9fc43b60c541207cbf389b6a700f,smol-magpie-ultra,409011,1536-2048,1545,0.833653
00e496bc6fea0aef7761b94d3bf8505d9341088492ca6d8a51d3bc72b32794a1,smol-rewrite,422,256-511,257,0.953171
a1dc83951d5a5f0d3ab6112cb99b19351309f0519bd4eafc44e7f247f268ab94,smol-rewrite,1739,256-511,331,0.948926
da5a4b8d300e0a74dbc89a3dd4bc3e5f63c67efdc6f109827ad7a6f7e8c45531,smol-rewrite,2422,0-255,225,0.963126
fd07edf1411edf2e9a96b63ddfb01186ee7662de3efbde32c42585aa6da4b81b,smol-rewrite,2776,0-255,248,0.964329
c04a7c13a078b21f44a870ef2d2b093b31a7139f2d2b93f51798dc11345d8432,smol-rewrite,3065,256-511,318,0.944562
ecbcddbc23c6595eadbe93c749e499edbf1b784392e50b507d6ed8be25d1a35d,smol-rewrite,3689,512-1023,535,0.937696
8f4fc74bd5fb30801e4508a9ff68be41c1ad37e0e1e57fa797e6278911a6c477,smol-rewrite,4981,256-511,322,0.941823
48013c9dc50bbdb31becb529baa62e26b30cd47d979801e3cae96b2b646bf6d8,smol-rewrite,6067,256-511,331,0.958377
96baec414fb15422200876164664b351e319ccde0234d37354908688b80d72c2,smol-rewrite,6670,256-511,256,0.95319
5f6b36b20c83c6ed6dd25c5cafd743e0b4a524b3ba8b3ed1f11585b46fa8265c,smol-rewrite,7497,0-255,239,0.953287
817682899be100050ab99405f71b71342ac502d96a9be011803e798bbe8e93a1,smol-rewrite,9063,256-511,288,0.951682
05bb7b00fcb644ca1f43e335dabd15ef0436beb21cd6c2749a96f2a2048edaf9,smol-rewrite,9614,256-511,314,0.951468
8dcf7b8912750002c7b1654e29bcc9aac2937e0b9c9e760b503da3205f8ffea6,smol-rewrite,10001,256-511,458,0.931706
6e6df838f6939e7954b25a643c4b50518d2b8cee7951c862d5b4f1ffb4ac6f7e,smol-rewrite,10791,256-511,262,0.947522
36d7e0a5899c39487cc5690242bffd5204d80427eab4e70c9322e9ce83c148da,smol-rewrite,10984,0-255,244,0.956622
a8bdb8bc3b58375732559273cef5466b085ff6d0b27720b67dfe0b674ea21f7f,smol-rewrite,11049,512-1023,514,0.939817
ab1e23697a7489131c89bdf3dc9e5638988d8891a711d7abd4a1d31105b3eef2,smol-rewrite,11517,256-511,279,0.95163
e11b6041d1f6bc358f1c0eba3a9dd0f1412e7da0cf7093ac4523afc59124c073,smol-rewrite,13509,0-255,216,0.962193
6f374da3c54aafc804509a5f6999d85847c7e4b4bfb9f5802a15e6ff7ec2fda3,smol-rewrite,13852,256-511,258,0.966254
789e4d70e7f706c3f19112a84602e26fe1cb40c2f69a39484d99ec7a85ef0543,smol-rewrite,14379,256-511,267,0.955943
422ab01ebb7964bc145cf332eb832c2ed416b28f62d231d6c88c8144df0de78d,smol-rewrite,15934,256-511,298,0.958635
adae98469ff5952404c7b5c2fc4b6dd214f69ac008525fcfb35750dbed86df5d,smol-rewrite,16032,0-255,205,0.930092
2a0e1b559b11cfb85e43b9a2eb37f63890e439a8b2134d46c46db0191b3b2db7,smol-rewrite,16134,256-511,273,0.946392
68633baf15c3c9d2518ebca48d617bc422ffc435115bf72cdf070ae2ff4faa24,smol-rewrite,16673,256-511,346,0.939304
9474a26764464c3982907df734f000d588f232a0427639991fd5b6ef94b9f574,smol-rewrite,17448,256-511,268,0.961845
ea13087a8071bcbab692b5417ee6d42be74ef8af00a9e00c8b7f0d9f12e4d430,smol-rewrite,17715,0-255,242,0.957106
3f9ab96157a0f97f10768a1eff7bf7a3f67596b07e751164fdb9b9df920b59eb,smol-rewrite,18105,256-511,300,0.934929
5cc0240b286c951de87b6b117b65f282e2947eb1d1fd43d3686d995fa54ab137,smol-rewrite,18289,256-511,279,0.952765
afbf98af8fd30eb6cd813548594f11779a3edd395c28f34a66efd70e07b22a5f,smol-rewrite,18323,256-511,368,0.961047
4a322b47ae418fc60a3c2ab6b90afae4d17906598a16c532e491d37f73774dea,smol-rewrite,18406,256-511,264,0.957946
b46dbdf428d6680dc10bc6120690b7bf1387f2dcea34a01dfebacca471846daf,smol-rewrite,19537,256-511,259,0.958568
d221c84644ef7cb42c1ad28d8e10ba320def20da13026266838ba434f8631c56,smol-rewrite,20486,256-511,279,0.96225
5685314aab328529ae2aa162cef36da629cb8eb40eb6b1c7e181adb51476cd59,smol-rewrite,21142,0-255,238,0.951294
49740923bd236dd8e4238aa145a70ae81f2132776d20b2fbadd784e64c8123be,smol-rewrite,21275,512-1023,551,0.934046
3ba22f35e8905d5f64058f236f54d6b444ad1e7a5da83435dd5d58b279735f49,smol-rewrite,21711,256-511,256,0.955165
24060f0fbe8b67cd28da48b6c3930089acaf3e2e97cee7ecec10016dd3da0d59,smol-rewrite,21906,0-255,210,0.968824
fc4b744e5f7440dc35c693a7e99b7301ee9ffebe039e2f9187d02e5818e3e448,smol-rewrite,22107,256-511,324,0.950191
fd1f4591e932c7c496eb989fdfd7c3c75dc4a0c0c6bd707e9b4bcc31f3e6e996,smol-rewrite,23242,256-511,274,0.958436
4079a5d2ac5bdaac908271cc84e81518f65d9416fe6292478515e97603e9b66f,smol-rewrite,23456,256-511,319,0.962725
df798d4ccb3e41d245f3cbeea494337493bb115de019ebb040e59e2762affb6b,smol-rewrite,23614,0-255,210,0.978509
f86f179cf09f905143cd1205d75c4784e09dda26d431df98812f6d262fa8193c,smol-rewrite,23732,0-255,210,0.954296
ab8acebce2d73bebd3c1529fab7113dcf677c83afa562d8fb30a710977090acf,smol-rewrite,24957,256-511,463,0.941274
b9c5908531873dc04d5704631f44effe6d5569d7cd3778039077fcf980edd71b,smol-rewrite,26510,0-255,228,0.957781
db37035f91cac35eaa21d8cee7e440c46c8a732e74a194f8edf2e99700858e42,smol-rewrite,27059,256-511,283,0.949716
b544bbb50c6134e3c72701e1f70243c2b7d5ddd107291ebfa090e02fd2b335b6,smol-rewrite,27114,256-511,398,0.943871
5302a39b5b4ee94b7128ce17b10d090ebf9bf208755d3df09afc395cbc9c66d1,smol-rewrite,27688,0-255,241,0.965699
946fde9b563104bf92873ac17298af5129d1ab98152621f6dc74e294917f0283,smol-rewrite,28250,256-511,404,0.950923
d2465e7ddb3eb7914592fea78b07acc1faf0832d1c21eb9ef18516deb0bed3bf,smol-rewrite,28407,256-511,273,0.952687
1e1b45f2a505bb96af130287c4e71ada1136101df9db4986a64c0628b343db53,smol-rewrite,28588,256-511,259,0.95739
19b4f2acc40fdb3c8a7d56aa5423857c53e0958861271d657be78cc419dad87a,smol-rewrite,28674,256-511,258,0.960918
028f228b8f201b6011a643b1275142ed90585cb1e6d261d291a1fe749028404b,smol-rewrite,28882,256-511,286,0.955861
2bc1c770c90af4292a093f20ede4cbc285437b0f6ec4c5bfad29ad116b29eed5,smol-rewrite,30082,256-511,272,0.957001
0615659c8bcfb56126d00be4e72ffb4afc0f8ea9f33b7bb2095d49ee2861d4e6,smol-rewrite,30165,256-511,285,0.958168
3db05dc60197a8e32523f7d49dd665fdb9ca30f12f333e93d8e8fd0f00986665,smol-rewrite,31036,256-511,256,0.955187
c6ee819c953af68346c90c369ab99f5cbce31c60f96bd872ca5d12bbd967631a,smol-rewrite,31336,512-1023,545,0.931621
7ffdcde43a1fe87b36c791c2593e5e8d251501c57f126c32642ee1005d36f3ad,smol-rewrite,31373,512-1023,526,0.932378
71001598ffbf78db2facbcfb485db607618d11eef75d46e199001745973e0bae,smol-rewrite,31643,256-511,345,0.953868
b341318719d1dcd489a945dbce87a75fdc39ac3d3242592577ebf36ee58a5b2c,smol-rewrite,32373,256-511,287,0.952929
26d6cd77399d06eff65a15e4f688f56a185fd27110264b60da65656d1b784679,smol-rewrite,32459,256-511,263,0.955041
40c1a8dafea516c3325b1e2111a3fd4d24b18bf56a11d05cecff18e184d43b11,smol-rewrite,32813,256-511,344,0.942524
df2d51056e6f598531b8423960332280afca2ba72e5d3090b6e83d48eaf17373,smol-rewrite,33396,256-511,263,0.962271
4bdecb15dfcc7a948960764e9656987fa5c1fcebb3b4ceadb063bd65c9076f55,smol-rewrite,33850,256-511,294,0.959888
19a17a32e33c79242ed8913b727756cf6237a7c0ec57b8af96ebac7992d72738,smol-rewrite,34416,256-511,262,0.960341
7c6ab45844048709691a72859419dc92e47f7aa06056856404e4f7bb4ffd7dbb,smol-rewrite,35076,256-511,272,0.952708
1fc201752d1f3fb4f0a1769545c9791bee7e2bf81a2b87b782a0fbf3f1cbeeba,smol-rewrite,35614,0-255,205,0.946604
7c79eed4521724745dd31407efc67b56fd380e69ba6c2be0d4d2bdf6fcdf8e0c,smol-rewrite,36225,0-255,210,0.971155
9de073d68962e75dad63c58acf9e217d52d95b89f6c4eaaf7cd6d4d2673da519,smol-rewrite,37689,256-511,321,0.954097
efc2fc3997e7878c5fc1c23bfb69218923ec4e28f585e8db5d10bf357c58fe87,smol-rewrite,37890,256-511,279,0.95922
c6a0e9c1000e0fb2d7d865b73e9936610b7f56dfa0fe228c0ff7c5c7f09cb5f0,smol-rewrite,38738,256-511,280,0.955278
e1efa14546481b0b0828a8050ed13c8ac980c9b9a2c826460ab2bd2562f05775,smol-rewrite,38944,0-255,231,0.964376
3a15ab144553289dddd859eebbf4df8749669f714c45b73eeb9c6c1d0218c717,smol-rewrite,39164,256-511,355,0.935407
45327ff2f86431137f0441ea16b1d672f2f1dc039fbc303d449a210b5c4afa51,smol-rewrite,39646,0-255,221,0.970274
e7ecf4c0e9b9daa37c1597f49ae5914d380e54d44dd0a900c69d36fe3002de98,smol-rewrite,40244,256-511,308,0.939615
4ca816f9d6dc475d5b83b84761af642902c76ae3f7ae54233cadb646724481ed,smol-rewrite,40321,256-511,262,0.959743
b8a6a890970edf8940166f12581b24dd56f1bc790aba02b6e7e42e9912eb7f6e,smol-rewrite,40653,0-255,208,0.964141
16027da83245cbbe203ca2d6beaa4dcd77fa2da3968bc764e7f6ea0f8a7ab953,smol-rewrite,41281,512-1023,554,0.929144
bbb8acc8ab741966c911240ac1c8e4a467b17471d01a22c0d182d4666f3cda96,smol-rewrite,41421,512-1023,524,0.932326
5078781c2372602fb033ba809b4509c66cd78c1999fe88feecc3d8d64b035da4,smol-rewrite,41806,256-511,372,0.95367
c151b74aba3c4f0d21a862623217ee9e846f705da5e0a9a83e749f63a60f438c,smol-rewrite,41892,0-255,217,0.960758
23b2482e451b3bce91f67450c78734ca3a3b92b83466403523f22dd0af53598e,smol-rewrite,42038,256-511,504,0.935765
e50b30fec0cb5e1f5ba8697cd4b12236996b5af2fd2d38b14d0f892772e41c90,smol-rewrite,42674,256-511,294,0.95909
98f07e5821ee8fcf0e8a5ee59cf86e9ff3ff84ff9469b9c853fc35baf935419c,smol-rewrite,43022,256-511,269,0.949846
888a58ba51b4783a4bd8d5e554a897f33db541a748653f5091b38fa33acc8843,smol-rewrite,43649,0-255,235,0.962387
e30de3a880d04cacc9803448876726947756f1217fa38b4b47304728237c841b,smol-rewrite,44336,256-511,267,0.943803
473e96efbba60a1c315f0a663163be8035dea710943209e72d2d04675ff0f2eb,smol-rewrite,44751,256-511,290,0.932005
c3c087cc8e833664e45c599f7d750fd8636928885eb50e5dcb37491377062771,smol-rewrite,45361,256-511,262,0.959284
02fbc41cc357615b23b979511cd92a5249b793367d18e20c42e8eeebe47eec0e,smol-rewrite,45878,256-511,304,0.952462
acfdc5abd1c5a49af6d7560faf55dfb623171d3e2574a5111a469867597066b1,smol-rewrite,46728,256-511,259,0.952752
953c19031b08f703c93d1caad618e5f0620f7f3cd43d487536d2d4e68e7ccc1d,smol-rewrite,46765,256-511,361,0.951411
736b927facbf47e1aa2e4546c6c9da9a362f98884fbcb6e74c84b68a6224fe0e,smol-rewrite,47426,256-511,299,0.955599
2a1117f82af648815985c9b89cb51bbb0ebab4f6a68e4e2c1a635c6b37f18c77,smol-rewrite,47493,0-255,249,0.964416
3652788a0dfd2e0fc2d6bc051e01d9ae3367a8875aa3a9459f2b5f6d46da30ee,smol-rewrite,48780,256-511,354,0.947088
3aead6a1a9779bae6e4eec9859b4d695a0e6e0a224cf1b7508b2ac3cbf939815,smol-rewrite,48948,256-511,257,0.953404
ea6b9dd0d176d2c2538a33c302d1e54364bf26897928237305c0c609811af50e,smol-rewrite,49001,0-255,203,0.951642
d306f9c3db6511ed4beebf4cb9119b178a3ca636c6bd9f583728138736d24dce,smol-rewrite,51054,256-511,261,0.963719
685069c87231c73d622c46e14498a5980f956c4f76db6e391cd38021fd26c2df,smol-rewrite,51105,256-511,270,0.957984
c4d67b3e8f3fafef8097da69fb8d290f5be42d51edacc7dceacd59acf9cdae81,smol-rewrite,51843,512-1023,571,0.926477
13ea5d50f3faec95bdcf047822919f72e2091182d190b5a3121207fb34ad7f7e,smol-rewrite,52002,256-511,284,0.952285
688c0d01cf3ff40168f5a54e3b73a3d666b166c1a13d2507cea5b777ba3ce3a4,smol-rewrite,52141,256-511,453,0.931792
03da2df13ec24f1dd9a9eecdf61fc31282f7dda53d586ec5aa107c2916d50386,smol-rewrite,52143,0-255,240,0.968094
208c06c22b04225a4396365d278abfe0d1564762d4fae3a711b38371038baa93,smol-rewrite,53245,0-255,207,0.97072
e56e354564eb904506d8789d97531275bb1146c18d7b9a09e007fcd73ef6a9a3,smol-summarize,1029,0-255,213,0.85287
9468389428d69c1aafc354dac58fae4abbbaab92fbb192064528ebbb9f6d8688,smol-summarize,1985,256-511,349,0.925717
69b2f0ccbdebbd0ba69ce4b08cb2e778363a237bff7dc0ae2ac9af1cebe7255d,smol-summarize,2808,0-255,236,0.898444
229dc2f561688ed1ad4f36c00c831cb926ac548b76da851b2ab2b0ca3ec3e28a,smol-summarize,3005,0-255,235,0.759846
206db4ca5763c65f36fe517baef3a56fa60632169dd8d8978cdaf514f36b8698,smol-summarize,3316,256-511,411,0.946455
871f7fc816fbbd795d6d69a70c56be7ae8dc792be62fa1edb9f0dd994889086d,smol-summarize,3861,1536-2048,1918,0.852804
1948d9084fb0324424f52edefbea3a73c2a3d7cc5012ffc230dcfcc1bd28760c,smol-summarize,4647,0-255,228,0.889763
559edde131a3dbfc7cbb3871ef9aa99145997a13c8dada80c5a97a0f6d5d8882,smol-summarize,5998,256-511,332,0.915357
cb18cfce4988c6cae3989f1501bfb418099755571aedab249f40dc4d8deb1e04,smol-summarize,6659,0-255,233,0.864581
1d8cdd4e31a4988038c93e5dccdcdba8165e5aed48cc7c8221212fd746130ccc,smol-summarize,7241,0-255,243,0.890453
9ad079d4428b3e2a31cbebd92112d6b353f290540fed8dccfa214eba312e9845,smol-summarize,7720,1024-1535,1139,0.90429
562e6dc41ff98817ee96ae17632b3cd867b1c3b2bd1b19ac8058037599990d25,smol-summarize,8568,0-255,223,0.893134
d2dda6a0e305d7d48660b38d2103ae99a6aa00370c57b75bdf622bf273898191,smol-summarize,9087,1536-2048,1631,0.843808
2a8023f4e21291c019dd4df39f05e8884ee5332fdd53019d5a0ceb0a20966972,smol-summarize,9293,256-511,295,0.916394
7c212a7b05e6b2562a7bf7146e17906e1f7130f848ab61e8d68bfbe3ee30a529,smol-summarize,9767,0-255,225,0.821033
95dc2e9e7a4dd39d6e1ad8d4b26decb9fd750e9ca00ac69ceef8a5e887fd918d,smol-summarize,10194,512-1023,564,0.933646
ede9938a3cdccfba1e2147f6c961aa9d3d17acb4b2385f01b977de2d9d791abe,smol-summarize,10260,0-255,225,0.793575
feb053092fb057caf7c0535b7a73d381c8969502420db03040f0a9bd755b0b23,smol-summarize,11854,512-1023,571,0.934905
b07122639f23567d6b96a6e337fb34c8659e054fe420dc7546815f85acc81a32,smol-summarize,12046,0-255,227,0.889537
5bd13b53e6eea9b7fc849a7bd2d98d83ab388d1a53e899c5e338ae97c10e74dc,smol-summarize,12915,512-1023,546,0.931321
f5c824fe1739ec3a1a0d59c4d0fdf66f3be97cf599916183e8da89bc96e93cfa,smol-summarize,13036,0-255,185,0.769888
f0e125fdb9a4ea588660a395bdb40b86c69370157e789b72eb066b0344c90521,smol-summarize,13857,0-255,152,0.810901
970e992aa7070cbc0bddf3588ba99ed78796931a9ffba38846077395e51df76d,smol-summarize,16571,1536-2048,1641,0.839657
898e11612b7b3da8f57f40927d144e5f83269a0816d5715b3c0fb8901473eb7b,smol-summarize,17467,256-511,278,0.926715
36cccafc03c7c3b0e26c075f31487cd7515fb4f1e4accf6d1cad646fc404018f,smol-summarize,17849,256-511,335,0.907726
4ffb5fda10f96b8076352a0539b7d3075b799667b4902040bc7fa753e5fad994,smol-summarize,18423,0-255,233,0.8891
c5830e2d00125684f430a61c208412bc40555d4e20c340b363cdcbe0ee52eadd,smol-summarize,18573,0-255,176,0.787868
2baeb4812a6ffbbfdeb10acadfcf24a53d86f62acab0e0f1c41349f456534bec,smol-summarize,19619,0-255,221,0.888266
a74f15bc2c3ba29e4741228c1dd275b25ebcafd586dec6b71efce0549f1ba0bc,smol-summarize,19837,0-255,232,0.870747
3111445736213d021f7cb85c1329c78e430810c3fb83e2fa96c01e91faaaff44,smol-summarize,20411,0-255,204,0.778058
f94692a24c2cbe4b1db8384cb0ca357d37c136bd8d587ee5e33b25fa98ab5e5a,smol-summarize,20558,1024-1535,1290,0.920739
37cdbecc6e4d90d3afd452fe2dce5bc01bfb064d5bb7b6fa9642904344a22444,smol-summarize,20774,0-255,138,0.820958
6e71456788fb0ace57180003b51eec9a4a065a697d83748955bbdb98aa249c2b,smol-summarize,20986,256-511,270,0.849736
19685b9eb29e5de68fe381a659a28daef6ff610adfa765a40432c2dc77dc3bff,smol-summarize,21633,1024-1535,1058,0.919666
54a860a3830f775a8298c294b2850d3c582e73cf8c6b7ecfd5c8885a138ca6b5,smol-summarize,21727,0-255,230,0.886707
cefb1fc8c599e194953e9281849e23cd2dcc8976b425e3a9a67638b43ce8dd3f,smol-summarize,22165,0-255,231,0.876134
8561bf47d5cb9eebdcbf3a4ac8bda44a17cf753bd31b3e6586b3b7700b739b7d,smol-summarize,23082,256-511,311,0.88584
3c5a8fdda99d3e4901965737a80509c74e5df3bdec6ce0bded409d05eed5648b,smol-summarize,23337,256-511,307,0.949645
6b8b53bcee10856ee421659ff7f9dd2110ec857c2ea4c960274ecae49a173b27,smol-summarize,23411,512-1023,671,0.931439
770bfdff10ba151396e4fae764ed357d09593e8df912a3b352b542580b169da6,smol-summarize,23608,256-511,299,0.882397
19be177e004c43157ae7389af59ab8958a07f4269421fa598e2b6e928fe45ddd,smol-summarize,23681,1024-1535,1520,0.878935
f925240e9807a19ad41efd9e51aa031c58b8a5f390b801b259dfb7b5477a8fb0,smol-summarize,23863,512-1023,975,0.907434
28f2ff303e5b5e745f3b6552a58f1639bbad79f9c6cdae5e013ff4a6e607c625,smol-summarize,24520,512-1023,526,0.935638
b4aaa2f6030cc0d8253898195c376ac2befbb889e0d9e9b4fb752e3776196308,smol-summarize,25067,0-255,249,0.761398
e6d8b9c283b9573a858a35b575faa2d2e7f2684efb6ad63d7d51e629c201c07b,smol-summarize,26655,256-511,458,0.922251
b1b7a6d7eabee60675449f2b276b17548bdb69b9a19e9d8f1669ff849385dd3e,smol-summarize,26763,512-1023,620,0.935711
81b4f977a225fb4d5021d5bbe80f681135e83da323479776e5bba4923a4ba7ef,smol-summarize,27035,256-511,298,0.875297
8a8336ba33185685ef2475970300ff7c7a5656f2d972fc3c5bf37ae2ad5df3f8,smol-summarize,27062,0-255,175,0.747746
051a0bfd1fc07375b2739d2edda203fa870672274f1351cfdd8edbc393f12800,smol-summarize,29038,0-255,230,0.795799
e8461b44b29b60e3d5a2025f46d3368711a0859830d76788bbb78e62daee9195,smol-summarize,29141,512-1023,728,0.92813
bef4615641b0f4b39e5e5c89429eca54533ddc54c0d948f45582f74364a70292,smol-summarize,29222,0-255,123,0.810982
6a8aa81befb6b68dcbe34a8f506ea46496d98f6d2e13701a64f17e215dca184c,smol-summarize,29562,1024-1535,1044,0.916014
2ba6a9d2a1e7890b85d7f4677960669874eebc9545e78f31427cb51faf4b92fd,smol-summarize,30460,512-1023,583,0.932605
3ca4b052d1c0fe3f245bb10fa17f94fad22b2a964fb3edeb7db35c80c4b1911c,smol-summarize,30537,1024-1535,1403,0.925857
b38c331c361540521a7474d295e043b6b3551e2e9dbb6f99b034ba3b25e9fb4a,smol-summarize,30601,512-1023,565,0.933953
c3703c33c2a6d71594994b74a13d4b2d1338f31ef0680d64700862dd611b1af3,smol-summarize,30854,0-255,255,0.905864
6f520403e22ed04649084400b950b555178ee647058a4cd5a17e114d1a096939,smol-summarize,33776,1024-1535,1110,0.912221
b3c01b4409988ca56713a1041e5ce5aa852103d21a1d3abdb2f9d961fc873f4e,smol-summarize,34445,0-255,244,0.836063
b0b676e12d5847e8ee1ec43fcca6ae68753aed1f79a2987f52253abbdbe0490f,smol-summarize,35289,0-255,231,0.874718
bc6e6178228fc89981a644d79a7de19b381034091e0b837ac4f53072e9d3a610,smol-summarize,36008,256-511,378,0.925812
b2966c1ab59a0dbad8f199a59c4015ae5fbd10cd2ba37e807831134a4cd1be47,smol-summarize,36138,256-511,258,0.76161
25c196e12718683ff6bcdea49978d179cf32ffecefd47e0e335b0ee47d931a82,smol-summarize,36827,512-1023,726,0.924916
f8f13db98eab90d49201c05160d39ca11bc4191c6d5c09921a4e06d20493c6f8,smol-summarize,37593,1024-1535,1145,0.896405
dd33b44d1e9a0f05191b4d4985c5131a5f6a1507c887429e4af3d9d81b104e12,smol-summarize,37796,512-1023,519,0.930081
ec606931eb629f5d2a34d4db4ccb83ab09c7a30729952dbfaf7ea87252386115,smol-summarize,38850,0-255,173,0.797431
57b91b428ecd8761ec6e6bd480fe47ee9ca3836ca10c9a27d655f75b677f930b,smol-summarize,38858,0-255,215,0.88349
ac40ff39e04910e0458ed7e4e3fe7171e45337d7f3ee0c9c52e655832f48ed30,smol-summarize,38947,1024-1535,1486,0.914917
2956fc168686228a6b0e4e24d74ea88df4c0dd373dbe522f54ff8865818bee91,smol-summarize,39228,0-255,248,0.885298
cf82b84ef5902003314d09396c2c8fb072489ead05021cf513d534518e1a3dbc,smol-summarize,39231,512-1023,625,0.928231
8afb705da9b629c214d8c0c90b961f270e6ee769f505d228ab190f5df868001f,smol-summarize,40451,256-511,333,0.778685
fa5e5ae6c4c77fd69e1681d13409116f8a0941f968a4d8884e9bf6a8f51322d1,smol-summarize,41025,256-511,309,0.744229
0e3dc9863263b51bd2dcdef33556183b3c584a6562e46cdcca5b0553e1ace6e2,smol-summarize,41409,512-1023,709,0.929875
d19de6fd5b4080b2f657d47a824b173b7ab5ab0ed7998ff92974f27cb1ddfb38,smol-summarize,41456,256-511,313,0.928151
96f115da896fe03585686ce59ff3bcafa1f4612f7a8ba394d8f523750193fa47,smol-summarize,41679,256-511,291,0.902379
90bff14a2547c3d63d6733966452a42348914b678cafa80ab0a12aafc59f9206,smol-summarize,42102,256-511,379,0.926741
6f30b09996222fc582536b454e5ff3c1fafccaa368100de62ed6664c982fe7f2,smol-summarize,42576,0-255,251,0.862513
515fac353cd1f9593537c9ff6c97e293f44a73c04e7305bda6452284abbd7caf,smol-summarize,42650,0-255,224,0.84514
30a9a9a00e49a458dc755870e0cfe9562108cd9cae81a8a79c896bb3f41285a5,smol-summarize,43279,0-255,139,0.776894
b43270889113290c0757707e36204bbd9db2f8ce44d166f89e96ebba2c9ecf48,smol-summarize,43324,0-255,240,0.874495
1b00176bef092f73e8cdbe8f6b29b98a2d43d3a80716a215f92efb334953043e,smol-summarize,43736,0-255,250,0.891521
b76f63ee6a5a56b5e57f6925335b5d39938daf684937541a18e222b67b38386e,smol-summarize,44256,0-255,252,0.882774
ae92d12f8b3b73bbd0620f23dd3e89b508eafbbeb0d55f8e194d68787fa6fa85,smol-summarize,44642,0-255,255,0.876224
6ad0bfbb2a7ed466b5342ae9ea82ccd67e92e9701ae4a75f0daa105f7aa9071e,smol-summarize,45013,256-511,343,0.9238
a6552e70ab8cfa97cf00e377db63d83a0a968f899d5caaca7ebd611f857cad6d,smol-summarize,45669,1024-1535,1136,0.91116
b4ffc7dba6541e645631dc8d690a25fa8cf9a38ed2e83908cc6665b18ae020dd,smol-summarize,46854,256-511,284,0.884391
9e7ef512ef1856a2bf7d8a4390b55bbf0cf4a5867097145176d36c64c34830eb,smol-summarize,48487,256-511,454,0.93408
edf25637d0fb874367a81ab338186b0c87d0e8b48c1bc3019ea8da9e6195594d,smol-summarize,48552,0-255,189,0.87234
6819b462fdc3df66df73bd54c12507452af87dd984481f2fd47965d0c68eb19c,smol-summarize,49131,0-255,245,0.848984
f1221fe1e6481e8f813594f724649bad7842ce8503ff9bd4d9b2e32506b4b005,smol-summarize,52984,0-255,223,0.779076
d29aaa0f7898eebce2d967010013b5292d30a6a5bf1efb84ab0352a065aec49b,smol-summarize,53162,0-255,222,0.892839
ff23c51ba64a7691edc6819ddf2f3084cb4009568231061fe6d6b16369209caa,smol-summarize,53178,256-511,316,0.784141
b116c09b0b14b6ae4d8ccb61a92bd255e006b64d1da39b45c1eeebd628becf08,smol-summarize,53487,256-511,258,0.873643
db2d1ed6f74dd39fd94e60cca807a1bc2f45dcc44b7443ea47e6bd48f90843d8,smol-summarize,53693,1024-1535,1099,0.914915
77cea41ae0b2dfcbc7371f9972f0ca4c5fb5cacb02b2e1e871809ee9c59c6a1f,smol-summarize,53794,0-255,253,0.885458
bfb34d82b40eb353dfbfe78388f0c72813aff5676468b568cfc0995a3e99750e,smol-summarize,54433,0-255,215,0.776161
af49c36c52dd2f8232c6da9a3b544c151c1b4d75488747f4279de2a00e4964ca,smol-summarize,54532,512-1023,528,0.932616
44851ad87e3601064712ba79f4ceb0352fe5e4e4b65cdc7bdbbd2c3fde571536,smol-summarize,54583,1024-1535,1064,0.921503
97d710c2f5ffef2c7ae42ba0681b15e713dcf0f65aa2bdcb342767e510e1b265,smol-summarize,55321,512-1023,952,0.914732
22e703410084c4dfb8f046d628ac43316dbb941769bb428e1d56e5f8e28b33a9,smol-summarize,55920,1024-1535,1105,0.909444
b6eb9e023eaaf69c5da04a64be61555d3b4ea79a65bd80a6d9e6ba894fddc057,smol-summarize,57954,1536-2048,1612,0.835584
562969637cc02d5a2ae6e88d7e19155e0f1a7ac349c41f3daa485aa49c7c97ee,smol-summarize,58340,256-511,420,0.918323
15ddf3ab038ae3f88c2c6825078e47c4907e0c60acc75c0a273ed27ca0f55f19,smol-summarize,58480,0-255,251,0.871591
4911e0a2fe3e06810d4a018b9eeeaee4c8792a35f541cb455b79a461a2c1e939,smol-summarize,58861,256-511,337,0.906502
3111818011853b79d7e4fb497644a7061b151598bb68d99f3729654b5d4ef17c,smol-summarize,59002,1536-2048,1664,0.851809
f2c6948c45888093a74261c79a49574c8b4d1170167d5e9f2459dbd8858c7ac2,smol-summarize,59997,1536-2048,1537,0.847032
ab1b9b645251e0d2ff387a238e4bbf74651b7c87649bfa079281e8e848da60ba,smol-summarize,60005,1024-1535,1078,0.917902
5c61e899fbe2380774ba214e3b1513326cd6d838f59994fe2cf64cb3e7a774ce,smol-summarize,60238,0-255,142,0.801019
6bd23fbfa9a047c793ba14a3b74dc5841e790edebc7dba33745126509acea91d,smol-summarize,60622,1024-1535,1267,0.919708
44c1b374857b5952e05b010dd8efdb80ab73d0c68789cf201066279634c6888d,smol-summarize,61005,0-255,235,0.886786
925853a82a37b2d8546d19dd5b8888539be38d44b9a6dac5b42ee2ecca80668d,smol-summarize,61792,0-255,198,0.773717
346f1df0196f2f2f3555b35b230e040566beec308dd5b5806b815afa373c7eb1,smol-summarize,62009,0-255,250,0.889989
ad4ad4bcdbc0b4ea0f0c3940d0ce13983c54d2e09db181e7dfe95233a58f1606,smol-summarize,63395,0-255,219,0.857357
c3b5e397e47350c321d3556321ca7e4027621e4106b0602f327c542adec9ae4e,smol-summarize,63894,0-255,253,0.895844
272c42340e8f5388634dd825bba192c884e90a02312e8cf21493fcdd580590bf,smol-summarize,64236,1024-1535,1025,0.914793
efc3a9d0e7b218d68c7ee1c15e13f68fcde867015afeea92d6567866816b5906,smol-summarize,64679,1024-1535,1061,0.921504
86f6e9c54def2b4eee41490eb369547bb663ce02145386f05f1b84a1409e6ee6,smol-summarize,65160,0-255,221,0.888093
c81cad0f806a9e864dc65aee687a05a606bb12954d8db6a7838c5b144772874d,smol-summarize,65755,0-255,215,0.753817
18f1c3f23d5d926593783121d604e324ebdc8023234fecfdb2cd0a4bee1d8ebe,smol-summarize,66049,512-1023,636,0.93442
c5d2e3cd718ca8cd7b8c1f395284ee0364ea127e0bc6ee2c3a2aa533f6401a3a,smol-summarize,66269,256-511,312,0.903559
7456eaecf17f2ef531cda13b8954b3605355a3053f05416489b050a9d9602295,smol-summarize,67265,0-255,244,0.888107
d9371f9b45d77543af07ef41d2c10107a5b1caccb26b47acfc04b26b60455a4b,smol-summarize,67886,256-511,314,0.88578
2b017ea60c5526dab3111ce47b88e3efe4472ccf4c086b104affeb69e54d34eb,smol-summarize,68333,0-255,239,0.795762
ebc1068559d41787807c85e22d268a4a94050886c2cc6b8b0ee388af0a468bc3,smol-summarize,68344,0-255,246,0.805264
b5b33c21098ee31ba975c5d885564a7ae9c2b7730dc18b80419133475c33b391,smol-summarize,68370,0-255,252,0.896691
67a2135c85451fb14e242161651ca77553e547901870d10337c2dd1ee7d9f45b,smol-summarize,68458,256-511,356,0.91718
306a54e3829954d0f0ed7dc323be24eabb9219433af2ccbd7c77659670b11325,smol-summarize,68551,256-511,398,0.753085
c87ffe235f8b1232b424a1da2368ada3ce573581d1ae5d8b1666007ff35faaa4,smol-summarize,69036,256-511,426,0.89297
699bd9331e941fcd1ba45509ad35619de901e3aa386b1337842a93f0a09ed6f5,smol-summarize,69865,512-1023,522,0.9268
0f0f6c51197223495123a8cdffd9ed6f8d5af77e55c7a0742cf57ca2c156a5bf,smol-summarize,70400,0-255,204,0.80044
99df4dc3a229f9065d290031840ceb4eb842041de18e411acce9bd7a4c70f27a,smol-summarize,71078,0-255,222,0.847586
0d93c0cf4eac7b7a277d1eda1a120e05a9f5b37f903702ad2233d163aafd9819,smol-summarize,71280,0-255,170,0.778999
f782e63f792f466f4b8eed3602e05791b2929359cba56677ecddebb9e0184803,smol-summarize,71760,0-255,251,0.890192
957200b114aa2ad1888eba61e0f622a719378974b3981f5653af69cb701fbfdf,smol-summarize,71881,512-1023,596,0.93753
c46cc976e3355b7777721eec542edbc0400184726a6a84cef97340f9e994433a,smol-summarize,72238,1024-1535,1032,0.91266
e43a872a594f53f38964a35d124c492c121ba35f01e9fed82a802a5d17431c94,smol-summarize,73132,256-511,277,0.87267
dbab9a9d4b4c8b64b6987dd3381c51766b4c1dbad2a9dc26bd28620aec5650b0,smol-summarize,73625,256-511,332,0.910368
eac0f286640e5697bb92cd29d09b6d4594f9d85a424c942d860161bb39dcadce,smol-summarize,74306,256-511,260,0.865083
b421a0fc91112aa8595b750a7b4d3efdf2f7824236bc6ab2b54c987ef9dd994a,smol-summarize,74351,512-1023,583,0.933158
a905078c7fd96e84af01b0da70eec776b7873661dc4749a29639eaa719686447,smol-summarize,74556,256-511,319,0.889059
50974b9e04067c801e0b8e66fb6d583b92ba322c2b7498d64e1669809912196e,smol-summarize,74795,256-511,388,0.909282
9f3374696d8caa9356f32555bf5b45aefc036c5af3b974093130944399ffb75f,smol-summarize,75621,256-511,357,0.910893
515919d91ea5cbb3b0eb8cad2bec41664a83195ef8c8871fa93b2868eaf941e4,smol-summarize,75700,512-1023,608,0.925278
ef4c7d03165c918abb60bac3ed045c54aa38ca255b26fee61faac41110c74b57,smol-summarize,77454,0-255,179,0.774808
587504352c312a96238b6f023df0b387870b12969d063fc8e904e68fee236ffa,smol-summarize,77588,0-255,219,0.769068
d3ce37cfadeb66e2698f29e5fe2aeed819c9a9d998d4f52888a6276a3e668712,smol-summarize,77659,0-255,213,0.759296
577be90aa83cc4b8ae30c7a14dfd8438789b15be3357d655f68d392bb3023472,smol-summarize,78841,256-511,331,0.942455
8f844594fa1b82f919c02081cb6ec78eafcac890a4a5b462ef2f7aa40337b9e4,smol-summarize,80243,256-511,283,0.851176
b96d9fa387ea6b72ba2bdb9ae2c8c2824d685cc92a80b633eb4b08f55af5f3fc,smol-summarize,81196,0-255,210,0.902802
44fbd4c8f2cdc391f1252248c029aacd08ebeb2ec1662534d346e8465a869d0d,smol-summarize,82642,0-255,250,0.870128
1ad4fdd878d634183de387d251e4ada1fe54ddbcc56bcddd83c1aa91d128c142,smol-summarize,83100,512-1023,587,0.916962
d882584e68fc0c4b81e50b524a24c2f3737dd41150b5e19579494ec7cfb5468d,smol-summarize,83704,256-511,304,0.893898
edd2c94ff43f94af4dcd00c17790d08a86a7035d484166037d3a80e57c42aca0,smol-summarize,84428,256-511,278,0.945679
f1b252bf81c128b1dd9cef0a69cb79922c551d4cfb1e7597392fc570a928f975,smol-summarize,84552,512-1023,527,0.933627
7cee1552971539d99369969743f9e78f0e8da06602afe66055bdad2869ef67d3,smol-summarize,87070,256-511,259,0.878917
a4fc844268403eb66ba1c52c7e5c2cff4b7f0fae17f0ddc1a519f3480d4470b8,smol-summarize,87206,0-255,217,0.792308
4a7f99c6b2846c7b1e73d30fb1ab2b5ead9d064b2598211b1415b26017ecb6a5,smol-summarize,87800,0-255,238,0.865536
a12b64f557edbfb1ef0b3f021a2a07ec48094b99035922b4937175d04a3d6ec3,smol-summarize,88098,0-255,236,0.865467
7c319d59ccd1d5c42c60f0b38cf45b886be19d9911629a0f9fdc6619fa15db11,smol-summarize,88391,1024-1535,1182,0.919659
65601b2ce0801c75b327d3aee7dc3e3633461044f879702e64649e2b71241c61,smol-summarize,89736,0-255,249,0.885111
656925510ef9c0d10e9c6c0aeae440cde9905c495d5d4cd32a17e17ecab17786,smol-summarize,89797,0-255,249,0.767477
cd71fd645db4b2c29f01d2f110250293c19387faa7c4e6cb14e567ae167e6bcc,smol-summarize,90509,512-1023,524,0.933455
130e179c4db5bbd3daf0fb4970ae9c20201c7bd937c65392fd2d9656caf6a3b7,smol-summarize,91441,0-255,233,0.857007
ea27bcdd60e7642513f39a65a6a9dbf0bb344dba6f37812b325c8ed6145d1f21,smol-summarize,91753,0-255,199,0.917885
209e8426f763635e44d27d158f5653c2950aa65205ff07bcca5014d36d3e596a,smol-summarize,93177,256-511,340,0.780969
fdfd51e88774627b1d5f9b5731b0ad55aadd8409050b30fd4ebc98cfec4d35d4,smol-summarize,95008,0-255,202,0.794582
237651e1bc28404d79e10281aaa73de1d084aa671b67d4566bb77ce7e1e86110,smol-summarize,96215,256-511,298,0.910498
30bf2762379aef4b6bd841355959a57165bef6c79d4e8de719d3fbbd646529f6,smol-summarize,96222,512-1023,564,0.949558
