example_id,source,source_row,length_bin,token_count,quality_score
9c7cde67f43e950bcd55723f02d349cfcc5f9bc8a1d6dfcc590ef491373cd438,smol-constraints,614,0-255,232,0.966577
9ad7e696bc13c64932fab82c002be9be42571dd4fee5947528f42a7d5b749606,smol-constraints,651,0-255,144,0.976485
7fa76d11a79aebb1857a47cd159c7fa41d7366d0d8362296605ea97a7d044402,smol-constraints,1391,0-255,160,0.966582
1fdbf82847d994b5071977c991ea67c87527d721c423e76cad952f343b9abe3c,smol-constraints,1599,0-255,154,0.973714
155137ead329e6d14ed22680da34f4657fcd4acc63fea0c97a5db988b1502e62,smol-constraints,1939,0-255,201,0.967122
04d3c997b280f96829f38718077db3ff0bf2d02626506929f112a4901e7d1288,smol-constraints,2115,0-255,90,0.838735
685ffc09279ee472b9f25fa5866468d240ebde5f54b80eb356315821ccb65cc6,smol-constraints,2697,0-255,143,0.972727
611a3c31962f16e4681e51498ea04b24cfa974148979451dfb1fb323a14606a0,smol-constraints,2788,0-255,162,0.9655
716b5ce1b95120c12f334096f70e4ac31b3a8d9ed37ec60a2a4b827294989555,smol-constraints,2995,0-255,208,0.966341
6161701cfa14c11d347520fbbfdf017cd4d66b465253b441a0806064a9b4a73f,smol-constraints,3278,0-255,183,0.969428
75b1a2ed9d40982e67486ec0420636468b59dfd83b1ab7a06de08648bb9c5885,smol-constraints,3760,0-255,144,0.973211
bf87203441d23e444f47dcf5eb56624c0b93ca4829f099071f9774ff67c5be61,smol-constraints,4394,0-255,177,0.977263
2824422098e9249ae5678ceb3bc3f45149d9d0b5679b4f8b5f90b47598b47db4,smol-constraints,5637,0-255,155,0.984072
d85b0f6f7d24f88e3f5daf3300de36660e8399ef7922d6df19f9c65fc04d4591,smol-constraints,5765,0-255,183,0.965075
869316e37e409e16952b2f8c8857e95a9ed074d29b1a4aa01db467729cfcdf67,smol-constraints,5785,256-511,306,0.959117
8c90ee2cba274939ee61a3cbf9383210ac19b598ce1c356ae424d0bcbb6d9bd5,smol-constraints,6087,0-255,151,0.967399
9c772bc40094e404010240eecac099e67856e03c39ec354be6f05c0deeb420af,smol-constraints,6138,0-255,208,0.979006
da631fdf48c0ae0f6ba3c653a5388edc1355871d8be44da077ed13d72b533582,smol-constraints,6569,0-255,157,0.979301
eafe8d3349a1391f5b4894d04587e6841ce1aecfa55a93a8c7fed2b6d9d319e5,smol-constraints,7192,0-255,144,0.96904
d6f8eb7256882f8352e679c262b33e4a5fcfda88df0438c4bf1d5cbdf5b65bd5,smol-constraints,7678,0-255,169,0.973302
6227349f3dbf8a19d8394b907f0173f783519941b2abafd6bf953ba97615d349,smol-constraints,7752,0-255,221,0.969556
4af0b26e649164a48bdb8db0be15a952b431e06b76d66ceeb9506a00574c76d3,smol-constraints,7939,0-255,159,0.978902
e09b3559294cd57271f557156907cd143594e2b831f1d97dfbb0ef16eb4adfd3,smol-constraints,8185,0-255,240,0.967109
3815aaa0504b5ea7d1ce6713002a03743205fdcf9b5211a816e622438c1276f0,smol-constraints,8208,256-511,302,0.966844
16179a4ad330350baf2748e00fcaf85782347ab2160f31e0b8b6a8bdce46c801,smol-constraints,8290,0-255,164,0.968332
f7ce4f0116568faab87d5bdc63654d24c5eb641b8ddd6a9aedd0bf5deea4c02f,smol-constraints,9474,0-255,134,0.967986
dfdb012eedc84b3171c5e0af5634efb56fe716b1664ca033a167beb5dcd1803a,smol-constraints,9852,0-255,146,0.967481
ab50c40e1c8ac0d826940ac9b3afa44402ba559f36ddebfd53833ca79a375d98,smol-constraints,9911,0-255,192,0.967856
e0866bacebee47ca9263f4ebdf499d929db3e139215123c952346fce97718d99,smol-constraints,10371,0-255,172,0.968744
eb0b35ee141b56b029e8bd99e96880e461ba590d5fd9446d3a92beeafd758933,smol-constraints,10555,0-255,202,0.982129
ee4565368fa7bed2f5d15414a687926e27902b8dbe445d81cd242a329b01b889,smol-constraints,10568,0-255,158,0.97772
3b34617104a5fc835fbb01f791fcc5a6366c650807f59bcfe800a61ccc77b486,smol-constraints,10897,0-255,166,0.969465
698f4d4135e00914d07fb76bde7f2726dd6846ff907b3f27cbe3967ac2600f66,smol-constraints,11065,0-255,223,0.973578
e0c03ba0df170aeb90c720b6c67956f45cebf4f7092384d28d497d7cd6be5b3a,smol-constraints,12185,0-255,188,0.975287
f71c178cc20300d22082c218b1942a480b72ee6393eeecb59d976b7218edbb95,smol-constraints,12240,0-255,189,0.968878
41e45fb809be4b14bbdbc171eb65a14e500fb6fa3d948cb81df20aa6fd2477a0,smol-constraints,12756,0-255,195,0.969236
c67e5a8bc7f1aa29f64ddcd6f5a8823e2d0edeaaa57277cc2885b8007838e195,smol-constraints,12924,0-255,174,0.982544
8538e04d79dd8bfe18ec056bd62c3b1e85ded43c8afcc2a78cc9439b843be49c,smol-constraints,13772,256-511,267,0.958431
a385147d8432ee25c19bd2f627c01f6b802ad1e370bc399741f27d04d291dfce,smol-constraints,14513,0-255,206,0.967964
264808c1ff12aeb705b6679379dd461f4494189060c5e77e5142713c71854ee7,smol-constraints,14613,0-255,169,0.973004
7f20e4fc70af5822ce9b85b3ceb9f2dbc6741e7f88671b8dfa84df14771ca802,smol-constraints,15080,0-255,207,0.972806
da7357eeb6d133b3916212b9420d5835ecf5ee1be0f44de82a5fee59bbe70bb8,smol-constraints,15155,0-255,158,0.967165
b10bdd39bd21e7bcfec33098970776cf639e3d056840c82d791740ec74267fd9,smol-constraints,15528,0-255,201,0.966743
8c50c07444ed19dc03449817537e8633ea91a654e39c342f7f8925b6dde57213,smol-constraints,15580,0-255,138,0.969756
453616bf8b95ffb0d31d2a111b35dfb0f7e893860cade760a30e8d2921ed7e60,smol-constraints,15974,0-255,155,0.974524
79237bd7df655adca68126215b6dfdc3308658b844d54bff8f55b7632f22d3e7,smol-constraints,15980,256-511,306,0.95698
e8f23063c95670ddf6bdb6e9636261237bd42f1aed15d156fa795fb3ab256547,smol-constraints,16564,256-511,287,0.96
3081a19ef4db646c192d9c913d990f9e4bf6d3f64782490a55f633f8c35f199d,smol-constraints,16843,0-255,173,0.976818
adea274cf64731709c26b056c48160bde556d0dc78c40c5b1d39fe039cdb2f86,smol-constraints,17193,0-255,124,0.965307
5efb962fa235593922ea56497ddc97130559708f77c630d048255db8920cf51e,smol-constraints,17476,0-255,171,0.980405
6d3584e29f33f918d91d35c2aa32a988c6541c32aefc1f69d93d187d7ad3e7ba,smol-constraints,17970,0-255,151,0.981125
452c4597b38496a84e8f153a01f3bef75baf6055326629bcbbdef7ad3192c387,smol-constraints,18436,0-255,149,0.970915
9e733a35e4235405c8ac8e216de7a6a95a16f4e24c804328cb0149930c7d832c,smol-constraints,19376,0-255,169,0.969588
c46a3cf33a2de7726915e0d26f0f0d05f00c4400c25911b6566ea940e9a9aeff,smol-constraints,19445,0-255,168,0.971358
83a4f29aa068270cdab2a5d58310b3b526cf1b62e6c757f6e8fe77f1fa5889a3,smol-constraints,19773,256-511,339,0.969382
a6359b2dd1e7556b910479e60be6cd5f5480b04590d79e968c00d7efd14657d6,smol-constraints,20901,0-255,172,0.974525
661a933998620d520bff2ee2b12a205e24831bb426cb6d954b52af018fe801d5,smol-constraints,21754,256-511,404,0.957232
d36a2eb431351e1882f09014024fe984f61754244917d12af9e4d96fc8deea7c,smol-constraints,21908,256-511,283,0.962869
fe3ce602635df6b69a590366211013eccf9425d2655cef81360e6e4282fd7fdf,smol-constraints,21920,0-255,150,0.978023
872a17bd4e835446469eb2fab8db8c0c7c69aeb0c6109a6d0a4ba596827b64de,smol-constraints,22225,0-255,184,0.975462
3b8c8498b0b74474754e4a8e5d50f1c9b2f63d34c6311500c350613ad3dc5308,smol-constraints,22971,0-255,164,0.965783
119642a16e9e61530dee1681321d117608830489a4e8c6c881cc3d1cdeb4d528,smol-constraints,23706,0-255,158,0.98511
62842a4a6323b27b423fd6522df90d484d58ad165bdfcafbac1948eaaac42d24,smol-constraints,24444,0-255,174,0.96549
c7336bdad662a02001f0ea0056069de7b60b78c913404f7adc874f50f3989009,smol-constraints,24508,0-255,210,0.966766
a00d5d1c60f95a98d67e597793441ed1307be7332984c9a8d686d4f64328bcf9,smol-constraints,24572,0-255,173,0.966508
c373966a38a532f27afa9709ece4890039f7d6a917b974963879499b701cea24,smol-constraints,24625,0-255,158,0.969078
8da3b21e502ad61212020b0059bfd9e73b529e024dd38afa7b44f3ef5b163b39,smol-constraints,24878,0-255,194,0.967094
80f056562aeb2f110291682a481c09a2fcb4d1cd854dae0d77a4fcf1053490cc,smol-constraints,25135,0-255,188,0.965864
36032eb5d054f734dced3cd7bae26dce70a04d09449054931e4e9427e2035997,smol-constraints,25477,0-255,156,0.968975
f0b1f09ae3c6d5925c49df76ed0675c7a143ebf2474d5f214c8429db2f835f37,smol-constraints,25956,0-255,194,0.969222
2a2504006cecfc852ccc25b9612aabdaaad2d1885b48900fc7dd62657becab33,smol-constraints,26501,0-255,197,0.967591
b0495df328e272175bca8a851d7335e81ec2383d7581903793985ab477137440,smol-constraints,26826,512-1023,516,0.940839
37283e2a9abc7df34e60d4923a7b6e493ff0892ef5ec05fc045fb857d40dc24f,smol-constraints,27135,256-511,260,0.957021
ec6dd8496208ea4b8d307a8aa84bd9ff4332c8051b5b59a1b56622af669d6056,smol-constraints,27278,256-511,259,0.96062
066a5eacd4ad8e5919c8a61286804d4edd6509682620959170713eaf917865a7,smol-constraints,27404,0-255,147,0.970324
06bffa03a3d36acc4c21f676035be2b08c5855ca4a0cafa40b68f9167a47a182,smol-constraints,27476,256-511,273,0.958932
749c91711a712332588d089a1f262c24eb43279dde2ccda822ecaa22e0b678e1,smol-constraints,27623,0-255,191,0.966031
93e08c9a4eacf739cf26c5c8df6d1897b0b98ee0ae26c1ac53a300e46d0fcfb3,smol-constraints,28197,512-1023,516,0.943429
d56da6a5ccbabe40675979c8a249fd86d3fe7dfd62c285636e0f0ab020cc7914,smol-constraints,28377,0-255,156,0.979016
a814d4d3d1a4aaf6d49e572b412d3b0cc4c5264d0db57fb724a65fe855b104a7,smol-constraints,28789,0-255,183,0.971259
080f659d24db9a2d3e475ebe100017d9a053110cb11b677cf6c84fa9548c36dc,smol-constraints,29196,0-255,137,0.977027
5402b89c1a4e5a0252fddb44200a4b4a67d70f98f9be27645d57d26a2177a2d8,smol-constraints,29842,256-511,277,0.963094
146beb0dc212a1a96417ef4834bd37f78584ab3aacc1a2c7803597b31b19a730,smol-constraints,30714,0-255,173,0.978403
6582564cadddda9d5ae5d430836f3410e7e3413785b60e007b01e9717bd5ccd4,smol-constraints,31690,0-255,206,0.973062
35da774164fe9cd41abab0892730707da0d369ad6fae1fc0067ce4a14521ed59,smol-constraints,31980,0-255,167,0.979318
812dc5be7643c718222fda399dfeb63d1b9557f79e93aca2d5ff8af56effbf09,smol-constraints,32176,0-255,186,0.96953
f7055bfc76b3d8f9552d1eeb7027625215b9457e8388524920165e6a11ae1c10,smol-constraints,33700,0-255,183,0.978907
8e11cfefe0321a1d767a989f93c003ace76e9cd9be25f18639f39ae2aa38c191,smol-constraints,33824,0-255,177,0.966271
9575ca19eeecd5eba44a7b2624cd3a74445dc36ed1e1f193129a5c998edc0206,smol-magpie-ultra,119,1024-1535,1492,0.894541
ee7eb77cc7e44b8e9a94f998e7de6ade2424da524722113bacad17a628e6feef,smol-magpie-ultra,177,1536-2048,1800,0.842435
9c9ae2843a3ec77a8ead69447e33b1b4ab025b5c28f0afac576d7bf4bd1ec107,smol-magpie-ultra,610,1536-2048,1688,0.838001
b9d50a6cc0b3c4b0496861ead3554bf45d7230d30cb4d3b62e1356c581c5850f,smol-magpie-ultra,727,1536-2048,1653,0.829816
3057e4852bc76089bd6bbd06c83bce7a202032e0b97b7c47cb1989d5dbe63747,smol-magpie-ultra,1470,1536-2048,1990,0.830674
591dd5e8608f5df1f6a5474bc835b6927791a5a7f6deda6d7fa9b7b83e26a766,smol-magpie-ultra,2380,1536-2048,1780,0.831998
b14f0ddd1008663ffe91d8581e8b318ea9caf62e67486ddca827851ef585a428,smol-magpie-ultra,2447,1024-1535,1227,0.894256
15ef9fbef65a67773438e2aadb7bf534da449f86135d99989ff0d91d820ea13b,smol-magpie-ultra,3085,1536-2048,1779,0.835627
ca0aad5ab525cd8833f58833114405d6a847eec7512f8d03025b8d889c23803e,smol-magpie-ultra,3314,512-1023,907,0.912596
dff64e71946401ebe480a7b14bcf2e8f3ed5e100fa154b99ad8e4539441d7e1b,smol-magpie-ultra,3567,512-1023,721,0.913232
7c93f936510b36e425f20dabd95be9fe0b2a9abb7990bcbc68155039a0dd74c2,smol-magpie-ultra,3747,1024-1535,1503,0.892319
014ec115444deedc3a1ac9f959b9847cf233cb6490e1dc93d00376461d0307f6,smol-magpie-ultra,4117,1024-1535,1353,0.897268
74455c21f052038a68fcf57c66213ac5d699182a3965edd0994dd9ba2fc2b376,smol-magpie-ultra,4551,1536-2048,1831,0.831015
764f5d1229b36da23305210bc662dc8921327ca32d01ab32d6a54b730a457c15,smol-magpie-ultra,5080,1024-1535,1216,0.904731
e1409da8f45b22bce0296c3b68f4a30c78c5cf099a15a52f14cac970f774b060,smol-magpie-ultra,5143,1024-1535,1487,0.895101
99c1ec60ad179e288b8fa629e799067ea1c53e90697c44ef34f4d7f453563bc5,smol-magpie-ultra,5167,512-1023,647,0.916094
15d5b685cfe152f7b748303b207127b33f3e0470f7e83a20320b1e4ebc8aac28,smol-magpie-ultra,6206,1024-1535,1475,0.893577
35f0da2499ac6fa9b1ddc9bfb437d6563b91b7db9b3017c302815b713c81bdaa,smol-magpie-ultra,6408,1024-1535,1165,0.898353
961b0a32b416e3fb56e2bf8723322efb6eef96555c598174dc62ed522cf0d5d9,smol-magpie-ultra,8715,1024-1535,1203,0.890516
a851b60d1b46ee5bb8a0a548de4a0691dd6b104003088d5265b3c87845952730,smol-magpie-ultra,8908,1024-1535,1152,0.894813
013fa07b07022402c910d4803869aa2c5be67478acfeec8aaed03ffb439487a7,smol-magpie-ultra,8989,1024-1535,1350,0.897838
d1af372c851dc1962bb9687db47865c4a0368fa21103dbe48aedc1ea1a8dd3f5,smol-magpie-ultra,9495,1536-2048,1692,0.833734
44685676a63d66ee9fa821ab72cb6a8fa54bb5e0cffe5d5bf4d4d60d983060cf,smol-magpie-ultra,9778,1024-1535,1242,0.894513
801d846eb555ef9e2c4de2b561a9868e22057173060cda0507702a29fff74fdc,smol-magpie-ultra,11772,1024-1535,1423,0.896786
781cec9895cfa55eb5ffc69241ebf9566d0bf3194c832e2e5b27f71dff2cf4fa,smol-magpie-ultra,12142,1536-2048,1599,0.831552
b40d5482609d41907bdddfe6fe9e7cfa6074854dcaa006fdff0d6d0ccd35459f,smol-magpie-ultra,12361,1536-2048,1562,0.832445
12d2ec29bae3dd01d756feb166dbad0654b088120d4393e11a9912c3b2e674d6,smol-magpie-ultra,13892,1024-1535,1339,0.893014
d2160b55ba4bfc72e74606db4e70460624b1bc14aa577d83de78596f2e810b09,smol-magpie-ultra,14068,1024-1535,1396,0.891535
cf2d755f44547baf56e311e6a48851a06094babfc87b8e6f2c79640a7e6a7efb,smol-magpie-ultra,14263,1536-2048,2030,0.838219
0fac66fa27b85a4690f422bad18612c500d3401eee70c7dced885eecef56cb8e,smol-magpie-ultra,14723,512-1023,936,0.910153
ad4b7d95860c59a02766927fd8e8a382d0685e128cf100439db75f323a6343ee,smol-magpie-ultra,14909,512-1023,613,0.913656
04b2d19b51367fb9b13722dc17bfaf03afaed4b18f802ed55f7197cbf6fb1bf6,smol-magpie-ultra,14928,512-1023,804,0.908522
d5d6559cdc26e6665f6e9e048a80a58e86f82b1f813bfc3a281624dde1c5bc4d,smol-magpie-ultra,15017,1024-1535,1509,0.891826
ae978c23445ad8f1cba9de08ad24439507a67b5f1bf6f8cf5f6db88ad0cf6f1b,smol-magpie-ultra,15315,1024-1535,1259,0.904437
43c728cfc25794cd12137c15d3716d711752b0eae65011ad2b7fef377c92cf4a,smol-magpie-ultra,15532,1536-2048,1746,0.833871
395ae4d5d260d4023e9a363c7b337d87d1a2c3658394c0d1594d6dbff55c1445,smol-magpie-ultra,15687,1024-1535,1296,0.902342
6d83bf17e47aff7c3966199fcaa418ba4551c9435d6981c4c7ae9d9c7f9c2b9b,smol-magpie-ultra,16340,512-1023,813,0.916633
3a7a597ad094e06e8545b4114d4a9b4c4e5174c2ad0816321ef72ca537c9137f,smol-magpie-ultra,16746,512-1023,1005,0.908215
91926fdc1f07e1f0094c5b18f66ae417417249c5ab171973b9f40211289dadae,smol-magpie-ultra,18332,1024-1535,1041,0.906525
a29d80ee2d24a03a6f61a1a3b91be372b82470d4bc202161b60decfd96483c56,smol-magpie-ultra,19279,1024-1535,1447,0.896727
ce975654c7ece2f591c56388a4444b8798dbdd9f428ae9f1e2e7bbd6a61b2d00,smol-magpie-ultra,20169,1024-1535,1492,0.900817
10912e3f63e36bfe07da75775ff1b31b7611d2aa59b5993b6093c6a2e90e70b8,smol-magpie-ultra,20620,1536-2048,1840,0.832478
326a7265e99a379f66867809a59692a761466e7b50d627652a9715d8b3ce8d2f,smol-magpie-ultra,21376,1024-1535,1402,0.907149
837bd08b325a9a79cb719093fad44f128e517cee207388fe86941833582b85f9,smol-magpie-ultra,22090,1536-2048,1563,0.831847
79d3ed99dedb1b1b30155ff6b6d9c69366a2f0e3ea9482ab5975ce11d3934744,smol-magpie-ultra,22253,1536-2048,1667,0.83426
4aa1473c34028d170ffa5c8978b6bcd3199ad0b86df2db1990421535ec9d33a7,smol-magpie-ultra,22641,1536-2048,1631,0.848622
de822358774cd3877ce2c7f69091e1359fcfb358ce2ab833e3d9cd6d7e6d3595,smol-magpie-ultra,23165,1024-1535,1363,0.891283
87f3fddadad96d465b8803c34df235d1df48b975fab9512a26ffab9b164d50c7,smol-magpie-ultra,23867,512-1023,645,0.921689
c09146161346c070c79ecf220f027f43482961cbe93b61e83175157df0d48179,smol-magpie-ultra,23930,1536-2048,1567,0.832402
859320e8c4b4885cb0fc6efb851e82aa988254317b31aad8ab49bd1aeeee8f5e,smol-magpie-ultra,24297,1024-1535,1163,0.897568
91f59cf5aceabfe76e55bf6344b803bb8148022a11380ea221e12a539dad6d29,smol-magpie-ultra,24528,1024-1535,1142,0.895864
a1fec9bc3df1abc1b7e4b994bb8a44a398b0d7eb4c6d0e8e6920b4b8b3634820,smol-magpie-ultra,26664,1024-1535,1160,0.90661
a1056db8587407439889b221a0eb4e0c7bfb0da690f3d6ac374cac417289858b,smol-magpie-ultra,26882,1536-2048,1643,0.831601
3c0985a0e92e5391ff9be86562d291c4846ef14a6c18ab231af6efc93930c3d7,smol-magpie-ultra,27058,1024-1535,1156,0.8974
10c896fc276dc6521d82158448073d0498ef4e18da226c762d9b7fc23aace4cf,smol-magpie-ultra,27063,512-1023,679,0.922576
0fc71f6c302e16f75d253c57752d770854f550acffe88ee818770af4922ba63f,smol-magpie-ultra,28777,1024-1535,1497,0.893089
0369ef9b114d373db03ab0f88a9551633ee04dea2beaedcd7eb1f1c5baf764ab,smol-magpie-ultra,29923,1536-2048,1816,0.83061
90eaf5c3036931d4557eed3e00964acf5142277f9e7cf6c7cf35e25ea4949c5a,smol-magpie-ultra,31868,1024-1535,1149,0.895815
0556966a44fb92f6f539abadd87cd2a913c6200068f5da1cd4f0ea42c220ce1e,smol-magpie-ultra,32503,1024-1535,1337,0.898043
fc71988cdd6c3f1d06e0893b5684bafbffdadee0fa040d7d6db93f9d3155019b,smol-magpie-ultra,32504,512-1023,842,0.907011
1523d0fe2bbbbed56c1de3c80131525169df6d59618545436becf327e57da32b,smol-magpie-ultra,33946,1024-1535,1533,0.899572
36065c119c7f031adf30a0ff793026ae21f296a13f6800c5d15c992cf8089282,smol-magpie-ultra,34445,512-1023,540,0.911728
5e19b5ae55932622426d9377dd92966eda1b36da0c1c90d6411a669db99246e5,smol-magpie-ultra,35478,512-1023,917,0.907179
b22d215c39f72fa4ac5d53fb5d216b8439e14ad0ae308c9cb2ae4e45b38c698a,smol-magpie-ultra,35756,1024-1535,1462,0.891077
5fcd863f2d6ba5d9a1635855576089bc569eeb4f4f8d63ad4cbbd2f2a30a4d33,smol-magpie-ultra,36214,1024-1535,1186,0.903794
553067f8f552e6ae317cf66c17c15c5ce559856a42f0eca4c400208500e24770,smol-magpie-ultra,38086,1536-2048,1631,0.838414
6bb3c53fc8cd446ca94d48381e9fe7d9dfeafb6e4c82f6b0c6f9c828ec86a4b7,smol-magpie-ultra,38149,1024-1535,1360,0.89105
6cacf5d891ff0af59a89caadc9749d36fbc8bb2fa634abf9bb973941a4cc0cfa,smol-magpie-ultra,38541,1536-2048,1605,0.835576
1b5d246b3fbf82de19d83203240aa9b758fd8a67f094f3153cbb879b904048ba,smol-magpie-ultra,39204,512-1023,995,0.911189
16af766818441f1339f95773f5df447c9c70582004c9f15c2c8c286072e9d863,smol-magpie-ultra,39589,1024-1535,1334,0.900318
2ea7bbc0c1e95de79122e73791fe930af3aee7ed012e1924f0e7b691be1ff7cf,smol-magpie-ultra,39620,1024-1535,1196,0.91149
e92edfebfbdcba008fe5eeb8f9ce2e0c0c3b744d34a0c3bbc5ead048edcf458f,smol-magpie-ultra,40265,1024-1535,1387,0.896133
aa245327f51b63c83ce6765c0bd6aa19563f9aefa17b4ee3dd78a66ccc33322b,smol-magpie-ultra,40305,1024-1535,1295,0.905235
d4a81e1b8fddc2a84a3e7a6ee6a46dbc36a0d0f20221f85772566c2c5a5f64e9,smol-magpie-ultra,40691,512-1023,694,0.934976
9e338cab6b7172a93ad1cfa5334f8140b82ef9e8a76925825b6aa1fbfbdcb8a6,smol-magpie-ultra,41154,1024-1535,1525,0.902412
c82f01e9d0030e42b473654b727372c21ea23ff4d7f2e7f90a60608d1e3e3c58,smol-magpie-ultra,43408,1536-2048,1693,0.831101
603f999b64e9a95b58c3528989fe354fed32f304c5bc1512bfa094bef7021846,smol-magpie-ultra,43558,1536-2048,1678,0.835912
99fdbd313a928b742b8485c157fc7cd20c9755be98a5508c4d69aac4143d54e8,smol-magpie-ultra,44670,1536-2048,1747,0.83151
5d7e044cd3aae274211b199f3f7430c0b1bb673de95f09a022d11748074582af,smol-magpie-ultra,44832,1024-1535,1364,0.899959
60c2e1706ea0f0ef4c6e85c04c9deefb5b06b4f336ca86ab2f060432bfd7117e,smol-magpie-ultra,45403,1024-1535,1484,0.891408
fab16e0c5dd513d885f2cb2a65708a623fb416e481ca0f102d410c9d8c2f8794,smol-magpie-ultra,46380,1536-2048,1695,0.832561
0fa52650440f19f6da2759717abf2a4cd1dfc79625314bd7d45cbd0f5b562b9c,smol-magpie-ultra,47696,1536-2048,1543,0.831883
22f0955032edbb8afe9e0a4d8132dbde281cd2f39184b7a617f300ca96454e1f,smol-magpie-ultra,49595,512-1023,624,0.908383
0f3f8ca60b1bedc3118e9a7b3641121558df8443b8958700914c47c8c328b7f2,smol-magpie-ultra,49786,512-1023,928,0.914832
cf5019a45318844e3aaa1f5ea1f68022463dc700b990e0e0e381cc6761fb9e25,smol-magpie-ultra,50736,1536-2048,1951,0.832191
f3e72f20ffa862adcdd0c8f3a73c84bcdbb5f24fa6f24bd2a8382bd322f5f60b,smol-magpie-ultra,51250,1536-2048,1627,0.835311
ec0e5dc37d3b30b6e8ceda261c51922a6c893b74108a1126f59134b5598a47af,smol-magpie-ultra,52005,1024-1535,1165,0.900355
be8b140baffaf3bda0022012d8940200837b3ba438c18697d3bf44db655a324a,smol-magpie-ultra,53351,1536-2048,1758,0.835947
cda789ed4d90e818ed928e8ae18f5a0b60e3e0dfdcaf5365c3c42bc72178f4cc,smol-magpie-ultra,54261,1536-2048,1609,0.830408
b1a12a64e6060252346f79edd53ec0c87807b7716fdf6fecbde9054410e41011,smol-magpie-ultra,55057,512-1023,694,0.918691
84cbaf478cee8f25eff80b78ceb219e88c3d6c4cc565df0c19cf9c50e84fc16d,smol-magpie-ultra,55481,1024-1535,1158,0.91094
212d9a86233a503c247aa2c3d5fb4abaf81d3aa4081dc5db97b32d4b6c62b2fe,smol-magpie-ultra,55549,512-1023,567,0.913468
135166ed33785f88af0749faac2a68b09897c437ca255589f46b3be24ed3730d,smol-magpie-ultra,56022,1024-1535,1160,0.892009
4a6b3289c01ecbe48248d3ed10e9e3a079fdd5dd572aa79f1b11c51445e79ccf,smol-magpie-ultra,56281,512-1023,789,0.910791
44d33c5a2835c9fcb2f15ba6ad6cc51d65834fdf9d1a0ff7a6a903017b5f5a36,smol-magpie-ultra,56983,1024-1535,1376,0.89131
7642316474421ca5aee0a53a82f48810ecb972a9a902c46b034d9e2d12e0d69e,smol-magpie-ultra,57515,512-1023,611,0.914084
449f370e69fa42c2b3496d681ac1340afd664903fff98467f6d89bbf1a1b30d8,smol-magpie-ultra,58761,1024-1535,1308,0.894947
afb115d70d3a8c099d14824b38a33874d44255f8cd1e932f57ca0a4bc4d60ee4,smol-magpie-ultra,58942,512-1023,746,0.914849
347664f4a2d2e336e8e26bcfbd7db8671bd8652bed1f580dc752b8bed2ccd111,smol-magpie-ultra,58984,1024-1535,1406,0.894982
3ea9a0f0058c651574c2af2b020036d525f670904037971e922516035c2a3a00,smol-magpie-ultra,60374,1024-1535,1127,0.894363
1324ff01b561cb638db4768af18117b3d50e64f7cbfc6f768dff48b6c8f23531,smol-magpie-ultra,61280,1536-2048,1721,0.832118
7c4fa2297f007f0c1771eb2d9283c5d30e8088388874b8cc8a3e2b3fc30b9563,smol-magpie-ultra,61761,1536-2048,1709,0.831537
d177f38353519d42e478dce5a4cf956e6958fb8a0f389d6c9e58117d49cd6182,smol-magpie-ultra,61767,1024-1535,1334,0.893641
5b3c6cfdd696b2ea18e49f34b38fc0b1296d5c6a5746b6d5709da58ab96a4459,smol-magpie-ultra,61871,256-511,278,0.951698
85c94bbc62becc27b543bb0712ee2cdf659bae9752f19883b051754ffcf1fcbb,smol-magpie-ultra,62099,1536-2048,1646,0.830466
60658c245a96707d43ddea4cb15dc8ed285c76433b692ad0e6c3e0c444f1d9f9,smol-magpie-ultra,62952,1024-1535,1213,0.900344
44977e35d97b995f4728153cc4a7638aede77f5a3810b417ee579df0a8317dd0,smol-magpie-ultra,64328,512-1023,767,0.909975
31a0383c90930d98f1ca2452337e0487075a05d72cc673a6f16fb2ce13d5a952,smol-magpie-ultra,64602,512-1023,710,0.906934
c197771ee3413edf763db5f01d45fa29f45eddc4b1da664e01a99ad1db6c5d83,smol-magpie-ultra,64759,1024-1535,1293,0.891537
0fea2d3bd800af38f3d4882158f7b7a3caecbc1e1cb09461e86cbf951ca4a704,smol-magpie-ultra,66058,1536-2048,1730,0.839628
f58299ecda7d9c2c4f87fa922625c95d3b3aa7bde6c3a377f39be089bce7188c,smol-magpie-ultra,66281,512-1023,924,0.911073
4eeed55c749d8d0bd6b0a42727bb45b08b497314fe461273a0a8baaceaf887ad,smol-magpie-ultra,67156,512-1023,560,0.926371
82737105c1f81119202148521ad326eb9138c97a56cc9bb0c82738751b640de7,smol-magpie-ultra,67566,1024-1535,1144,0.891609
5515f6de3a4c29928229448569c5a9458f6833d5560127b6659aa4a3b3736c6b,smol-magpie-ultra,69117,1024-1535,1353,0.896082
3adce2a7879540f74a3c5c57aa830e8d5fef4aa616d6dc9ec9741f634193ffbe,smol-magpie-ultra,69196,1024-1535,1358,0.900594
2ebe6f2a5d4eb182986e3d772b917449e5da7b82450846155a4db81fcee81d50,smol-magpie-ultra,70045,1024-1535,1413,0.89495
8b035b50738c0963b94a31f2907ad15beb8b01ef915a902c1e8ddc8788d5f671,smol-magpie-ultra,70719,1024-1535,1198,0.894829
2137e55c9a460bbe4c99e205b82832053957523774a1dfa5d0a347e03ffcc1f4,smol-magpie-ultra,70738,1024-1535,1343,0.89654
4f6c082da876c5500e21ca62adfb5cc2bc3c22a17b5baf17e981ff8a5d138747,smol-magpie-ultra,72128,1536-2048,1977,0.832218
aab3b4418a945e4905a059720326387d56462ebaca6c4cc92225f14613c96aa6,smol-magpie-ultra,72167,1024-1535,1250,0.905109
4a7d8045dee25e6b81e8855f0d3a2f71fae80ad9e755077f73623924b885b0d1,smol-magpie-ultra,72228,1024-1535,1280,0.894526
2f99004411d50aaba174aa52ef2d770765882ffd45e66220371140af4270e62b,smol-magpie-ultra,72448,1024-1535,1448,0.902874
2cb1659b1210a3fa0addfd088f510429d69f2307174147177d9abf04bbbe195f,smol-magpie-ultra,73640,1024-1535,1093,0.906183
ed72beec3a9a48d78637bf1bd1fa65422c891b0db06076f566b154c29438d9d7,smol-magpie-ultra,76179,1536-2048,1796,0.831302
6a4705b3db88cd60356fe881dd8d5e18818e2695f5df60db241783100dfd21d7,smol-magpie-ultra,76592,512-1023,884,0.910759
34733c992d155a9fda0fcbd7566d064b6a6519025e79dab9591b93293fcf3e9f,smol-magpie-ultra,78770,1024-1535,1077,0.891882
a68ae05d02b9c8c7e117190041e1d289fe916769558975c37bb2485fe751126e,smol-magpie-ultra,78906,1024-1535,1409,0.897881
7bb5176b030485e57ba17e0727e8fff4690f35cb59e79267ea0ddb47316166e5,smol-magpie-ultra,79034,1024-1535,1429,0.89672
2be94b2b7d2745fc91ff7ff0e1e833ef09469a8460b95aeb95626e28c14646b5,smol-magpie-ultra,80191,1024-1535,1303,0.89758
45e5d2394aa6784bfbfe5fe69453684f6871c2647ba10497f3432ff82df95543,smol-magpie-ultra,80868,1024-1535,1313,0.905896
853514317cee93a629b586eb6f4509281c91b8fcf4631c5aae7521f93e41914f,smol-magpie-ultra,81444,1024-1535,1351,0.893021
96f2e4f9f9011d84f070731ea9514ff2e7c928c9c7ae6368746ae6fbb7d33dee,smol-magpie-ultra,81499,1024-1535,1385,0.896197
9b8acb898400a72c7e01c8d5d15f8b40866a2f9f9dccbea2bc97c2742a02fdd6,smol-magpie-ultra,81910,1536-2048,1557,0.833973
286814405b19ed1f4a4788a255985c33281ef9ba4b2d35f1e61146c4fbfb497f,smol-magpie-ultra,83617,1024-1535,1277,0.890435
14e36b9558962fb06eb572dfc3757745227462bf313d51278d71889c60058fd3,smol-magpie-ultra,83966,1536-2048,1790,0.837496
8b7a188e0b147bbac61d8d7fe582563c8c0feb6248fd3dcbc93d3f6ed9bcc84a,smol-magpie-ultra,84354,1024-1535,1270,0.905604
2883783017cd59e77c7540558af52d890f1cee31eb2b6d702662c8f99aff5a1c,smol-magpie-ultra,84893,1024-1535,1466,0.893968
702d7014f62ceb21650729f9ae63236335ecd8e4938ce58b4d91d318e37a89b7,smol-magpie-ultra,85273,1536-2048,1714,0.83326
6b0b0c96cc11d7a2be7d4ef4ba57d4f14b4656a392f264004ba7975175503cd3,smol-magpie-ultra,85623,1536-2048,1984,0.835157
6715a104fc963eb75fe316492f80d056a076f1aaee38f945c47eedae32b0abc5,smol-magpie-ultra,86241,1024-1535,1104,0.907625
aeb8065ab4fb9f98d5a00b43441cb9857abc05a59c3a01a6bf1a9d8ce81f97d4,smol-magpie-ultra,87043,1024-1535,1467,0.897781
a583cd9b0c694b97a0345b5afe28ddb533af2dd147c5871c5648f439c4597590,smol-magpie-ultra,87261,1024-1535,1231,0.89515
89170f0f6fa2f8da84e847ea601d76360fd9ac9049935d869236ccbe5473330f,smol-magpie-ultra,87569,512-1023,943,0.911064
deec25dca54da470726ea324ff44b0272c227b53991860a9552aaebfe24f22f2,smol-magpie-ultra,87928,1024-1535,1349,0.896469
a96e41946274378d03790cec27b21e5ea0218e13f9d0a6501cb4f98398e92043,smol-magpie-ultra,88564,1024-1535,1124,0.897684
e3469d5044f6d354db5d553b0a78ebca47994541106b54717da6d5c40fd3575d,smol-magpie-ultra,88851,256-511,310,0.944731
e42272f8bdd0372350a8fce94c2889f5fe7356de6b7450944d397b19ee34853e,smol-magpie-ultra,90216,1024-1535,1121,0.897969
b9b61de7362da9d9669664d992e05bef88360e59ebf0999e976c0feba0b061c2,smol-magpie-ultra,92027,1024-1535,1348,0.907677
2bbc1710fd426425e20877147af5059a4293cdce50c3316c739efaf0ee2f601f,smol-magpie-ultra,92065,512-1023,807,0.910631
ede2c68de0c065d4d074f1e8d723e58b8db8b4943f4a9bb029569cf0e38bab9c,smol-magpie-ultra,92372,1024-1535,1471,0.894132
6c0a76f95488a578bdecce1d49d9412c9102aca6bfd0e293121159488c428f5c,smol-magpie-ultra,92718,1024-1535,1340,0.892278
dfb359b24c3af503abf380ad263d39c560be43a69bb8bab5c7e1d15c020f8dd7,smol-magpie-ultra,92907,1536-2048,1545,0.83279
a23df7e73bb0e8c2f980ca7a117ee6fd4481885b3c65467037814ac0233822c8,smol-magpie-ultra,93775,1024-1535,1491,0.905204
db98920e7c5fd03744de3c5f279136b2aaa15febede5af2a50f4a227a18ca8ff,smol-magpie-ultra,94032,1024-1535,1307,0.890682
656c49138a0ca432de955908f22c77990a5d40be8eada826b80c0f2baab802f9,smol-magpie-ultra,95432,1024-1535,1416,0.897579
bf685713ea3236589490f7c10b025bbdc1df7410b4889195a5651518529a20d9,smol-magpie-ultra,96502,1024-1535,1194,0.892489
4fd4a14b1fdeccf70ac7e0da2847bdd85219e25043ff6aa6378fb93dd8e7a27d,smol-magpie-ultra,97589,1024-1535,1277,0.903979
3be0c27ef972e0cb0f488ef475f76c34610f559e5648fe5f546702961d22a130,smol-magpie-ultra,97740,1024-1535,1406,0.899326
bb4433c562296dde601cdbeb91eb6c7de4df3994a55ab89a4731496dd9d44438,smol-magpie-ultra,98124,1024-1535,1336,0.907798
5e45a819d6570db0a743846940f6bd44faa2aa6c2a983b5b4cefd4be7d5aa428,smol-magpie-ultra,98549,1536-2048,1705,0.84646
0bce32728cb9f98dca38de7c7fd1e10acb9cb6e35571d8114eebc91f61d479ec,smol-magpie-ultra,98738,512-1023,768,0.922337
b24b8ee046692b3bec9b3ed4a1b8fdc2b1346b6f176e5d331d446ef0f6a96694,smol-magpie-ultra,99248,1024-1535,1408,0.897994
cecff64f16bf0a52faa6b47388f2d77b35e79a904cc789b1bc2eb603c5a914f1,smol-magpie-ultra,100874,1024-1535,1083,0.910768
a4cee4e30bb5330aafd872a85cd39c6b32fd7caafbde9cecdd3038aba82c6200,smol-magpie-ultra,101624,1536-2048,1809,0.838988
dacfe2398cf2bedef8e502a07a961a061e9fadb9182974367631025f87b9c703,smol-magpie-ultra,101901,512-1023,693,0.91302
7b45ed6bcc46ac7de121b1e0f6a472d9ba6eebc1ab2bdee5342d21215b63d7d6,smol-magpie-ultra,102033,1024-1535,1171,0.897635
9a3cd5ab22dfd85d4fa34eaffb99e4f3e0c2b26bccc169d172a1fac2a5c2fa52,smol-magpie-ultra,102134,1536-2048,1835,0.836721
d5bab6de37eb40e3b6a188b9fb0a4e458bbd606a10ad91267cce3a477265f21b,smol-magpie-ultra,102951,512-1023,815,0.911202
a920b273c322f896c2040664d526ea2c1b55b82e79ad8db0391e67b3f1acfcb9,smol-magpie-ultra,103456,1536-2048,1640,0.831532
d2be33b07ebdf04ad53d0a9cf037ef8667120480145970ea1d3390e7404d0b12,smol-magpie-ultra,103480,256-511,367,0.952765
db93bfa2e4513ad07825321d4afb29cc19fe4274c6aaa3c4cded34d9fe9c6230,smol-magpie-ultra,103558,1024-1535,1484,0.893951
4e0cba71bd32015b333810ec41103064e3714969e457e8bdca3fab19c3229421,smol-magpie-ultra,103830,512-1023,863,0.909395
ab1dd8c4133cdbe1d5bcacfbc56330bd7fa4e9794d48da59260c3f4327c6447a,smol-magpie-ultra,103951,1536-2048,1568,0.829801
4fe50b526c7dd9db1892eea412fc852bb4506c404f49ce7d8434e48cf8498823,smol-magpie-ultra,104178,1536-2048,1579,0.831681
f2c0c5efab834308b27a504d7c91e9e6c984be6f4f31289411af4f4b8123c805,smol-magpie-ultra,106636,512-1023,809,0.912886
51c3f92c72f8f882bd945de7d690517472a57484fa9df3fcf9d210d1313f19d2,smol-magpie-ultra,107151,1024-1535,1477,0.891101
5941d314ff8a91042d93dd54a438b739f8f6d15579942b617df13df98ca660d5,smol-magpie-ultra,108069,1024-1535,1172,0.896301
c62e017016f72407f9b16fbabc0f4408e16956b82c74249f75414a9945e0f768,smol-magpie-ultra,108323,1024-1535,1126,0.896472
5bc66034d9f7e600a1e37ce1e3b2573221f11c2f88791d8a1f0464e3baaf17ad,smol-magpie-ultra,108632,1024-1535,1200,0.902391
1cde96829617bc7a0699f991a5229d4959131e8df640397eab10aa399b8ceece,smol-magpie-ultra,108773,1536-2048,1841,0.83395
5284bd2f52481f189760b248b034a7ab196d45765c2167f8dbc4a5d92d1d2657,smol-magpie-ultra,110933,1536-2048,1663,0.831982
4d081578a5a51562dec7a7527e28b41a63bb53d25c5556ad51447a9eb16d535d,smol-magpie-ultra,111282,1024-1535,1432,0.904679
3f0d99c1e9fe6f00ac3d16b5c8f0176d12a47ae933f79371d3c6082e51ce44ad,smol-magpie-ultra,111584,1024-1535,1286,0.893444
e18315cbc32dabc22ac4d029a21e4d637d9ae966de7f5d004861c6957c1f1e0f,smol-magpie-ultra,111935,1024-1535,1303,0.904673
575eb2f4470df0b402f3bb90e6f72738db85470a41425ce27ae6d339d9a88a23,smol-magpie-ultra,112074,1024-1535,1066,0.893123
9ce38e7059e14b207b92df00b2e5d0bc75429bcc7f09f64e3bb91f410d3e8a4f,smol-magpie-ultra,113246,1536-2048,1548,0.833451
13646a783399306e06693b06214f3b3833e8eaf5d2a515c6f467983a7d14ba6a,smol-magpie-ultra,113872,1024-1535,1060,0.893617
9921e551c9ef223b54b3a42b95d90d4868d59404cae567ab1d59ae58cf2291e5,smol-magpie-ultra,114217,1536-2048,1683,0.837577
ede9a129b124195f5a0f9e1649f9042e86ff70bce43fd2b3628b566fc22dbddb,smol-magpie-ultra,115235,1024-1535,1041,0.897705
bb0244f41e862d7558bc2b5caf38177a6ddcf15358677b238ada5ddf7d6bb143,smol-magpie-ultra,116435,1536-2048,1808,0.829675
f539d1f8275b296665ff17845769a9de8f2667b6af03d5048514b08d18431b5f,smol-magpie-ultra,116938,256-511,311,0.949973
0e8ce0918984a07e446a5416e58f66a9945199bb012ffe48bd0716c46328e95c,smol-magpie-ultra,117236,1536-2048,1723,0.832918
2e79337cf2907b831ec71c0e1b0db941f2701b6a84178c45092493c0fd3a5be7,smol-magpie-ultra,119334,1024-1535,1409,0.902987
7e2b2e5f09adbf1a2c3120542618797c699611bc2c9b5cfb54dcbeb4500ea22f,smol-magpie-ultra,119433,512-1023,723,0.912998
62f8311d752b1ab043a6284f9b0685a65b21ace4609ac4e0a1187e67cde2d8cb,smol-magpie-ultra,119637,1536-2048,1731,0.831578
d3b146e14e311c8320f6bc433efff9cf5d7f7bd16d7054b3b02f957d6927f6c7,smol-magpie-ultra,120093,1536-2048,1724,0.831302
38bd13c805998bdce6801a4b5bf42559b8621fee25dc9317d4d3ee1be53ce955,smol-magpie-ultra,120614,512-1023,864,0.908516
b6c025ee6d6448edc3b45b6bb1e876ab37a4f1ef8304c864b132882add290069,smol-magpie-ultra,120977,1024-1535,1477,0.904927
ba6df5f79160a4f607ef64d4e72d6ccde494ee0fb43e08dff15c02cc7efac787,smol-magpie-ultra,122457,1536-2048,1618,0.831323
d38a7ec36d41719bb95e2d20a31e42776a67898d312468b5f0073469ec5ffedf,smol-magpie-ultra,122613,1024-1535,1301,0.891353
a4b8ead431e81ec5c04c6fff925a242b36e2e93c30ac646cb09bc58acffbbc6f,smol-magpie-ultra,122816,512-1023,840,0.907991
722f7f606827c22ef4f5ab1b1973f52aa38fe9db146bc1d6ed63b16ed69148be,smol-magpie-ultra,123070,1536-2048,1583,0.832065
adb8a2dcbaad879f7c30b0299eba01c88f6887f71a09679e2ae72ecd1b5d60c6,smol-magpie-ultra,123388,1536-2048,1564,0.8312
73d667992cd3b4eeddf175605f4783be9b29bb8a7d7fb4042fe2f245ecbd6c49,smol-magpie-ultra,123568,512-1023,703,0.919087
e088f0de709d6896ed7f43c52235903b38c415adccd6739ff37d7fdd462ae5e2,smol-magpie-ultra,125252,1024-1535,1253,0.899294
446397a1ef346380e6dae3cd1574d24855908e5f5325486277c1fdb0ae90b7ce,smol-magpie-ultra,125628,1536-2048,1636,0.840734
03b7497d08fa2426196c327f548e4574919fd64c96361f41f1f83f4b87d085bd,smol-magpie-ultra,125747,1536-2048,1847,0.839368
0f29e6f5887a87caf611d204edcc2180f5b809fa86175bb05b3d013de16f210b,smol-magpie-ultra,127104,512-1023,654,0.919087
dd8389bafaed150d66b1ed8b53157cf9420a5f36d1e4a66c4285e241feed8064,smol-magpie-ultra,127602,1024-1535,1415,0.892073
e772fd2cddfd59fcc60b910067870607158033233a7075e510d9a8da8b423791,smol-magpie-ultra,128281,1024-1535,1103,0.913866
a182cca3efae74f346b744c2fdd56dbd72ec4f45dd6355979a2ed0ae11674967,smol-magpie-ultra,128397,1536-2048,1587,0.832851
5413f494130e1cb8f9c25111b792fb37dcd2393c9aea68dee0fedb42c1b19ebb,smol-magpie-ultra,129839,512-1023,973,0.909186
c4083a5412b59822f87bbe414c6d26f73c5ba0bfe4a2837a3c59e2f27cf9b263,smol-magpie-ultra,130090,1536-2048,1583,0.835177
a0d1040b0d39b92138b1f5685f7393199a87be3701de4f6cb6acffbb92692398,smol-magpie-ultra,130623,1024-1535,1299,0.893661
c0b00a64629ebb1707b5fa87f5dce812454c7d5305a822d6d4b3571bd6eeccc8,smol-magpie-ultra,130801,1024-1535,1340,0.892041
39447ec7b7faca79f4b3f9ba555e498196fc7da0e0ab10a44303ff75bea7fdf4,smol-magpie-ultra,133059,1024-1535,1122,0.896839
ccd073390863f9a51053943f7a9a60e1b257bea4a7f2ef69fe29107c85de9e68,smol-magpie-ultra,133807,1024-1535,1044,0.897876
cd92899fdc528bd16b3e6514c5dace086eb6f486c09e0c628ed279795812be3b,smol-magpie-ultra,133822,1536-2048,1638,0.835675
938dd7fa0694dcc38e2d5c2e92ce5657aac63680a5dbdc38cbd37eaca143098c,smol-magpie-ultra,134034,1024-1535,1288,0.893013
0079aa1532bea8c051e13586c9f649effb2ed60cfecdf4c763009729b2ab28bf,smol-magpie-ultra,134660,1024-1535,1525,0.906323
f22838ee3eced861502a582bd9ac6475ac316b798fbae0cf8f1cb9a485db9ba1,smol-magpie-ultra,135458,1536-2048,1618,0.837677
412498e05ee3c6dfe0ca1ae4112ed9dc235392facc78a62e848957a716234172,smol-magpie-ultra,135574,1024-1535,1152,0.910057
435cbfbe0d882168e5e231e8730a2fd905386a6067c2b4c4d1631b4e8c4d319e,smol-magpie-ultra,135994,1536-2048,1592,0.837203
e085a6e56f652f4283501898f374f71b269204b73650640b56903bc271ad4c1b,smol-magpie-ultra,136067,1536-2048,1881,0.833652
37a91c40ad8e68efcd8462778d2927507841982c7fa2d9e63f88da7384ed8ec5,smol-magpie-ultra,136399,1536-2048,1975,0.829607
068d618e584c3d8ee3ea66051bc34682ee990a9154132018070a7fa4cd36fcb0,smol-magpie-ultra,136456,1536-2048,1619,0.839153
38516a72b15bd807de2a6a21a0fa95ed3ef73476d31dc7e4de85f4003e5d4de8,smol-magpie-ultra,136923,1024-1535,1214,0.910011
cc8936b58a67f706209ec642aac65d2eda5c003e6362c0f56818d6058fe7f2bb,smol-magpie-ultra,137181,1536-2048,1640,0.8313
8d2e619f988f91e455fc53b5b3b405546e0d9499a2b9e03a478066a7b262d182,smol-magpie-ultra,137851,1536-2048,1778,0.83884
ceb1b4672c1143079ee353af3fe1542af100c7ce9fc8d18a4e3bd3ae61d7391d,smol-magpie-ultra,139049,512-1023,664,0.908931
00c616c934bf3338b3924ecc8bdf545645e199ee4d58c7c63394d16da1a8e677,smol-magpie-ultra,140077,1536-2048,1874,0.831995
1e2055405cb20efb1f8e0f534518ffee1556428d7ab0065d7bd7d8605dd20f3e,smol-magpie-ultra,143350,1024-1535,1210,0.895727
9703ed3ddd36185d2691b8b1ca73bdbbd7738840441d09248beadc4fe34b1e4e,smol-magpie-ultra,143608,1024-1535,1336,0.891659
f2c3341cedc78538e2e11613c210014f2700eb0f1788882afbdcc9a8d9b6067f,smol-magpie-ultra,144051,1024-1535,1170,0.891974
3f38ea43ad05d3f956f1017678a6848f58ae191f82290a6ebd599fa6aa919bd4,smol-magpie-ultra,144780,1024-1535,1112,0.900509
1cc07623f94e649a8574549d0cdebe1ebbe5b230293d1880b4ceded17010b8e9,smol-magpie-ultra,145139,1536-2048,1724,0.841324
1873f5238e62d369167e61dd4597bc1cc80dbf9f4e72e513fc6a35e6f99d01f3,smol-magpie-ultra,146145,1024-1535,1302,0.894057
06b6eac8d724308c8bcc0eb6dfb347f0d4ca05d5861ec1ee2176aec99fa8a1d0,smol-magpie-ultra,146272,1024-1535,1495,0.902159
c10c1d56131b4469a1e76e284267944da161a9654eadf2d1f5594e565f8c8eb8,smol-magpie-ultra,146783,1024-1535,1075,0.912407
5b85c2fa3fd62794e561d9bd835fdbefdf21ab493af2f626bd12effbb604a248,smol-magpie-ultra,146859,256-511,257,0.951302
c166f3116819b0ae88e2f347b81b41e0fbf98c2f2d3e3c722339892384ebf15b,smol-magpie-ultra,146959,1536-2048,1693,0.832939
f519a3af2da60fdff01d452c80c5f6645179443a57960535851c999a4ef11926,smol-magpie-ultra,147744,1024-1535,1509,0.897255
29c31d676a712bcc58a17de7345e500173a597e04e36eba4fcdd2a0748e64155,smol-magpie-ultra,148066,1024-1535,1187,0.894881
bfe89e0e58a62fd446379a4af3e1f7ca29579363c8e46cab8f777df811c0ea9d,smol-magpie-ultra,148189,512-1023,594,0.914578
d9b3e152e85bbbf4cacc4281326cedd63499cb554e601da2da5e309c9126472a,smol-magpie-ultra,149835,1536-2048,1664,0.83441
5ca197d3665e0169a23ef51dcc5aa7087103785e27315537a274803314a1a5ab,smol-magpie-ultra,149886,1024-1535,1416,0.892782
884aa439fee661d42f1161743bf4e29ac91158c1e7559899b790281bb4307aaa,smol-magpie-ultra,150527,1536-2048,1568,0.833742
f0214cec01592ea19e10884b18651d566f969f2f06c416d5ac3ef29a5608de91,smol-magpie-ultra,150642,1024-1535,1188,0.90127
fcb924be6b44214b7324213156ae4f0a14edf3700ec8788969ea6165020c0da3,smol-magpie-ultra,151004,1024-1535,1403,0.891138
77f9f9a9530c066c7abefa8b143d75e5e18f43fe4f696697cb8b5c289f1c8c09,smol-magpie-ultra,151085,1536-2048,1643,0.838624
c5a1cb4f01648f48a7082236cfcc9671f16e295f362c350acdd1e4d948ce72bf,smol-magpie-ultra,151925,512-1023,886,0.909191
0f918c6ad09f29a7d2c1339d32e881d1689327663fd13ed5e5122b23c89c30ce,smol-magpie-ultra,152026,512-1023,903,0.909434
1a479935ba7ed57c0d0eb4b0ba72a5f92b7eac3b9aea9213e2d9e2dd1591094d,smol-magpie-ultra,152368,1536-2048,1727,0.831537
54ee6da41616076da94ffeb38bddb9df024f284492704a9bb0f79f53a2f0645b,smol-magpie-ultra,153801,1536-2048,1806,0.829919
9cc7fc5ba645ba628afe85994c26b9bdbb9145227454a4c08aabbe0cc247597e,smol-magpie-ultra,153817,1536-2048,1689,0.846237
6244c271f2fd3d7fffc5a7d6489882bb32e68d2d960d00db15242ebe91051993,smol-magpie-ultra,154741,1536-2048,1595,0.832264
71e43c9cdd0c369d2dce982382a7d2c2aba3c781c060c95d6dd76c66bdc4539e,smol-magpie-ultra,155163,1024-1535,1487,0.894771
cd7cd945d486601cd7b1687a6ba290bd4d2529df5aa24a49b115c0b7cb6cccd4,smol-magpie-ultra,155757,1024-1535,1213,0.892067
3f0d42586f784aa214b61d79034d7e7fa205119a07e4a867093562c873802480,smol-magpie-ultra,157142,1024-1535,1091,0.902781
4eb94757217786ec24702755ddb6c36a368344273ac66ecb162dd847754f6bb5,smol-magpie-ultra,157362,1024-1535,1063,0.897483
c642f5e2ee5efba72cb1f70fc9c8e9c3e1b944d633fcb40ae7143fc51ddb253b,smol-magpie-ultra,158506,1024-1535,1515,0.891908
edf0d9cf05871371a699b65abd63e18c9eb1b6d279ecabb6e2b6a61aa268d9f3,smol-magpie-ultra,158724,1024-1535,1297,0.892003
96879ca444e026ea1f5723fa5d1fa2a870c9b98263924e245e5b248107162a95,smol-magpie-ultra,159526,1024-1535,1367,0.902907
9ec7c2e07f3fcf535d2129fa46745ea69efc9d7f17325099d0893a185d04c4b3,smol-magpie-ultra,159757,1024-1535,1200,0.892319
e8d8e1058b96ac52698ec8d7d4d397353b0f711e2a886d6a319856a3f93b45fe,smol-magpie-ultra,159815,1536-2048,1561,0.845739
e6ff599d3063934f7ac5c6969b82914735ff03c3e502caec8ef86e200a985f6c,smol-magpie-ultra,162267,1536-2048,1566,0.842318
192ba4eb2fd5fd5154726e7a7a05be19cdc29f9cc7b038bbc7d6893970733bfd,smol-magpie-ultra,163181,1024-1535,1422,0.900247
fdeba9b455b1f8a7904bf97640f35d2a01cedf92d008b16e7fef81de7ea8de0b,smol-magpie-ultra,163390,512-1023,690,0.907036
1e34d6a9b0facf9dc4049fc234221baf7665e903d77d0300c287f715ec300dc8,smol-magpie-ultra,163487,1024-1535,1306,0.892701
36e2e2e5b999977a918aac908e17467940f5f310e5584aba476ab721841a4fed,smol-magpie-ultra,163897,1536-2048,1591,0.832681
a7902774f88c92349fe994af6868ff1b8743fc0e1764203ec11de781caaa47fc,smol-magpie-ultra,164116,1536-2048,2008,0.831127
a1a740ebee6cc79f20968fa8d60e55d9e6b6d15b81f7215eb93a3633b83d283a,smol-magpie-ultra,164497,1024-1535,1470,0.891349
de3caa705bdb751d8e308d603e8c58ea446c8f35d911ef1b3648b75243346965,smol-magpie-ultra,164983,512-1023,644,0.912697
9ea1d535195cc346b4d1548cf5c4634f264a09d24ddfa1e09aa7b378867dee96,smol-magpie-ultra,165700,1024-1535,1030,0.907576
70072bdf9a914ee24c2eaaa78e20994e0e4d5cff01786698ea78dfdccca578d0,smol-magpie-ultra,166299,1024-1535,1108,0.903091
d3ebbcbc8c154ac4e6ad1aa838c74752e2b8fdf886b2b877bd5836714d9f28f2,smol-magpie-ultra,167740,1536-2048,1645,0.833654
d431403530ce09fc8fe7a50b931448d82929f31c52464f107964605345b3a18e,smol-magpie-ultra,168303,1536-2048,1632,0.831728
aeb07b65cf73d3ffd180bc773cf8e834bc214803a740fe4d4b78d547a9d282ff,smol-magpie-ultra,169368,1024-1535,1169,0.892128
47bd7fc7e560767f7688ec504592ffe77060ee93f6a340535b38623e11bbbcd9,smol-magpie-ultra,169787,512-1023,533,0.924261
ea9d8884818ce058b0b1452de669bdd83c26ae885316ab9cf57b60c9395cb977,smol-magpie-ultra,170004,1024-1535,1190,0.902072
65fb6163d928881f891f5030d6ce7a1c3b7cf7e851eff0b4982fe0b0316e1097,smol-magpie-ultra,172128,1024-1535,1388,0.892715
54641bced2249e02ccdcc0d8c516a88b35a2b5c14dfa49def4da48c67739a182,smol-magpie-ultra,172522,1024-1535,1126,0.899396
66e4aaee312a6d45ebcf74c3686ae4d53661c9276012e1535370f219974afe72,smol-magpie-ultra,173130,1024-1535,1299,0.891914
a8ac04a5959d1097c1b32c62018d9bba4f884e9ebb50476ebc7341a4392492c5,smol-magpie-ultra,173617,1024-1535,1135,0.890384
f4c728883bb0a305f65b15169f10baf56ef6e8b66138a5c5f654d42c3dddbcd2,smol-magpie-ultra,173948,1536-2048,1573,0.8305
315a59d153f195d50d36a5bae442d7ac72282823456ea2722cecb73c94946401,smol-magpie-ultra,174223,512-1023,539,0.907002
eaff996a361a73a60bdabf5be08508f97cbc34e464ab02c748eefd35f50b8030,smol-magpie-ultra,174808,1024-1535,1481,0.898998
4a3c7683caaed79f96143b421bea1e1c98f159c95d64dea1b6ba6f7d40eda35c,smol-magpie-ultra,174876,1024-1535,1065,0.893555
f6dcd9f17a8971e406f8ec43779c4a1474c9f1f09a586463d0dd2dab50251e30,smol-magpie-ultra,174988,1536-2048,1594,0.835348
8292dd21db6e9374cffb24335a1bbb6e45179ca6081c33819101ff2bbaa8e05c,smol-magpie-ultra,175431,1024-1535,1209,0.891357
ed166cab06de19a0e01995da669610baf8c8d29cdd39cd3f710dd2920e573f12,smol-magpie-ultra,176290,1536-2048,1758,0.839347
47b67bd0a04d0641ce1f24ace1ee865589555bf374cc644a47b7fd22a33fbf00,smol-magpie-ultra,176463,512-1023,708,0.909014
1aea058c6a5a2e9455aa149e8931517156b1c7a5276d4ac803301c6da65a29fc,smol-magpie-ultra,177196,1024-1535,1225,0.891107
cf6e083e52e2d7e93196855240789333f6052e3d7193941489c3e1ba9aef1846,smol-magpie-ultra,178238,1024-1535,1308,0.905351
5f2131a44999cb24bcabe6b8ae1bd4a3f59b990c17f9c1b8664b9dab8f154902,smol-magpie-ultra,178399,512-1023,783,0.918885
b1ab24b30a20ea2157a72805be8156d3e4bd346c3bee0e1ae9dbd24ca7e7f910,smol-magpie-ultra,178819,1024-1535,1492,0.906841
e7cce726dcfdec31c30bce4e4ddfe3b087809be5bc7a496698fec77978f62a77,smol-magpie-ultra,179354,512-1023,734,0.918025
4a8f9ad0687ea36fda7a493b70c3773ca60523ecfdc0f1266bf2c4f0c590483b,smol-magpie-ultra,180547,1536-2048,1821,0.832314
147348398619e75f7ff14f1d1b092b443ad219806d6976e6bb08a3bebf776e95,smol-magpie-ultra,180647,1536-2048,1615,0.839649
03711be06dfb32241736a5d4cf760d1d8431cebb7a4b0691f1e70f26cb41c966,smol-magpie-ultra,180772,1024-1535,1379,0.896665
c9a5ee185a7dd28be63b844932e90dffef9b6a10de83ce18d4ad16def3dad906,smol-magpie-ultra,180860,1536-2048,1711,0.830994
6ae2af7ef03e1032c1bfe32926ca8b95ec1bfb38495d777a15af8012ff9acaae,smol-magpie-ultra,181131,1536-2048,1861,0.835638
255685339f2ebed81972d0ee66ee4e1c06b1d2e15e6dd713a675c7436d9b682a,smol-magpie-ultra,181544,1536-2048,1536,0.88922
024c45fc9a16c4367974b090a6cedf0f4215e609e9e550a120bd749819df2764,smol-magpie-ultra,181693,1024-1535,1360,0.891562
1d602bb9c0fafce8a18fb08f1b49fa99a2be0d3a8316a37fd9359c2ec6bd24d9,smol-magpie-ultra,181898,1024-1535,1487,0.899392
b6871f29b1fff83f61159dab0c2b7d9220268d707b8ad729ddf67a2960ce8e9a,smol-magpie-ultra,182209,1024-1535,1439,0.894263
46da708a41e08d3aa911d5c91f202ccfc563f753c3273d3e5bf12dc8e31cf0ba,smol-magpie-ultra,182564,1024-1535,1100,0.898291
d1b3bf37dbb4e774aa6732837b418ee373319bd364f4b894aa5487a39a7c41ba,smol-magpie-ultra,183367,1536-2048,1544,0.833598
cd01df26d0c406f395f2309257ee6d269eac4eae090137ab3644d9f13a5437c0,smol-magpie-ultra,183717,1024-1535,1358,0.894091
74e41b4f0b28ed7def9c790feeed365c9c70e39f350668f918067434551e1859,smol-magpie-ultra,184409,512-1023,689,0.927569
2fa33e12ae7c1cbe3b3b558db04c75695da8e43f89642490745c33b04f8d47ac,smol-magpie-ultra,185345,1536-2048,1543,0.831363
4b6f3a2760acd6507be466f7dc68be29d392b7e34c7354cdb42de9b7445f6d30,smol-magpie-ultra,186484,512-1023,543,0.918914
52e1f056dbfb4321e5887c3550c5980bbc8cfa2405c1f5bb312ef13f348d7524,smol-magpie-ultra,187517,1536-2048,1590,0.83156
cfebf9f7d30de35029bf3dcdee74725757dc33eae1129b23aac941835826c4d4,smol-magpie-ultra,188670,1536-2048,1564,0.833698
73bc01e6c57b05f10de334d5af7ae9f4ea6a382fc85a8173da6611622bc3db96,smol-magpie-ultra,190032,1024-1535,1440,0.898868
d7b9548d191a613e576d292c11362772446fdcf12cb3eccff148b3108f79fdeb,smol-magpie-ultra,190187,1024-1535,1039,0.904239
b0b4da7271ebbbdd3f9f198e3dad8bf1adc04022a16e650efb8c4ad5c658c797,smol-magpie-ultra,190649,1024-1535,1411,0.896648
6d58b4c2fd588e17b5025ab2bbdfab79b2e78ad2744d4b784efad1f68571a0ce,smol-magpie-ultra,193604,512-1023,656,0.915492
57999a0a6cb0be2ed0de793d4496e018d3ef8fe66ea6e27570ad3c034925cf77,smol-magpie-ultra,194151,512-1023,971,0.912146
15ba7d417f2202e485992dc1d7a2f368c0e76c9b13983021bd3cf166857bc76d,smol-magpie-ultra,195661,512-1023,862,0.912067
6adf89a3798a7331e0e34c24d756deef9e9861aea7d7be13722d1481ddca353d,smol-magpie-ultra,196036,512-1023,569,0.919418
fcde7b7b0b5ff4f5cd35192027d63bce167fd362bac282318d26fb789b605a6e,smol-magpie-ultra,196190,1024-1535,1464,0.892643
79171bce7cb70f475661c64866f257db6d2e33b23a4778d4be3e9f2a779caa85,smol-magpie-ultra,196335,1024-1535,1333,0.901711
6301550458e388c98290dc1b5b6423a6f194c1b80ed779affd383404a7b5c2b7,smol-magpie-ultra,197005,1024-1535,1535,0.890564
0989037d0a39f555b6b86e3bfaba97e4ac3328e5a82c8a468a43b0303eb1b7ad,smol-magpie-ultra,198200,512-1023,702,0.907349
a57f776d9662b17125a568671944fd75ac0997d505a91713ab3b6c6ac1cbd2f3,smol-magpie-ultra,198541,1536-2048,1675,0.830154
4a58270251c43738badb97d11dafc2969be30a5d4da6d72ffb60a8e2bf648256,smol-magpie-ultra,200655,1024-1535,1472,0.897624
324bb4ea73bd41d8c885f6e3c883241ab90248235d4ed1c0e7eded5a8be47c30,smol-magpie-ultra,202151,1024-1535,1037,0.90407
0c11bb9a7c2c3acee1feceac03d95ca8ff28a9e5b9a9ac038ab2324aa74283f8,smol-magpie-ultra,202896,512-1023,960,0.909482
8e817517cf96331d342d3b82c249d35e62353c5c0021b48df8583aacbaa9ea87,smol-magpie-ultra,204260,512-1023,786,0.913703
4d52d95cb8b375d9254e1280e8d033c5dbf923f4ee0e42a1b9674e629ed659f4,smol-magpie-ultra,204304,1536-2048,1793,0.83171
eb13dd28caa79ce98919bc485f0eeb9b2fa3e476bf386703c96af15944629cca,smol-magpie-ultra,204482,512-1023,993,0.911665
149adcec75b3fd24e421e9f203e11b0b0acfa590f0daf720b746045cbaf9a82f,smol-magpie-ultra,205062,1024-1535,1215,0.891727
d543eb91ef1ded6acd71d3001b19a123d1511c6735005a961fde0af44c6ea267,smol-magpie-ultra,205069,1024-1535,1463,0.897934
6f87ce3efb9619a54c4cdc2f8d0d453b3484fe3232f43c61bcd5a29e7a260135,smol-magpie-ultra,205434,1024-1535,1137,0.89313
19f658cfd022324d6b2dff08c7c928c8568e8dc998f6fdaefca7940a24b0755e,smol-magpie-ultra,206467,1536-2048,1957,0.834149
7252a4b1e481a4d8187724e741944a87e8dfc3285cf402ec6e357118469584e5,smol-magpie-ultra,206892,1024-1535,1068,0.893654
2dc9928b2a5dbab3e783eccf479c240ee4ebca3012cd5bc413d7f4841dad14ac,smol-magpie-ultra,207537,1024-1535,1151,0.907766
4ed824af14ddbd0e18a285a5e07c7fc5bafcb53d93a90a4b6805dbc39ab9c097,smol-magpie-ultra,208055,512-1023,986,0.914302
9dadc3a18f44a53854db3745b3e7d9168b16a200324e2608c8b0e88ab8c925e5,smol-magpie-ultra,208368,1536-2048,1567,0.832514
cc087a44c6a1da68abcfdf4653630fe0f9517a83d8da5dd37466d16cfb36b633,smol-magpie-ultra,208492,1536-2048,1569,0.846828
cba45b0fdb8a58bf66d00bdf9c4d30b5a1fd68f04f662cc843bc99c856f5210e,smol-magpie-ultra,210824,1536-2048,1727,0.836598
c9f3174c4e1600b881d4d0dd2c40de5fdd6e6a796d3e2f144794b7fbcabdaac1,smol-magpie-ultra,211265,1024-1535,1363,0.896789
b1d38c1063c714658ecde12863853eceea68839d0c5b18c25891cb3bd9078077,smol-magpie-ultra,211757,1536-2048,1877,0.831615
a40544ec1ae8c184537e5b9680ca5bff1bbdbc15fd8f1905003349d8a78c56d9,smol-magpie-ultra,212463,512-1023,833,0.909713
bc074beb8aeb34f6847932ff38ce08bad7ae2469892fe09a17fbf6ed8d6fa293,smol-magpie-ultra,213272,512-1023,741,0.918889
23cf6651bd27976491cefa731a5301309b092261115bc6bb71e9449590304892,smol-magpie-ultra,214751,1536-2048,1622,0.842314
3ebb08b7d485b9c6597f2b9e5cefc6d9bcc1ce068182a7a9b3bd704b2ad096f1,smol-magpie-ultra,214895,1536-2048,1792,0.836056
93ecca381a3d5022210ea272e3a3a1830ff54e2c252f843f741e1c81d63ba506,smol-magpie-ultra,215727,1024-1535,1428,0.898611
92202ac7a20ef058cd3f132c8aa110ffa02f16ff310cd36dcafc5e68f443ad6d,smol-magpie-ultra,215915,512-1023,1020,0.919716
20f864a394b53bf4f69c4c68bb33272d96a3e4835d161f170b9e4fcd605bb188,smol-magpie-ultra,216390,1024-1535,1339,0.890938
068eb2daa37b3b13703be31dbd19fff3be46339ec8315e8bc2f8af7a04579c62,smol-magpie-ultra,221181,1024-1535,1215,0.89474
0af5f725f987f851ac1ba6aea23d06ae9e94cef52bfdf211d18c48cd362f1140,smol-magpie-ultra,221809,1024-1535,1277,0.902996
c6e11a5687dbae64b1ad3c3cadb619e61d0cda97fea7c185579eff6a5b749d7f,smol-magpie-ultra,222391,1024-1535,1320,0.890427
71286384d1f847d1505598f87bc66c2f1c525b118f27eec27c2a10270858777d,smol-magpie-ultra,224282,1024-1535,1041,0.897327
fd335cbb98441f58359a4343f244864241489cb41edd0edea419dfe82678cf46,smol-magpie-ultra,224972,1536-2048,1539,0.836963
19fb587358941ac4632f28676f295c9071b213a2d061366f5225c6ed027cd2b7,smol-magpie-ultra,225033,1536-2048,1647,0.83649
794215486905ee16a3085dc5e5f41a6c2792438a61629572f4ddce7651ba431d,smol-magpie-ultra,225361,512-1023,589,0.918477
6d6b5f752f460f6c156d1f5b42f684cbcfa759fa57ce5ee7eb30471d6948229c,smol-magpie-ultra,225454,512-1023,882,0.908366
148b7e131800d0af1890fd64ffb089f33efa9d219f3c0a06f23a3b463eebae84,smol-magpie-ultra,225903,512-1023,591,0.911946
e4b7170fa564347f52f559df866a56841407bec8d7cd2f2611e2af5bbf51e7aa,smol-magpie-ultra,226379,512-1023,715,0.918833
9e2998410fc667c76d4202dbc486927707aaf185aa705cc365656f59a78ba32d,smol-magpie-ultra,227693,1536-2048,1614,0.835365
ebc45b75a4fa8d336c3902801e0e14ea649a5188bc09d5131c4d63bc19bd8e67,smol-magpie-ultra,227816,1536-2048,1562,0.834392
2f3d782c6db2a8a79b7a48ccccfc47114a51ea818038d22fa320c3fe8f6beeef,smol-magpie-ultra,227895,1536-2048,1902,0.842793
a38c614b4d48151a69835fbc3f102f2e5c8719fec8846e707238b97db20728a9,smol-magpie-ultra,229559,1024-1535,1051,0.895582
88525313bc910c18232d6df0d4e7187bb9929dffcaf8add462cf1f908b8abe9f,smol-magpie-ultra,229855,1536-2048,1610,0.830313
1447862c6c8c488e16d23e645c5f28038063b12a174f834798327e35a551d3da,smol-magpie-ultra,230668,1024-1535,1397,0.891182
9071a0aac84b8d0165d8d25c7330a4508054bc1e40f527a643cc0e398c70e3bd,smol-magpie-ultra,231076,512-1023,950,0.918054
b9505bcdc4549bc355127c0f52ef50d1af5dd8c4664d0395aff2e50d4f2a88cf,smol-magpie-ultra,231092,1024-1535,1356,0.898501
e724471beb173765594dba4936d696e8e819e9d14387d9b03d818b528d33bc40,smol-magpie-ultra,232593,512-1023,694,0.912898
256a736db4e0957b850e5c765ae9678d1b24e6543b03b0665b0ba4a5b7d218e7,smol-magpie-ultra,233168,1024-1535,1290,0.894211
bfeca96d504b88df7a2d5f23606f8d224e719584d9bc7d81311b5d8bc4fe1a47,smol-magpie-ultra,234023,1536-2048,1548,0.839926
dc06523bca84da6f7b6f6fcadb347ecd21443093b393f723f44af95e2a0754c4,smol-magpie-ultra,235598,1024-1535,1232,0.891285
ea768375bb65bccd48ed9ad869f1bdac0a434044fc48bdae8e92875c3ed9e896,smol-magpie-ultra,237699,1024-1535,1042,0.892625
b02a328db2dd071269edafd8c7056f4acf57429f7f679d668c6298800d4254cd,smol-magpie-ultra,238389,1024-1535,1457,0.895362
130f2b414fb6b399b4d024ca8762cd74191e874c80285267dd387a725c0f2e25,smol-magpie-ultra,238443,1024-1535,1466,0.895196
61467a8e31579e8ef242a766860b61df3ae2a33413858d7fc7199ac84ffe61f7,smol-magpie-ultra,238564,1024-1535,1375,0.89647
887c18fff0fbf0e370dfde349530adda19f77dffe0351a1c2473d5886255ccf5,smol-magpie-ultra,238687,1024-1535,1185,0.892828
e6fe6538934c3408afabe646c74b2d02476c897e7824773fe8fef269ca461011,smol-magpie-ultra,239848,1024-1535,1413,0.895064
096d708a4063c5fcaed737f4874e47b0b0bf46b1d4dd722e8bfdd919028c2347,smol-magpie-ultra,240674,1024-1535,1144,0.909402
0a4f23fd83ea8df54d32cbb433a16bde9c18f7f08277a3958bb90df6a0075c45,smol-magpie-ultra,240894,1024-1535,1355,0.893044
4fb6b1689775d9b894e16f3651765830f4b3bc28f3da8ce7790967f14cf272b4,smol-magpie-ultra,242242,1024-1535,1303,0.900108
ddb8881d4d6160e350d3c21caf427aa5e2bd72388163ab94918704ea0ab467ad,smol-magpie-ultra,243647,1536-2048,1559,0.836818
3473e189ea666425cd3c094aed98d19a3eec53aa5d4dfd55e2638e9d171f494f,smol-magpie-ultra,243711,256-511,353,0.948056
00e0432f636c449d1c75a9fb0527e44fe30d283982afdfc0da6397124f3a63a3,smol-magpie-ultra,243907,512-1023,725,0.912707
c29a518de788f64d7f6f7bf6fb72ba182218c6ef750fd34e8acb77c2f9f6dca6,smol-magpie-ultra,244297,1024-1535,1508,0.891896
2b72a17ec34bf3aa699fde915c5184ac969ccd9ee7dcd39526439f7bbb49044c,smol-magpie-ultra,245011,1024-1535,1507,0.896043
a7d656b50fe2a5192e3b59901e2349d33c9b14d34803e142475e54e2fcc959c4,smol-magpie-ultra,245784,1024-1535,1421,0.900145
5a86c023dd33b5f882f7dc6787a9f349e86b0fe63d97370daf5a91202995f8b5,smol-magpie-ultra,246210,512-1023,762,0.920676
c58376ba5ab048dda50416c3ead5aaffb9111a8b82e187b091c5589728c0c788,smol-magpie-ultra,246509,1536-2048,1559,0.830809
93c4796b10d1ddb0b9d07cac2e7ef7ae86ff4b7246276a308a19886e65fc6eaa,smol-magpie-ultra,247661,1024-1535,1437,0.893035
faec7585129436b8c99efb1d16e7f4a22059ce7057dffabf4a915329759bb03e,smol-magpie-ultra,248897,1536-2048,1572,0.839042
bbadbabfc7f68d7546e129921773418b13df612fe37fd44c2e3277305f2103c5,smol-magpie-ultra,249241,512-1023,1006,0.90686
0af7c8f16634a7adddf9a65cfc359467c115b2deb3cc0feab1fec69ec636cd36,smol-magpie-ultra,249657,512-1023,663,0.913972
68d071d532ca5a26a7f3b95e4643ec84bdf1f9a41de08a9955c303bf2496d974,smol-magpie-ultra,249845,1024-1535,1304,0.89588
7de851468a883824dcda833dce7ef4a9a400b17c599b947c6fe2c8f877bda992,smol-magpie-ultra,250228,1024-1535,1424,0.89166
8ec7217e662f6cf80e1e210acd09c5a1158c7030fc855eea35e3480b76f0249c,smol-magpie-ultra,250363,512-1023,754,0.911601
0987b99803e7d45311a768d374b4ef30f72f5b4d65ee2cf8457055023812f7ce,smol-magpie-ultra,250817,1536-2048,1576,0.831936
299e7c7acb86ca71e6490f8d902e4d79217d2cfd3030de02fb952968bdd8c49a,smol-magpie-ultra,251082,512-1023,659,0.909105
b51f6dc005829bf8647a175f40f1bb7bffe6380737843518142e99625360ca10,smol-magpie-ultra,251906,1024-1535,1220,0.898782
27089604ec9fbc2fc6ad4bedb18842e74648da41397a082f51d951f35d5a8d48,smol-magpie-ultra,253148,1024-1535,1387,0.890795
c9506d090e82f730fc081be000f8552c97dc537b7c02c13a99b7f9177ad1cdbf,smol-magpie-ultra,255023,1536-2048,1668,0.843939
636ef76969aeeaf46a826719348d86a3f7bf5d435e5f63672c44ca016173f732,smol-magpie-ultra,255290,1536-2048,1610,0.844511
10c9c26d274618fad1c095f08e7a2edda2b0438a2765e6aee4d12a354b93600e,smol-magpie-ultra,255483,1536-2048,1573,0.832298
34861fa2204f38e01905fe6d5141785cc931a1235e4b802b40c386d0d1c7487a,smol-magpie-ultra,256259,512-1023,613,0.911219
e7e112b946c10f1285d38e534b17250b38a4ea92e86dba1de37d9c3955f16e84,smol-magpie-ultra,256359,1024-1535,1454,0.897292
5b83293f9c1ee8e693f6427e07c97c8a8bb6bd425f5a125e838387381e72d42e,smol-magpie-ultra,256449,1024-1535,1506,0.89069
ba4d716c84876404abc4c80752d58fb81e5ddf18f985a6308421e2ea6fa00641,smol-magpie-ultra,259228,512-1023,561,0.912989
30b777fec475c241d85c6f8d174710ecdacf9d9a419bad921fea51bb7ae7a5cf,smol-magpie-ultra,259582,512-1023,710,0.910729
cceeaa1fe7d820bdf418ab2c1fff493a5968079e54b65bbe51d7a63e998ff054,smol-magpie-ultra,259973,1024-1535,1448,0.896234
8948ea4153bde96b86bed3da75d02ff4bae488ee8f176483a3baf70927dcc39d,smol-magpie-ultra,260330,1536-2048,1806,0.834256
3991c39ae4b53cbf260d3a069845524621a80660c712a24bd0a78d1fcc1904a0,smol-magpie-ultra,261233,1024-1535,1130,0.895107
472e37873225fc60fd5a6fd0aa061bb1e90d707c6fff98531d7b384cb82c109b,smol-magpie-ultra,262648,1536-2048,1627,0.830073
f55340888365391878aec7c01bb7b68888aa428913ba128575761e04f9dd08ca,smol-magpie-ultra,263979,1024-1535,1173,0.90765
114388a0bb5ab62c8a55245a869c50c9897e9b09e729eed3e161322a4fb85c91,smol-magpie-ultra,264391,1024-1535,1207,0.897016
02c3871b89340f89d4be67f5a352bd8af7688c17b2849501db8711a3e98ee24c,smol-magpie-ultra,264711,1024-1535,1354,0.899766
be551b75078c34f859d1b1891d9bf3d5c3191e6163494e5ccb706a610e630488,smol-magpie-ultra,264926,1024-1535,1179,0.894072
dd1af8be8339ac81da248bddff7f45074aabad3ec5bbdc22a387d031124b9948,smol-magpie-ultra,265086,512-1023,704,0.910903
8a23d2d0e7f206f66b5eb66d1b4f7fac539cb158117b504256dddcd2aa5f19c2,smol-magpie-ultra,266440,1024-1535,1388,0.892662
2ac0d316080ed0ec44b72d2d25dac6258b2a6bc0b54b085cfb83cc493fc84a9f,smol-magpie-ultra,266525,1024-1535,1072,0.893013
56ccefeeb368c4ef1b485aae2b84cab48757daccd94609490b82c452f22679d1,smol-magpie-ultra,267855,1024-1535,1423,0.900498
87feb01e98d261883921dd168a9a8f23cfa7cef2eb28c09faab4308fccfcabdd,smol-magpie-ultra,268170,512-1023,924,0.91687
afc4d98ca91832c9824edf5053fe39596bb51b29bfbb9779b3a4bd0b7b37bc4f,smol-magpie-ultra,268805,1024-1535,1085,0.917502
65dda500ab51565c9b94b6ead74f738127017df51f49268b7f588f1ae88cee2b,smol-magpie-ultra,269782,1536-2048,1733,0.838206
8c36d9ad7b85209e8e651b190fa8d78f1aa8dc1d80e06e1d27aac7694b826b65,smol-magpie-ultra,270138,1024-1535,1272,0.902492
581fc40b2b66ff2f7d4519bc90828543f4f933a671c8f1e026b0c6ca07ff8653,smol-magpie-ultra,270484,512-1023,727,0.917132
e6a78a3e595183198a35d6d3beece2e2666bcf7d6f86230d8c58e9e1ee15f64f,smol-magpie-ultra,270723,1024-1535,1071,0.893192
719d5b278af058d3d20f447f5320f131091b83004d780474ef14888d4966178a,smol-magpie-ultra,272406,1024-1535,1392,0.899164
287c548d7b953c851607f5fe1880c1b64ad2432761c3eb3b599ff832a3c6f389,smol-magpie-ultra,272892,1024-1535,1098,0.894473
227e9a477509af2e821ac03e39839652f00d094b8736b961f6d53657a5574a51,smol-magpie-ultra,272898,1536-2048,1536,0.896244
65ef84c17034441a2d8a44246e0368242382579f364c9ff14cca654c590e085f,smol-magpie-ultra,274050,1024-1535,1312,0.894494
5b1fa38b1b731e8b60b2f6bd5bb9bb49c156550b8d790bd36d02b57f5e2d641f,smol-magpie-ultra,274061,1024-1535,1517,0.890859
f349521c9e7b40533a07baaa7db0e6231f2811fae6e3df4f2344ce112ffe8d2d,smol-magpie-ultra,274091,1024-1535,1475,0.893661
c5a8fa13c1ea05bbdf5f9f1a9d8e87fe903c50f48ddfdbf95c71c5f70babcf06,smol-magpie-ultra,274257,1536-2048,1704,0.834436
64a709ffb82d1da64428e5f798e2b21db33a2895c7ea1610c76e0877f46882fb,smol-magpie-ultra,274647,1536-2048,1648,0.833505
2756d386c524ea0c3549f39398f339e7bc59e6ada994886d0917f8fa92feb3a3,smol-magpie-ultra,274968,1024-1535,1330,0.900185
77b37cb9613084f0cfe4871a2918432a719c54151d0f47aad6967aa3fef074fd,smol-magpie-ultra,275019,1024-1535,1482,0.893332
1e4946552d74dedc3b370e0c0f1597d6468dce84fe3c62aca1f2e2cd9704ec8d,smol-magpie-ultra,275079,512-1023,634,0.907367
96e29565f484da154f42f5c5886fd2fa47fd3da62ce844f03403a70422ad819b,smol-magpie-ultra,275543,1536-2048,1587,0.835672
9db45630e49f24b3016b610a6f6daff437a3c569ff0335429d6c638a83bfdb28,smol-magpie-ultra,276045,512-1023,782,0.925261
a2caa9aeb226e3d993413430dc9fb834047672288ce9d23b567c45a6e86dca27,smol-magpie-ultra,276196,1536-2048,1634,0.83608
f9f397f4c99a8bbacf69e101a2cbaceff3f453a191fbc24f9a11e5a5b854ebf4,smol-magpie-ultra,277813,1024-1535,1231,0.891388
c2d3d2156110c7768bf6afa1389830d2f2dff782c420782a05cfdd8477be576c,smol-magpie-ultra,277917,1024-1535,1137,0.897669
237de5be5043aa6a4ac93f36c706fd390e5bbc23b10833b2e00cc2e0e5652ce0,smol-magpie-ultra,277955,1024-1535,1118,0.901422
39d0dd0e28d48d9bc48be333f9af648c41572d024832b6ec6dbc07c0deb35437,smol-magpie-ultra,278409,1536-2048,1749,0.830054
43608c3579c12ab878fa8a51bd14a6b5becb9ffae7a55eb330b245e12d1ffc03,smol-magpie-ultra,278486,1024-1535,1444,0.890789
c430af95dcf2bb9a63448d1938b44225158a68becf50276eb399f28c8b43e23b,smol-magpie-ultra,279953,1024-1535,1221,0.891843
7c03dc72ba5813fbd21d3940d46c4171db69638696468de00853c3bd3276ccb3,smol-magpie-ultra,279976,1024-1535,1484,0.897576
b617f2d4d62f832ad6f1151795c2bcc8e0c00843a8702a66d3853230e958ba91,smol-magpie-ultra,280808,1024-1535,1175,0.899532
b40da669cd28f3fb2003e673f47408ded7fc42a56e040cafd55a3338295d464a,smol-magpie-ultra,282126,1024-1535,1201,0.904268
2ed671dce3f206197e2a541a3dfbd6511615761596dd59e76ae7bdeb4577dc5a,smol-magpie-ultra,282523,1024-1535,1150,0.897449
7477eed2306a247ab055fa3cec26d1717dbc47ed9ae84d726d915ac4258cf534,smol-magpie-ultra,282761,512-1023,631,0.916915
2c258d3713cf5713a4ff56dd8aac56d0926dc1d0a916bba49d2e702126a3a86e,smol-magpie-ultra,283343,1024-1535,1404,0.89052
8f0f6254fa702e4b4caa496ccc8685aef97ac74be64139fac3a2d5f3702a48b9,smol-magpie-ultra,284688,1024-1535,1227,0.903526
18e361a7d39e3c79d42408df4cf8524d890b14a293a9f9cf67d7e6a5a6c8a64c,smol-magpie-ultra,284939,1024-1535,1180,0.895729
9f5ea8d5c6f3acf1e98305e600c97fcf43bb2a935aa54cfc294d690d77d3aa1d,smol-magpie-ultra,285992,1024-1535,1297,0.90974
f6d912ff01af1fd67646a2f91194c0954d3d3c47dda6942cb4682aaf9127c7c4,smol-magpie-ultra,286293,1024-1535,1154,0.896764
171bcf5099e4145f0e5b3b542d78147a3bc25ab693e692e2745ae678f9aba004,smol-magpie-ultra,286505,256-511,263,0.948575
7cc0975d97c6e754c9ac4c5a9f1e6929dbd0938d8cfd23443019d83fcdeff01b,smol-magpie-ultra,287281,1536-2048,1835,0.832013
3bd384779fe73253c59818397a02239d21898fa7284700cd34a4f9c7c51d4e1d,smol-magpie-ultra,288118,1536-2048,1707,0.83637
bc482ab55a5b90cbd052ed1e457c18cdff3cbca955794f40b674b71b76657b8e,smol-magpie-ultra,288191,512-1023,931,0.912716
49eddea40bf7e243bb464e4d361d5c2a012c3841d8af0b7fa04a01f9f84336ad,smol-magpie-ultra,289070,512-1023,920,0.909188
a1a56ba26e4dff5a4e2e28c067ca22971a3edb5a9a471e6a118cda89fcefbff1,smol-magpie-ultra,289532,1536-2048,1583,0.843906
877e77bafea304cc290fee4413ceb67448d51ab906d31372eebd6e3b087e9838,smol-magpie-ultra,289576,1024-1535,1024,0.892636
60886ecb998029e9f69df44dd87d5bbd72f2c85d651dcb1dfac2db3690dd4927,smol-magpie-ultra,290327,1024-1535,1283,0.907468
45749dd2cd0a379f2bce4f7718c270b7445b9c474a27c951eb89d231331be137,smol-magpie-ultra,290563,1536-2048,1909,0.83032
5942d60b04ab2ff36915448323981548270781ee0a22c9f094cb9d88b64adfe5,smol-magpie-ultra,290880,1536-2048,1597,0.830935
06ff9e03395bb934b410798ab7dde0f35af9cacc104f4669dc4457aa8b00af23,smol-magpie-ultra,291575,1536-2048,1630,0.830534
9e2e757a5c218803ec779bef562abf45b4dc5966559cf05efd0f36d0db5f73f2,smol-magpie-ultra,291860,1536-2048,1552,0.834622
cc428344e68eb9527e8b0eb9354bdc608aebc6a03688d30644cb6c449aafdb33,smol-magpie-ultra,292551,1024-1535,1124,0.898367
25c04a1a114609db909f912396412ca7f874242ccf6ffe91ed2ad46d8b34df56,smol-magpie-ultra,292694,1024-1535,1430,0.902246
3cd5c3ede289dcf5795487eaf3ebcfedde8d02a57a7b12c1dfbd5ab6737fd703,smol-magpie-ultra,292935,1536-2048,1661,0.833809
be7de513d18d8bdc000426fc011137367bf19a694c232b8c75c493bb29ccb3e6,smol-magpie-ultra,293361,1024-1535,1122,0.90408
7de756a44048b0fd122d014034d038fbfd4308f85c23cf321e5058cf16a448fb,smol-magpie-ultra,294463,1024-1535,1082,0.891523
eb568ab1f092b3e0482daa5224fc5f038db6695472ee9762e6979eac39a4fa01,smol-magpie-ultra,294794,1536-2048,1639,0.832797
265ac82a81c56ab9304b97d78ecdbcdc025a49cace9ba68b2af1d14eab17b6e4,smol-magpie-ultra,295203,512-1023,948,0.910786
dff828d9eefddc041e3234bb1d793495556f2c2be9dbfe9b8391431d0d526a9a,smol-magpie-ultra,295373,1536-2048,1868,0.83272
a6e9d34ca9f024095f2d7d3c48717c6917395d85a32dfc1ac33bce2261579d75,smol-magpie-ultra,295760,512-1023,904,0.915089
b0c1cc48dc18bbd346a3627b8be880748f1c01e1d0f4161397d757f6cf1e4cdb,smol-magpie-ultra,295765,1024-1535,1337,0.893005
e1908ece9e95f740da331e83d9179ea3f7b6385f88b226c8832d061f4a8ae0a1,smol-magpie-ultra,296168,1024-1535,1170,0.890681
7cb18fa7156a614a27d8db8f6b04c6f19297d9d3414b0d718dec3612a7ab6658,smol-magpie-ultra,296246,1024-1535,1222,0.900896
fb7daf661f1565a026c3e95c355e0d2f46b52df49413a3cfb3425b27db6ace01,smol-magpie-ultra,296405,1536-2048,1918,0.83562
fb1cd82c8a6b4914704d2b410a1e5ab9f2913607e3678e2d6ea80e1738be2461,smol-magpie-ultra,297335,1024-1535,1255,0.905017
8daf2fd0bd9fe836b9cae62bf8602a36aca7f63ab13cd40e873fb6b79cb9fb0c,smol-magpie-ultra,297639,1024-1535,1385,0.898063
e72e6d0b5a1c8e7168514a8ec653e089c40883e0a7c74bd227295d9fdb299273,smol-magpie-ultra,297737,1024-1535,1264,0.898328
03e11cf1c3ef7a8f5048dddbae4059a920e9f690dc741e2d5308c3fda2656e21,smol-magpie-ultra,297823,1024-1535,1457,0.897043
9e1a6ecba2feb1a6b44de4d9665bec08cdd4393e743ebca1fafa343af85fd38f,smol-magpie-ultra,298180,1024-1535,1176,0.896542
2e45944e60e71ed15cfbf639677a5e9730941234ead324c30ba5326ec4069d12,smol-magpie-ultra,298350,1536-2048,1813,0.830055
c98575f9a59212e7b2ad8e37abfeaed7373f92906953a1b50adc17cfb5066b75,smol-magpie-ultra,298606,1536-2048,1701,0.830781
436f98a9598db277d615af59d74bbadf2129f64e924fd9eef22f2a95c0081bf8,smol-magpie-ultra,299637,1024-1535,1456,0.89669
b4b942fcb23161ae362189946729ae012fafe966c5004924ff16b57f223f76e7,smol-magpie-ultra,299758,1536-2048,1867,0.838131
cc408817adf220f3c984cde018aaf2a13b07fc4714e4299e0e277f697f6f7af8,smol-magpie-ultra,300714,512-1023,834,0.90896
cb6e2a1befb837cca906a236c2e20652c0b564ccc7a49215b195f2dc228c9d55,smol-magpie-ultra,300936,512-1023,762,0.911698
04b8c75be8adcf82cc4187c6d71ea448fc325f43bffa2e032a068943513d4b01,smol-magpie-ultra,301295,1024-1535,1113,0.906948
7a076f10afe54ac7c9156894918491ad212164cbdb15bfb6732db579739ae4a5,smol-magpie-ultra,301302,512-1023,655,0.917234
8d0d4d7fb02a315d3ca5e05e63688080d88391b98077ca06854db0b868f237dd,smol-magpie-ultra,301440,1536-2048,1569,0.832008
0bd9c36daeecc1b553ea38156248229d828373c5684d8632e06ba89c8d27e48c,smol-magpie-ultra,301475,1024-1535,1347,0.903689
0f5096174889f93cdf47bfb1b939338de41d85e42cd9117bda5ec9685c85441f,smol-magpie-ultra,301745,512-1023,591,0.918247
15212ece47eea34969ea4afc97629f9d9ac322da4c8146ed73e3f9e636101de0,smol-magpie-ultra,301788,1024-1535,1192,0.892402
156767ad0c1585afa6fc08165403f382acbf9cec455128df6ce140bb950f7599,smol-magpie-ultra,302128,1536-2048,1696,0.831946
55a0a34a2c096a6dce3fc22b25e423c75b31d2829427cd8fa26ff95e344505a0,smol-magpie-ultra,302163,512-1023,536,0.920279
38941b516caa9382af8bfb6c10932affc8cf0e19b61f9765d68de5b43c6c1ac5,smol-magpie-ultra,303549,1024-1535,1274,0.896427
93c5ee43e1c209c34454ae03db50ede09a6ea90a31c23be5e49d79844cea5bb0,smol-magpie-ultra,303918,512-1023,669,0.911657
71b8a247f9d43ad8680401579ed6f4aa7bf59ea6cc94e7f53da8af96ea80f6f4,smol-magpie-ultra,304026,1024-1535,1270,0.893796
e584964414d87905dd64e4b0a20889d81499a0c813ec4f070dbe52ec67e97745,smol-magpie-ultra,304459,1024-1535,1137,0.906062
7fad044a2d8639d720e7b5d6d42eb0e74d2452789ef158ed307baa530ff742fd,smol-magpie-ultra,304845,1536-2048,1646,0.836419
53426c488fd8dc8bb53f8f191abfe15589a6b1597681021609d2b4f90c8f37cb,smol-magpie-ultra,305055,1024-1535,1409,0.89257
99970f4aeae87d2a7874b061879bc74d18fb97acaf1a26313aa1222133a5f169,smol-magpie-ultra,305683,1024-1535,1464,0.891939
46e0adca4018b254278fb9ec2280b24bd1898a2bea96164db2bfecf1a5e05da3,smol-magpie-ultra,306144,1024-1535,1362,0.899799
487f75c37d566814cf019d218b8aaac1ae84128fc42231610bbdb4ab0ba568d6,smol-magpie-ultra,306712,1024-1535,1348,0.891663
1c761d3ad34551f49b3df02c457d730d2257f9b3764e072f81e51c344d3e0de5,smol-magpie-ultra,307145,1024-1535,1267,0.894529
0bdcaee03bc7432b8ab0f75d6254a73a13c54f2d6188aa734ef37ba32f7b8028,smol-magpie-ultra,307757,1024-1535,1255,0.896379
6c0d03917aab56dd8677fa18e5a1e632a327ef35f08244ff952f98e38e092bbb,smol-magpie-ultra,308447,1024-1535,1475,0.891964
99f988e0bfd8dcaf7a8d6957e0f7a41c0238eb146aa2ace3d917a6c8b3fbeea5,smol-magpie-ultra,309032,1536-2048,1820,0.844063
73c82067415a9075b8d9811c041cb005d4487b6527f0ec2d1db0bc943410f06d,smol-magpie-ultra,309106,512-1023,967,0.916106
321c4285661148df152df0a33ddd19196ae64fe6ed1d71c4fe248dd8764df4f6,smol-magpie-ultra,309231,1024-1535,1142,0.900362
f435858065133716023a477f8ddbd306c7b9f2c11a1c480430929a3871315408,smol-magpie-ultra,309479,1024-1535,1171,0.897285
42c7ff44c2bc60fbffb28e903c6e3e17c27195b3776c030c5bf9cb070a2487ed,smol-magpie-ultra,310125,1024-1535,1303,0.892772
bb6a911e9e5f96a879ef82a58a0bec8950c0fd7ca82ac0780301c81945a2f784,smol-magpie-ultra,310191,1536-2048,1685,0.839186
7696cf078ba8268e24e7f9f3e57f91f81abc89ac6e23932cc4f8bc254d18b6f2,smol-magpie-ultra,310375,512-1023,525,0.930812
038173223160f062f5070b825a36a932b8a4d8005ebb87998d8aa18b9b9db5ad,smol-magpie-ultra,311275,1024-1535,1482,0.89913
1e981a9994120940c98d758e17c501de51c74867221dc6d3b72248c5448cd557,smol-magpie-ultra,311670,512-1023,785,0.921652
c7c08d509c6b9532a9e88407e63874d46012a59e9d7fd3080f62910df436ce7f,smol-magpie-ultra,311687,1536-2048,1761,0.833157
e23cf88c32780ba5c05c4ee56c99b3d52ee90ad12003ec3daa81ffdb5d5f63ee,smol-magpie-ultra,314204,1024-1535,1098,0.905709
24a299feb8df3af4b15c7ecf54afc012d246b4774b14bb9e03c4c9dc2a1c018f,smol-magpie-ultra,314218,1024-1535,1392,0.902166
e3cae58db5b444374e69c805ae8d9de44e50830d17ae0d815029201d8476a92a,smol-magpie-ultra,315690,1024-1535,1511,0.892524
9f00760819b023eea7a06d4db5d079366114bf7fde0981845c005b82a2395f68,smol-magpie-ultra,316120,512-1023,767,0.909322
534f0138c8125ae6cee777b3b9c03d36255dd9b26c108df0cf60a10a0cd6f99b,smol-magpie-ultra,316211,1536-2048,1813,0.830026
24c88046b06b49bc2a6e376a7701ddc40657b9601396bc4daecf8038aca04f5f,smol-magpie-ultra,316964,1024-1535,1424,0.890669
f71779170a2f9e49df000080c6511ba6d0b2f8e9e6c13803901e5061ce7f0a8a,smol-magpie-ultra,317128,512-1023,543,0.909004
4eb4108f5960fd5dd13cf8973c441ef8e19f9ece6ba01214c091b41a4bcf5516,smol-magpie-ultra,317211,512-1023,1008,0.911137
600c84173b84995ce67a7059b3e4f2eb5acc30e16175d36dd30ec8e70cae1b31,smol-magpie-ultra,317301,1024-1535,1322,0.894015
3b3dbf5cd6530cd242ed81ec5f7a13be927a811d6df8cbc57382222aa4aa1153,smol-magpie-ultra,317406,1024-1535,1105,0.896256
aa3fa2766fcc15681ff06c93fd1e6b44a47636c47b2ce4e110eb1a11f941b8a7,smol-magpie-ultra,317564,1536-2048,1766,0.839203
b9a8f531af17abce21123ba095ba9600e40f27c7659c7d03f2c623ec867bb016,smol-magpie-ultra,317814,1024-1535,1368,0.895605
5d2d498cb4e49b985b035d4780a6bc5eac7e6ca51cb0a2228b718de3aade0e3e,smol-magpie-ultra,317923,1024-1535,1508,0.892235
9bb654b9a09b6347805a500cb1dd073eff47e360bff83d9bb9cda7d752347e05,smol-magpie-ultra,318256,1024-1535,1361,0.899865
2ee0d80e4b57b449e85251c305ebc8a2c1582f7160f9ac84f5eeb9884a5e8be6,smol-magpie-ultra,318296,512-1023,899,0.908273
866b59d79f81de50f210dfa1aae7eeebf3779c76223e85765642cc498fa34dd1,smol-magpie-ultra,318900,1024-1535,1030,0.906622
42453a689e72de3dbe192ea167876b4c3fcc18eec211dec3144a16cfaaea3567,smol-magpie-ultra,318926,1024-1535,1374,0.894426
a56bac56bf186993ae8ff38a46e18ccba8de4115e940ae10b8cbe595a17e010f,smol-magpie-ultra,319391,1024-1535,1228,0.898502
9217d3e3d206b80fc201bf771d114bed57a145bff94005a5d4e144b9b30d9e7e,smol-magpie-ultra,321278,1536-2048,1827,0.834946
ae9666376c3cf2ec08002f383763ec8a2e3cc8ad6eedca58b6157c62015406f1,smol-magpie-ultra,322017,1024-1535,1225,0.907745
5eb8b8df28b51344e8602d05e2b9867b8254a5cb41d40420653b14e118bf67a3,smol-magpie-ultra,323661,1536-2048,1578,0.84424
20cc22c8e89dbb8d9263f6276c231a475c9d27126a65d6ffe578b86110f69fc9,smol-magpie-ultra,323798,512-1023,734,0.907112
cf66e4676354160bad4a0ff45fe5425a367c61bb36139373f05dd7a47dd2cc1c,smol-magpie-ultra,324705,512-1023,974,0.912554
8aff8de1e846d25374fddf62f89511415ac7190e11198cc75e0d5cedf245ebcd,smol-magpie-ultra,325184,512-1023,664,0.914643
7e81037d535731eca2854635b5bd78ad39a8877440b5c126572880a3641e95f9,smol-magpie-ultra,325219,1024-1535,1120,0.895311
a3d3147520d376b2ba280c3917bc0a8bda397bf70c920de965686ac238503cff,smol-magpie-ultra,325387,1536-2048,1843,0.841808
7ab9ca079599aafe1bbaab1797c879c94fd5a0413530aa7a186e4a108abc0d40,smol-magpie-ultra,325758,1024-1535,1477,0.903438
efb53951b101ca7e923b21348b0de92d7ccc806984b3a63a641920195477a2b5,smol-magpie-ultra,326321,1536-2048,1627,0.833266
7d25e9d087439dd8acc4db9c2667f6f1249feee42320ee8eebba98127302a3e2,smol-magpie-ultra,326582,1536-2048,1998,0.833191
91a8efe2aa8f4464996336c40bc067657aacacf5af3c87fa5f36ded021724e87,smol-magpie-ultra,327004,1536-2048,1619,0.837779
fa3afb41caf08fd25f3d488e23ace9fcd6c3f87b26c7add6475ef4f91922c348,smol-magpie-ultra,328116,1024-1535,1039,0.896253
0f5840a8d9ecbfd235cf5b7d4fbfdcc2b2f340a6e1ce1b85f593e239ad346cde,smol-magpie-ultra,328794,1024-1535,1462,0.893707
4621aa9a5ebdc572789b60c5f5d6ee4e23a12e262037595da13f82851a71b17f,smol-magpie-ultra,329404,1024-1535,1310,0.893345
fd31dca12408b5c0ceb77fcf767b3e45b895c15013c7501676bb86734d118f26,smol-magpie-ultra,331058,512-1023,850,0.913217
dfb7ac6b6632d640cb0d8dfb01ce6747fe6c1ed391ad507981a799ddd9046282,smol-magpie-ultra,331296,1536-2048,1662,0.831917
2264a851773eb073cebec89ffcb1d2e51397b23c7569857bb62d67b6533bfa4e,smol-magpie-ultra,332334,1024-1535,1280,0.909509
921fa7a7602e4c218fc5586bd0fce8be9989e13dfe3b4894d9261cbb68a96523,smol-magpie-ultra,333057,1536-2048,1549,0.832349
a063a610037018c9c0b2278efcc3f2d5d6c5cd253ef0c578f96ba518bf155982,smol-magpie-ultra,333556,512-1023,579,0.911825
0af42c72f235ad6af62978a0c5ca30ae530b17dba561ae759f5102fb75506203,smol-magpie-ultra,333638,1024-1535,1115,0.899968
0733f476fb6f3761c331807fcca39dc9af243864c0d255a4d18cd25d2bd59b3b,smol-magpie-ultra,335196,512-1023,570,0.912604
9c71cbf53e6b459dcd1b52cc1e1bb53ce338a0634d1ced06965c9dd5774cadc1,smol-magpie-ultra,335229,1536-2048,1571,0.833122
72b8fc06d5e5ed561095655c4d6f0caa58a2e822bb23d70a62df5564435cce71,smol-magpie-ultra,335991,1536-2048,1638,0.836723
249fd28047b3914f539ecc23dfc87d5f582091f724c1d17a16b262e93d523a6b,smol-magpie-ultra,337251,512-1023,747,0.911344
b23591389527c0d1683b04c7eddedc30ead7cfe9da0033259482415f72967876,smol-magpie-ultra,337385,512-1023,632,0.914255
d105bce6c97e10e781141dc64d31ee39563b67612144241e5b657388e3af6707,smol-magpie-ultra,338524,1536-2048,1774,0.835977
feded123fc16bc77a5dc020d9e67c69937449f3fe8029851992135180bbe59a4,smol-magpie-ultra,340179,1024-1535,1244,0.894793
d2aeb2dc1f9b1715597f210d94002391164d0fd09f10a33930889686f6c68da1,smol-magpie-ultra,340822,1024-1535,1280,0.900617
f60284e4ccd57a67f03af794a8f7b98e51d9ab7e8a63d15f3f119502c1c28b89,smol-magpie-ultra,340923,1536-2048,1551,0.832673
5827de11dd2638917d5fed075490ac2fbe000cfd84141ec3ad2bff945be58ad0,smol-magpie-ultra,341168,512-1023,956,0.91227
c91bbd3ca67c4547f8e9ab51d6c744221e4f3e28d7ce12e9c5f74018ec3f4b25,smol-magpie-ultra,341877,1024-1535,1359,0.90281
28673cb2152ad125998d90d355850cfa0b237686885208bf1ecbf5faabb2f104,smol-magpie-ultra,342661,512-1023,906,0.912418
53261e686c94584afe35e1daa01f2229a369a87bc29bcf28273a5beadbdd690d,smol-magpie-ultra,343624,1024-1535,1089,0.892113
3f21766739f2ac3d8f137191a8fd517b0d028d54e567ee688dd2491900c95b1b,smol-magpie-ultra,343683,1024-1535,1481,0.895332
c064b792ef97ea8dcc88aa15b9dac6cb1e2ee4a3b458ccc29ebe8c25f881ff4c,smol-magpie-ultra,343798,512-1023,582,0.91203
16435c9ac6401c70500d310bf0fcd43d1a417b7f20ca52c86caee2f14713daf9,smol-magpie-ultra,344235,1536-2048,1573,0.832342
a7d20b1be6bcb20484666ded3ef8cdb67db10af726d9c197ee8bcefc97992d48,smol-magpie-ultra,344734,1024-1535,1125,0.898323
bd9667023466943f171dca6b270007175416026d6734d5f218993d98839d356c,smol-magpie-ultra,344815,1024-1535,1224,0.902792
2b9b3b889a5e206b17b2110c0b72ee2d0ced7d77dd8ca5d442ad3df282d97ab8,smol-magpie-ultra,346491,1024-1535,1488,0.891499
d2fb505dba57188cc6cbc2a8d407133070e11acc253cb907a967b11492366545,smol-magpie-ultra,346720,512-1023,562,0.907135
0b55cbc7abde5ee36dbb2610ee0a716a0a427f5eb96f94af2f0ea1c22ed753ac,smol-magpie-ultra,347607,1536-2048,1757,0.832572
91ceafe3093545dac7c19996f1561154269e3e2273ad725b3722e0bc9b25c3c3,smol-magpie-ultra,348041,512-1023,791,0.916915
f43569bb9bfe2089084cec6a8679c4e6b6a4b04dfb9514f91f1f4fd0256957ec,smol-magpie-ultra,350349,1024-1535,1468,0.896237
9d79b40e5d9655656f68444a2b1e0dfed17d6baca8e0b6b42a2afab0941acbc8,smol-magpie-ultra,351171,1024-1535,1318,0.896989
2b839b59e213f5f4dd25f268228ff7f179d5383e446f02ba9d4d4b4f995d6677,smol-magpie-ultra,351603,1536-2048,1916,0.834566
f01efd4983a5449512c5a7bbe6635df89ae256e06123cea4f3cc2acd976e3cc6,smol-magpie-ultra,351775,512-1023,816,0.914365
11597d3ee2bacc9a7389ff17d94c7900904336cb1a64f33cf08d45a414645f1e,smol-magpie-ultra,352291,1536-2048,2028,0.846623
c0a775e706afdaa954105db23bbf4fc9974732e10f004b5d9ba94b7226f20e88,smol-magpie-ultra,353196,1024-1535,1525,0.897805
bff74915cfb7b4878751f901abe751df49a2e28bc5316afd6d6fa5f9d45f088a,smol-magpie-ultra,353286,1024-1535,1178,0.895851
357d51d91b3d535899d13678e4c6d6c886bb17f3fbcaaae892bee6097cd0aba1,smol-magpie-ultra,353479,1536-2048,1589,0.836556
42f3386f18469a95ca6db68e29d60f20578cbae1f5cfbb2ffa332a2402c551f4,smol-magpie-ultra,354564,1024-1535,1145,0.897397
23b607b027af7ae01298c63d73bf33a02fe4454904a209b5195d1d339c4e3a65,smol-magpie-ultra,354653,1024-1535,1339,0.897381
3f1e27e4b33dfeced47bea628486f90645f6c60e0276aa797c30713a328f3dbc,smol-magpie-ultra,354662,1536-2048,1604,0.831307
cad2e2aaacb9df8db8d6c85cb28e58971ddb40ab03af55ffb668f58867cbf5ec,smol-magpie-ultra,355038,512-1023,654,0.909908
1c9edbcb597d8ccabe57525bf46b0d4a53b15a4fda400a4842db613cfb96ec91,smol-magpie-ultra,356569,512-1023,518,0.911934
2a50de871dda199f8212165cb30b7ea57630a977f64c3bd2848e8c22a644fd32,smol-magpie-ultra,359515,1536-2048,1550,0.830563
2428a30aecbb15faa4a2795e3377a39a63dfeb8b473d81283ce61d3af2cc02c9,smol-magpie-ultra,359661,1536-2048,1581,0.834436
57da9108ed5b0436714ec8ecce048bca0aef20f77ceab0a6ae08f12e7f432842,smol-magpie-ultra,361270,512-1023,612,0.9126
3f91742588765d13f1fe57c16a0d21491b34a9347e2946325b3654ed77fabae9,smol-magpie-ultra,361379,1536-2048,1546,0.831265
202d94e5f4ea30e6c313eff1e1932dcb2ffa1b209840bb74fd28b65cd4f915ef,smol-magpie-ultra,361949,1024-1535,1229,0.906352
2eca4d559a22bce8e23a5f4bdb808b29f68f9f9a530bccc341491212ea1aebee,smol-magpie-ultra,362158,1536-2048,1627,0.834689
373037ce7cc1c5ade65ef1532a6064223aa8228824078e83450161e7cfa121b0,smol-magpie-ultra,364055,1024-1535,1289,0.895308
4ebe94d7545e70e5b6db6847234037a768cd867a1ce0f1f0c0a6869af52fa2be,smol-magpie-ultra,364186,1024-1535,1346,0.906667
6b96cba9fbe5a2f8487fa1b03a748e99e27711d88c45d29d9330a44c2b46db55,smol-magpie-ultra,364665,1024-1535,1495,0.89291
f89447a01d36c34aedd371f3e13785339bbfdc256c554e0e444b9dab66359f4d,smol-magpie-ultra,365012,512-1023,656,0.914964
1b53cc342896af245bdf275b3724eecf28fe778fedaabcc9b2df4493815d46e8,smol-magpie-ultra,365182,512-1023,946,0.91044
c516e77990cd473e027162da70fc22057f9c47e232d725add65a117e320a8cd7,smol-magpie-ultra,365561,1024-1535,1203,0.901365
c75ee2be3497c9dd076083bd075f38a5160d73f2806e0edeeb10d93909e16cbd,smol-magpie-ultra,366963,512-1023,704,0.915398
8bc3dad2f29c76b8ad3172de6c2ec0c5d199431791a8dd6ffc6e99f7c5106c3f,smol-magpie-ultra,367475,1536-2048,1553,0.833586
f39e43d4dceacb4a2d76755341c7cc6db5391bf5f12c3820613933182f6f6d49,smol-magpie-ultra,368004,1536-2048,1696,0.836951
eea0426fc88eef7bd3a690cd9cb235f08aab52d7dee7817ce2e555c6d23ee5f3,smol-magpie-ultra,368749,512-1023,776,0.910391
acb9112d324b7ded7609fd72edb4de1620bdddc326be4206e8ae4771b4137332,smol-magpie-ultra,369833,512-1023,731,0.921301
2109e5dcd9791e31a90f7a7686a0b44b0ffbf434e932a90d2ca926fb31ce2342,smol-magpie-ultra,369845,1024-1535,1502,0.903548
be411fc23cd772c647c26cc0d90911baa59b4dddd877afdf5a4fb767abbe21bf,smol-magpie-ultra,370180,1536-2048,1676,0.838002
e42de498cf663951257941245d088c276a5da184726dd283a88aebae7f0b9ea3,smol-magpie-ultra,370370,512-1023,708,0.915776
d65c0e543bd5e54272d06a4ac4ce806cef7b3bd7eead3f79ca25f29ae3b102ab,smol-magpie-ultra,370584,1024-1535,1033,0.904418
f5651dd81ac902073f63758389221df1c3ccf63ade9248dbb6052017d50cb476,smol-magpie-ultra,371153,1536-2048,1581,0.834234
9dc54ed86e9bed3bddd56a584f8a30042e489f4b51ad52876077fae345ac2c88,smol-magpie-ultra,373835,1024-1535,1123,0.904585
079d3c38610b781f6d89c74cf1b567b149e58d705f011dce3f9318a7b571624c,smol-magpie-ultra,374323,1024-1535,1045,0.905753
9d7d34fa53255fb7581fdd5359724946662247dc244f74181d83e0feae5c2b57,smol-magpie-ultra,377006,512-1023,775,0.910569
95b857b81eb32e4e6485d7aebd48e6d350df831914fd9e4778a2dc34ff470de3,smol-magpie-ultra,377180,1536-2048,1732,0.844198
87aa7081bd365e6cb7c601b1c6c68726a52202f76b0646d0ecfffea6a0e0089e,smol-magpie-ultra,377660,1024-1535,1278,0.902915
222bf60d0670bcb0770259c290d87435b3458ad6203358022132c477972bdd13,smol-magpie-ultra,377731,1024-1535,1297,0.897581
c061ec8ab90de4f170942f0d0f21e922e64b6f827e0d7feb97ea0d540c0d14bb,smol-magpie-ultra,378701,1024-1535,1314,0.897682
f491ff66d0126efe83adc9fc64a4e815970a94c8d186f36560f9751c59cb8bfe,smol-magpie-ultra,379286,1536-2048,1590,0.829761
31d823243288c69c06eeb84110a0f74cfbce2c3a92d05af73e33476c996c0b6e,smol-magpie-ultra,379541,1024-1535,1271,0.891822
99abb51623cba11f6fbbc1c8bf7f5d5ee76f42d20b8bd2a322788c6cacf84f4d,smol-magpie-ultra,381948,1024-1535,1172,0.898045
27d9ed13332ba7feb9d09a682872b32a5c1aa7c3d04e900b5a0d20d3a49d3d30,smol-magpie-ultra,381968,1536-2048,1734,0.833982
a832364011eeb255dae08ba555d40e9dff8cfad26668c2ffe633e9602b868666,smol-magpie-ultra,382259,1536-2048,1682,0.834316
e8eaf5b06e1e21680ff11e468e41d4c52c64cb1f100cf32158f7f239fa5de330,smol-magpie-ultra,382380,1024-1535,1427,0.894457
d64fa8418c9d9d1cb80f129ffcd5738f624265b934701145788837d03124bb3d,smol-magpie-ultra,382907,1024-1535,1269,0.901421
671388e5882f02a3f0f082d8c024a94b0cc6edad03971c374eb8b1fc4acebd6a,smol-magpie-ultra,383189,1024-1535,1429,0.899331
b4540e45ca0a9ea51c16c03dc585117602051962cce8047e23c58cc45296d055,smol-magpie-ultra,383360,1024-1535,1142,0.896378
81226a02d0d137a7319d5bd572ca32ed86cbae9975988e64cdbb2c206b1da149,smol-magpie-ultra,384652,1024-1535,1280,0.890893
97f2d01195320c8516c203d93ebe575cf2d6c65a169c88e1a53b17ef7207b614,smol-magpie-ultra,385354,1536-2048,1888,0.839022
3790f0345c39480e20bf5347ffad7b9c749409eee02e5bb784142d12a17c3ff8,smol-magpie-ultra,385466,1024-1535,1418,0.898105
fa8d96926e73fdcc5220da86e8d3c2bc4045dda2f5788f79917a9bc6a80cd6f5,smol-magpie-ultra,387504,1024-1535,1474,0.900158
d0721e1f0a94093ef1865671c06e31ac21ce69a7dbff4f936a2da101d401887a,smol-magpie-ultra,387542,1024-1535,1117,0.899101
ef71ff837b9cb498766c3e662f41b0eb02c18224ee278b80253e332a4d33524a,smol-magpie-ultra,387904,1024-1535,1207,0.899028
9f489d4482d78de8dced055983d3237c61a0315b65b8bfced422ccbbae6bc80c,smol-magpie-ultra,388064,1024-1535,1413,0.901683
b3766c0f975676eea9ec21697a8e04d7453079bebd55dc65178e7f78480f46c4,smol-magpie-ultra,389663,512-1023,617,0.915456
add210dab5fef7154c6c1489d4bee959fab1577da7c5f3042e320abc12ab6aea,smol-magpie-ultra,390104,1536-2048,1871,0.838957
4482e0ca7e97f29700f587b7ac1d974616fec7b864b9925535ee14a3c1380060,smol-magpie-ultra,390360,1024-1535,1072,0.891703
6921891296d47d092930e934d6bb35564fbc7598b53b7ace2b51d48e950a28b6,smol-magpie-ultra,390577,512-1023,921,0.910705
2ac48bc4d1bfbd7866b89bf4bd7ca1a0246a4e4bb91ff5d27b9d72e27595e369,smol-magpie-ultra,390712,512-1023,702,0.909591
7cf5088373b4dc7d7aba90d61c1493085858b05b33616eb9a04d7c61d5e9a517,smol-magpie-ultra,391031,1024-1535,1380,0.894055
783a2291488ebe26a7c873053d2fc2f2aa85c0726f72994d99fa433afdc69536,smol-magpie-ultra,391263,1024-1535,1268,0.905183
2e0d5ea5a267a482e377716fa5d988a0ab6507f55ed3b0046e7ce84833a81e12,smol-magpie-ultra,391707,1536-2048,1873,0.831454
2cc8344c7953a97b17662d394adff36422e5518dd4a39bd8e0088ec7d9af9746,smol-magpie-ultra,391785,1536-2048,1553,0.833696
4ee907067355dd190411abb4214f55f3e7e8c689c34aff55fd9436d1db9e8a2d,smol-magpie-ultra,392045,1024-1535,1406,0.891925
b6c3d39140e81df4ac8eee5d81ce68788b48cbed91253adeb5bbc42f26d76f6a,smol-magpie-ultra,393238,512-1023,547,0.919273
3dbf3474612c1365051c0a5c7ab559261f00bed9dab9d43069930b1ef45c1c80,smol-magpie-ultra,393612,512-1023,641,0.914747
a9c8c86e00055971b22f7a8c0c9fe8325bca8ae90b320e360cca756047d60681,smol-magpie-ultra,393963,1024-1535,1086,0.894097
2e1e7adb2723ed089a71a3be34cfe2bf02dbc30a6b933c8b4023fba8f10196bf,smol-magpie-ultra,394071,512-1023,785,0.918086
a1bbce0acc4624652cbed08929b7b88e81ee12333c28f85d52a81e29e22cb222,smol-magpie-ultra,394541,1024-1535,1469,0.892655
7ebd37cb0862445bc15883291d9dba50c57820e9a5cbedc91e41bb8eb7385dc4,smol-magpie-ultra,394581,1024-1535,1333,0.895001
c578efd7432905f5cd3c2c8cd732f7d24ea106ec3039e7bc4958b1bca52ed9f4,smol-magpie-ultra,395632,1536-2048,1932,0.835806
f4153c60488bf9ee19b15dfd1fe39613f1efacbe3d0ba9fdc5cb59bda98ec8bc,smol-magpie-ultra,395669,256-511,331,0.949593
e14eb82aa7430bc2150d7c1c7db56d3946bdfa7c7189d9d298abbd5108c227ae,smol-magpie-ultra,397111,1536-2048,1652,0.837561
f4ca4a56f8832d46ee2d9a101faff686760ebf03e68cbe8be48cfb27c2d46194,smol-magpie-ultra,398772,1024-1535,1163,0.899316
5596d2a64a7e4e185278fd62865dfb12a680bc307c54f015bc8918aa155b83ca,smol-magpie-ultra,398988,1536-2048,1927,0.833108
d3fdc39ebdf77a98a1b1045f505fb933b6c68cadbf6507f5a883bb8d8432afde,smol-magpie-ultra,401891,1024-1535,1417,0.893388
f5c86ffb014a86a96771dda7e04abc5759f1042f4ddbfcdbf78f5b9f1d99b10a,smol-magpie-ultra,402155,1024-1535,1224,0.897587
e41cbf17754ef9fcdac71fd96301e1242071dacfaf249dfc40721bad3db3e720,smol-magpie-ultra,402230,1536-2048,1833,0.830703
842bca9c5132b7890918a5b62c98999c0e6ee0539fa2e8ed9bb57b2654124712,smol-magpie-ultra,402277,1024-1535,1349,0.8969
64d4f1334a5b87bc4bc24b39dac5b408d3bf950352c62f23f8029e90ac466ac1,smol-magpie-ultra,402435,1024-1535,1344,0.910322
40d7c24d6111b193173924d1243b77118572375df0960b9e821bf168a7607b33,smol-magpie-ultra,403082,1024-1535,1068,0.905455
bc88ceaf33ff734e07c496f8301cd9fd1b10ee9152c12733f8527b0e829b5023,smol-magpie-ultra,403330,512-1023,751,0.910335
a7a9106577d009bf16bc8a95be6c909e87329ebd5ae5222c3800511d7ffc0975,smol-magpie-ultra,403662,512-1023,604,0.926
610c2c613d72125bdb831bc2fbf282b103094b66e17a740e890b05bb9555c155,smol-magpie-ultra,404071,512-1023,697,0.913929
acba0a664e6f3375eb73cec76ddbfdebdb684d4cef595c4f289036e353032dcd,smol-magpie-ultra,404821,1024-1535,1457,0.892023
1b0a8084d4f74d1078d283c62edb8bde03ff994e6c6f86b83e27afb551d157ca,smol-magpie-ultra,405209,1536-2048,1572,0.832364
974bf01782fd1630877fe4c78e23f2630f552cfec1c7595f025d8b6597a93b32,smol-magpie-ultra,405324,1024-1535,1090,0.891574
085db59c811ac5a0cba160122d24ea9653c43bfc2990c89ab847f0239f186cb6,smol-magpie-ultra,405740,512-1023,778,0.910615
91b861e252a594623a36bd2495eae3915701a1be4cade1ea3e52dfea6aaa83de,smol-magpie-ultra,406560,1536-2048,1548,0.831997
2b9b2b6643d229663bb7b20fcf2ff9556314e66b1236c62a90256af1a2de3b93,smol-magpie-ultra,408010,1024-1535,1186,0.894629
41fe7b5aade450b5bc5b6544ecee15b0277aa1fcf40ba5e953e3cbd61921aded,smol-magpie-ultra,408090,1536-2048,1608,0.830747
04a3282f88429722c5879bc8b3d00926e35d9fc43b60c541207cbf389b6a700f,smol-magpie-ultra,409011,1536-2048,1545,0.833653
28dbf8a71ec823747d5ea1d78076ca4c805a5d1382838fe8695b3909bc058cf4,smol-rewrite,331,256-511,267,0.952217
00e496bc6fea0aef7761b94d3bf8505d9341088492ca6d8a51d3bc72b32794a1,smol-rewrite,422,256-511,257,0.953171
7074aeb021a1180142e4fe3bb2f933b8bb4e69a8091b02194f52acc48805da4e,smol-rewrite,842,256-511,315,0.955163
0c46c12b0d39ce7266fc4fb1cb51b635d6daab34a6e701c85f58a2954c910972,smol-rewrite,852,256-511,341,0.953254
4d24cc906633fe41a4fe13fbdd151f505ae3b0bb8b4e8c59ba5a08788d023916,smol-rewrite,1913,256-511,260,0.959029
871a691e9db76bfb00bd07ea24906952bdd93a0d5d4013d02c985798ab93fb60,smol-rewrite,2814,256-511,267,0.957098
37272982f9e51992e7ece1296ff6c6843547cda5ea10dde1211c1d2dec7eecc1,smol-rewrite,3057,0-255,245,0.965947
d59f02983284e954bf55244cb53aed849fef71b6f51b4f874ead18cfa064772d,smol-rewrite,3131,256-511,257,0.953199
c1d2beb7fde7ae5f3fde0ffff83db9e4224516247351ac7d6bf350c48fee0a5a,smol-rewrite,5352,0-255,224,0.969464
48013c9dc50bbdb31becb529baa62e26b30cd47d979801e3cae96b2b646bf6d8,smol-rewrite,6067,256-511,331,0.958377
96baec414fb15422200876164664b351e319ccde0234d37354908688b80d72c2,smol-rewrite,6670,256-511,256,0.95319
954709f2048d640e7cf455f4d8173e6831f6c21dc7a43be6d4445367b158db87,smol-rewrite,7679,256-511,294,0.952081
e6b11d11e04cc2b16bafb72b0cde090bc7b156927e7f99fd7a9d8ea8166258fa,smol-rewrite,9427,256-511,302,0.957827
e24f9b823e2a550261153ba693b0a3adad59c379b8a99d1b7138be56f0879ca0,smol-rewrite,9790,0-255,166,0.922115
b4158d38d5b071b9fa8633ed70c083c5b81f9cb0373daffe2ee341302104f4df,smol-rewrite,11030,0-255,207,0.966923
a8bdb8bc3b58375732559273cef5466b085ff6d0b27720b67dfe0b674ea21f7f,smol-rewrite,11049,512-1023,514,0.939817
b6fe7172cce3743e2d7865be0f59cecb82bfe77d069039212df61253d18ebbe4,smol-rewrite,12966,0-255,197,0.96655
6f374da3c54aafc804509a5f6999d85847c7e4b4bfb9f5802a15e6ff7ec2fda3,smol-rewrite,13852,256-511,258,0.966254
eb519717e4ffc76d90f1f8b0b37a0524e86ccdaa9e7726cc0e845b3371d71c98,smol-rewrite,14168,256-511,286,0.956191
789e4d70e7f706c3f19112a84602e26fe1cb40c2f69a39484d99ec7a85ef0543,smol-rewrite,14379,256-511,267,0.955943
29ef331549fe1c68b0af81aa8d35e6a30e79824dfb03c5b7b73588bba867c651,smol-rewrite,14747,256-511,273,0.952763
cbdcbb695f0948cc93bb0c5304cc1a3b6ed73cbde5a8b9afb5fc05e14366056a,smol-rewrite,15425,256-511,262,0.95248
422ab01ebb7964bc145cf332eb832c2ed416b28f62d231d6c88c8144df0de78d,smol-rewrite,15934,256-511,298,0.958635
f2e2b7dd97c09afdbb7e7a3c99632052c105fd4722b51490e5877d6d68573a61,smol-rewrite,16460,0-255,220,0.970384
9474a26764464c3982907df734f000d588f232a0427639991fd5b6ef94b9f574,smol-rewrite,17448,256-511,268,0.961845
d10cfc1c1c239ae84d23eddfbef5be8d43f9761813166741607623e688e2bd22,smol-rewrite,17927,512-1023,514,0.94089
5cc0240b286c951de87b6b117b65f282e2947eb1d1fd43d3686d995fa54ab137,smol-rewrite,18289,256-511,279,0.952765
afbf98af8fd30eb6cd813548594f11779a3edd395c28f34a66efd70e07b22a5f,smol-rewrite,18323,256-511,368,0.961047
4a322b47ae418fc60a3c2ab6b90afae4d17906598a16c532e491d37f73774dea,smol-rewrite,18406,256-511,264,0.957946
2e4a1dc188568d172983778701e7e2612437bf555763aa3b739741339270f946,smol-rewrite,19194,256-511,279,0.953574
b46dbdf428d6680dc10bc6120690b7bf1387f2dcea34a01dfebacca471846daf,smol-rewrite,19537,256-511,259,0.958568
d221c84644ef7cb42c1ad28d8e10ba320def20da13026266838ba434f8631c56,smol-rewrite,20486,256-511,279,0.96225
3ba22f35e8905d5f64058f236f54d6b444ad1e7a5da83435dd5d58b279735f49,smol-rewrite,21711,256-511,256,0.955165
24060f0fbe8b67cd28da48b6c3930089acaf3e2e97cee7ecec10016dd3da0d59,smol-rewrite,21906,0-255,210,0.968824
2477ad6c03eb84c4284f68bea98257f8293c86f2c5b20b809e6278579d35c0ca,smol-rewrite,22271,256-511,290,0.952359
985a2c5eb06db1e9ee3f3b51b583cdbb1b01fb44825c16064f4bcd00d2ca12db,smol-rewrite,22586,0-255,220,0.967116
d8b09ca89ca170cb8017671957fb7201bab696e0aff97afb5de5782849e84dfa,smol-rewrite,23067,256-511,260,0.954004
fd1f4591e932c7c496eb989fdfd7c3c75dc4a0c0c6bd707e9b4bcc31f3e6e996,smol-rewrite,23242,256-511,274,0.958436
4079a5d2ac5bdaac908271cc84e81518f65d9416fe6292478515e97603e9b66f,smol-rewrite,23456,256-511,319,0.962725
df798d4ccb3e41d245f3cbeea494337493bb115de019ebb040e59e2762affb6b,smol-rewrite,23614,0-255,210,0.978509
2f5860e7586afbed70bab63ba6c23b6c41123152d8edd10054d74e004ddd74e2,smol-rewrite,23691,256-511,289,0.952666
b529f872ab6c445ed774c5668f6a1ec135f1ec87c4f2b404e7b661ce26448e00,smol-rewrite,24705,256-511,278,0.956965
fa77930aff537894a7f2155ea2a7e46a7d0c4675c083abc24bc545d4df9e2d42,smol-rewrite,25468,0-255,233,0.96672
708adbe2d412d77ac24ce1930be542fe482c4b483da02931f6a0c7cfafe0a145,smol-rewrite,25887,256-511,315,0.951728
d2465e7ddb3eb7914592fea78b07acc1faf0832d1c21eb9ef18516deb0bed3bf,smol-rewrite,28407,256-511,273,0.952687
40e469c895b89b20a2b97881c2cabd953644098e738f35ae2fabe6b19b184c19,smol-rewrite,28553,512-1023,529,0.945714
1e1b45f2a505bb96af130287c4e71ada1136101df9db4986a64c0628b343db53,smol-rewrite,28588,256-511,259,0.95739
19b4f2acc40fdb3c8a7d56aa5423857c53e0958861271d657be78cc419dad87a,smol-rewrite,28674,256-511,258,0.960918
028f228b8f201b6011a643b1275142ed90585cb1e6d261d291a1fe749028404b,smol-rewrite,28882,256-511,286,0.955861
5ec76fe72e9047e16a04a25c7f5c19f24688bc4161296f1ceacf92962186fd0d,smol-rewrite,29180,256-511,289,0.956862
ac6236e14c48f70b0dd5a1db9b6722035a28715629418cfa1ea64551e8de31c4,smol-rewrite,29554,256-511,293,0.952643
2bc1c770c90af4292a093f20ede4cbc285437b0f6ec4c5bfad29ad116b29eed5,smol-rewrite,30082,256-511,272,0.957001
0615659c8bcfb56126d00be4e72ffb4afc0f8ea9f33b7bb2095d49ee2861d4e6,smol-rewrite,30165,256-511,285,0.958168
3db05dc60197a8e32523f7d49dd665fdb9ca30f12f333e93d8e8fd0f00986665,smol-rewrite,31036,256-511,256,0.955187
ae767e15e63f0b2d988399e068612c95aa1e601b6c276c7656215201cbacbbbf,smol-rewrite,31066,0-255,220,0.969035
1ddf57e18fbd4276b23ffb5fb488c1d41f73ab5642ada6272aae939bb997c52c,smol-rewrite,31402,0-255,209,0.971303
71001598ffbf78db2facbcfb485db607618d11eef75d46e199001745973e0bae,smol-rewrite,31643,256-511,345,0.953868
55bd9b0759053b622ce1baac7e32e007149d7a73a2ce59d535d451cfc3dcbef4,smol-rewrite,31924,512-1023,522,0.939775
c75d3e024a3025d02bcefd384cf9405d189cca84d70fd770eb37f4bdbd72a14d,smol-rewrite,32330,0-255,220,0.97525
b341318719d1dcd489a945dbce87a75fdc39ac3d3242592577ebf36ee58a5b2c,smol-rewrite,32373,256-511,287,0.952929
26d6cd77399d06eff65a15e4f688f56a185fd27110264b60da65656d1b784679,smol-rewrite,32459,256-511,263,0.955041
3bd090bcc6e9f4f19723a2272fe9bc54eee9a53fc8eb2a62a5560763e52d988b,smol-rewrite,32653,0-255,210,0.968387
ac9fc291ccbabc83d7f048b30a50fc156e42507107b0074787bc2c1f7257aec2,smol-rewrite,33042,256-511,291,0.95314
df2d51056e6f598531b8423960332280afca2ba72e5d3090b6e83d48eaf17373,smol-rewrite,33396,256-511,263,0.962271
4bdecb15dfcc7a948960764e9656987fa5c1fcebb3b4ceadb063bd65c9076f55,smol-rewrite,33850,256-511,294,0.959888
19a17a32e33c79242ed8913b727756cf6237a7c0ec57b8af96ebac7992d72738,smol-rewrite,34416,256-511,262,0.960341
8ce26ef38765167c05d768d1ba67f8e47e9266d98c5a31efa787370a2546e669,smol-rewrite,34564,256-511,299,0.952085
7c6ab45844048709691a72859419dc92e47f7aa06056856404e4f7bb4ffd7dbb,smol-rewrite,35076,256-511,272,0.952708
a45acb4e0a855dc7edfa037ea5cfd7f63ffdc229cb1741042dd801524841be04,smol-rewrite,35272,512-1023,520,0.937994
54e74d7ae8ba17c6863b9f96c00ba147b748221e70eaffadc06d263fa01452c1,smol-rewrite,36167,256-511,310,0.95242
7c79eed4521724745dd31407efc67b56fd380e69ba6c2be0d4d2bdf6fcdf8e0c,smol-rewrite,36225,0-255,210,0.971155
e924ca0a9927564ae3a8291c6ce2bf6edd5e272ccaf7fb1ea3ff0c26024df59d,smol-rewrite,37068,0-255,203,0.968397
e2f5841ffb52bdc652527e3bf5cfd6044e3f972f1c8efb2de7b627bdae93a5fb,smol-rewrite,37097,256-511,294,0.952313
9de073d68962e75dad63c58acf9e217d52d95b89f6c4eaaf7cd6d4d2673da519,smol-rewrite,37689,256-511,321,0.954097
cc88cb4bae206b5b475558fbd272b20e3dda5153eabb9102bfd42c01a06edba0,smol-rewrite,37887,0-255,214,0.970572
efc2fc3997e7878c5fc1c23bfb69218923ec4e28f585e8db5d10bf357c58fe87,smol-rewrite,37890,256-511,279,0.95922
c6a0e9c1000e0fb2d7d865b73e9936610b7f56dfa0fe228c0ff7c5c7f09cb5f0,smol-rewrite,38738,256-511,280,0.955278
14d0ddedc69fa72f103466d372e5fe71112745def90636a6376856b5a27ac8e8,smol-rewrite,39367,0-255,191,0.969418
45327ff2f86431137f0441ea16b1d672f2f1dc039fbc303d449a210b5c4afa51,smol-rewrite,39646,0-255,221,0.970274
4ca816f9d6dc475d5b83b84761af642902c76ae3f7ae54233cadb646724481ed,smol-rewrite,40321,256-511,262,0.959743
5078781c2372602fb033ba809b4509c66cd78c1999fe88feecc3d8d64b035da4,smol-rewrite,41806,256-511,372,0.95367
2184f1a2af5cd43bc9e86815ce56b58e0afdebd7c8907dca17554cc011dfd428,smol-rewrite,41845,256-511,282,0.955755
0410c94ebb9c494bcda57b2323d444dcdff0f17f4753e02f5a6c67ee90bbe0e9,smol-rewrite,42221,256-511,256,0.952618
e50b30fec0cb5e1f5ba8697cd4b12236996b5af2fd2d38b14d0f892772e41c90,smol-rewrite,42674,256-511,294,0.95909
85faa03c2b635ff3302a65c1a2f6c917df410f2c9017d8cc395edcbb60e9c8a2,smol-rewrite,43432,256-511,294,0.953416
08e1fbad5e1df5fcebcddd0f0e4ed10182838743f0bac70ac0eeda61aeb23f18,smol-rewrite,44382,512-1023,512,0.938846
439a92374b254c86aae8458b45ed7912693476b15ee9e7df7656fde7d79eab0f,smol-rewrite,44704,0-255,232,0.971039
5e9aca87dfc355c2b0adba6471650bf63dc1b2250585c9db128898d76fe142d6,smol-rewrite,45327,0-255,237,0.966245
c3c087cc8e833664e45c599f7d750fd8636928885eb50e5dcb37491377062771,smol-rewrite,45361,256-511,262,0.959284
02fbc41cc357615b23b979511cd92a5249b793367d18e20c42e8eeebe47eec0e,smol-rewrite,45878,256-511,304,0.952462
4a197634f311dd955bc2307c6ec42c009b04459e440f0df2965d544e23da60a3,smol-rewrite,46189,512-1023,541,0.946759
acfdc5abd1c5a49af6d7560faf55dfb623171d3e2574a5111a469867597066b1,smol-rewrite,46728,256-511,259,0.952752
736b927facbf47e1aa2e4546c6c9da9a362f98884fbcb6e74c84b68a6224fe0e,smol-rewrite,47426,256-511,299,0.955599
7c780759b3a614f0bdab8405101fdd963a4fd9bde087092ade881804a710fefa,smol-rewrite,47693,256-511,269,0.954363
3e9a87217e6695d0cc9c088ca6b6e8c6dbd603230cdb0ae2dc780e763bb8e9d9,smol-rewrite,47830,0-255,225,0.970201
ce35a6caf0e5c7b8ec61efec0bf2b62e332683a40bc65a8ecd78db1d70d83bf6,smol-rewrite,48251,256-511,260,0.953884
8f83cd71255f16e5474cc9fe670ba2bb7691eb0154d66ff0ccb2739fe795b649,smol-rewrite,48743,256-511,259,0.959683
3aead6a1a9779bae6e4eec9859b4d695a0e6e0a224cf1b7508b2ac3cbf939815,smol-rewrite,48948,256-511,257,0.953404
6edc8058aa0eea8a91e1b733a355d184bd187e36a97cb207289c9e5b525e9433,smol-rewrite,49873,256-511,270,0.955442
d306f9c3db6511ed4beebf4cb9119b178a3ca636c6bd9f583728138736d24dce,smol-rewrite,51054,256-511,261,0.963719
685069c87231c73d622c46e14498a5980f956c4f76db6e391cd38021fd26c2df,smol-rewrite,51105,256-511,270,0.957984
97d9f1203a10c5d2fd1ebd430726a74c71c736bfb022b5063737abeb6f988a29,smol-rewrite,51211,0-255,212,0.969792
839c69edeacd02dc5f5adac30673b70517990f50a47fa28e210c379e6c21ea98,smol-rewrite,51409,512-1023,538,0.939052
063b99afc1fdeae2ee94e1fae7aa8af5664ed2bc2f7b2d9508e4ae269dc94957,smol-rewrite,51493,256-511,290,0.952442
13ea5d50f3faec95bdcf047822919f72e2091182d190b5a3121207fb34ad7f7e,smol-rewrite,52002,256-511,284,0.952285
03da2df13ec24f1dd9a9eecdf61fc31282f7dda53d586ec5aa107c2916d50386,smol-rewrite,52143,0-255,240,0.968094
6067efe3d950c0ff7d2231ccf06dbf33ef34feea98a7075ee0549a454a28a50f,smol-rewrite,52616,256-511,298,0.953554
208c06c22b04225a4396365d278abfe0d1564762d4fae3a711b38371038baa93,smol-rewrite,53245,0-255,207,0.97072
897993a9f324a00af3646b3a73fdde0744a1861276bc4e8811ac54869aff6b2f,smol-summarize,662,256-511,466,0.929026
2b27006e95c1ef8e5b4d104b00b8cf344cfafe8a9e2ec848a1560afbfc062e97,smol-summarize,747,0-255,241,0.87736
32db64b52e5aa8291e35f2a1c2254f39fe69f1f8cb909b4cdf19ae7a5c9e1d10,smol-summarize,846,0-255,251,0.875074
9468389428d69c1aafc354dac58fae4abbbaab92fbb192064528ebbb9f6d8688,smol-summarize,1985,256-511,349,0.925717
69b2f0ccbdebbd0ba69ce4b08cb2e778363a237bff7dc0ae2ac9af1cebe7255d,smol-summarize,2808,0-255,236,0.898444
206db4ca5763c65f36fe517baef3a56fa60632169dd8d8978cdaf514f36b8698,smol-summarize,3316,256-511,411,0.946455
1948d9084fb0324424f52edefbea3a73c2a3d7cc5012ffc230dcfcc1bd28760c,smol-summarize,4647,0-255,228,0.889763
30143966a522b992f1f9d9e7115c488426b596c250495b32936e04a785be3f81,smol-summarize,5236,1024-1535,1059,0.917904
e68077fd06bd6f8bd399969eeb55c96e11782e95a440590680ab15faecc0801a,smol-summarize,5240,256-511,499,0.941104
f8505e23d4fa6f1d04a9ef248b1b837dae4e61175401ab985843d4f5e1164f2b,smol-summarize,6408,1024-1535,1260,0.917928
1d8cdd4e31a4988038c93e5dccdcdba8165e5aed48cc7c8221212fd746130ccc,smol-summarize,7241,0-255,243,0.890453
562e6dc41ff98817ee96ae17632b3cd867b1c3b2bd1b19ac8058037599990d25,smol-summarize,8568,0-255,223,0.893134
c5e24728c6223a307db6f3ac87331f19f171b5e4b85a9ae7bb13e9683be93314,smol-summarize,8694,512-1023,629,0.930047
95dc2e9e7a4dd39d6e1ad8d4b26decb9fd750e9ca00ac69ceef8a5e887fd918d,smol-summarize,10194,512-1023,564,0.933646
ec5b010039a2c861717312f8d321c3a16e0bee815ca1be37ad38304b324792a2,smol-summarize,11759,512-1023,520,0.9314
feb053092fb057caf7c0535b7a73d381c8969502420db03040f0a9bd755b0b23,smol-summarize,11854,512-1023,571,0.934905
b07122639f23567d6b96a6e337fb34c8659e054fe420dc7546815f85acc81a32,smol-summarize,12046,0-255,227,0.889537
6b91469b4f58306e37a5777b82379cd90b14652590104f7728114cb57a7967bf,smol-summarize,12360,256-511,320,0.941134
5bd13b53e6eea9b7fc849a7bd2d98d83ab388d1a53e899c5e338ae97c10e74dc,smol-summarize,12915,512-1023,546,0.931321
4b14fba7b4dded84d748bfcf6595d7110f087ee0ce484b05ada26ae6ee3cde72,smol-summarize,14428,256-511,352,0.924237
24d77b35c2e71fce347dbbc2e9e9407c9a9fe40aa98eb3126d91295fe5762f7d,smol-summarize,14465,256-511,422,0.931834
8f1e0d9dc5066d2d1d59476e38762d4b35706ce5cb13d699bf2b540961212535,smol-summarize,14532,512-1023,517,0.932972
832d14ec2421029510caee3e65ed938a07fb8c95845f41586d4426464c215b87,smol-summarize,15230,256-511,507,0.93524
0fb0571efa50b97d28c1f73294e3164b5bd83a093de1706ed9167c3b3bd8029d,smol-summarize,15893,0-255,253,0.880741
c8a22353f35c82dc3819147906d8c10fec3d6cc6cb83914cfbb35fcb33408aee,smol-summarize,16606,256-511,478,0.927917
898e11612b7b3da8f57f40927d144e5f83269a0816d5715b3c0fb8901473eb7b,smol-summarize,17467,256-511,278,0.926715
15a90572cfcff18e97bda4cd70a5ea78673640c7dd641ce4f2d95124f81ca1d8,smol-summarize,18222,0-255,217,0.878252
4ffb5fda10f96b8076352a0539b7d3075b799667b4902040bc7fa753e5fad994,smol-summarize,18423,0-255,233,0.8891
ae515e7b0b8c8bb0ee7e8dd59a4827fca4c86da3481ed595857a18b7867afb28,smol-summarize,18920,0-255,177,0.872578
dae366d8027b0de9455311b5a3efbed5837fd363b9639a1635b398a05f2dee6c,smol-summarize,19057,0-255,254,0.883922
2baeb4812a6ffbbfdeb10acadfcf24a53d86f62acab0e0f1c41349f456534bec,smol-summarize,19619,0-255,221,0.888266
f94692a24c2cbe4b1db8384cb0ca357d37c136bd8d587ee5e33b25fa98ab5e5a,smol-summarize,20558,1024-1535,1290,0.920739
19685b9eb29e5de68fe381a659a28daef6ff610adfa765a40432c2dc77dc3bff,smol-summarize,21633,1024-1535,1058,0.919666
54a860a3830f775a8298c294b2850d3c582e73cf8c6b7ecfd5c8885a138ca6b5,smol-summarize,21727,0-255,230,0.886707
763e10d920d0be615522d2810bb10ea7c0682dddfbbda93c4f768e1d3d632249,smol-summarize,22078,0-255,249,0.882441
e5fae6b6cd21f4fd22cb676081f924eb81f07a16e9d5f9ca765f16590948f9a5,smol-summarize,22151,0-255,227,0.875629
cefb1fc8c599e194953e9281849e23cd2dcc8976b425e3a9a67638b43ce8dd3f,smol-summarize,22165,0-255,231,0.876134
be15d9d8e88c143162283820d8882575892ec52c2e825e498f6b57d5c0c99fbb,smol-summarize,22825,512-1023,537,0.931124
3c5a8fdda99d3e4901965737a80509c74e5df3bdec6ce0bded409d05eed5648b,smol-summarize,23337,256-511,307,0.949645
6b8b53bcee10856ee421659ff7f9dd2110ec857c2ea4c960274ecae49a173b27,smol-summarize,23411,512-1023,671,0.931439
112409037790dba565e672864b9ad4be05c28b1a35d0053fb1078021e4617e1c,smol-summarize,24164,0-255,236,0.874797
d412853ce0efccca4b82623e981af11aa0494ca74b6a53bbb5ee8a856d1f10a9,smol-summarize,24233,256-511,413,0.928915
28f2ff303e5b5e745f3b6552a58f1639bbad79f9c6cdae5e013ff4a6e607c625,smol-summarize,24520,512-1023,526,0.935638
3848312460aadc33419c1962bb773a4947b92d9c4bf4ba31e2e5b7db018f049b,smol-summarize,25524,512-1023,606,0.93125
e6d8b9c283b9573a858a35b575faa2d2e7f2684efb6ad63d7d51e629c201c07b,smol-summarize,26655,256-511,458,0.922251
b1b7a6d7eabee60675449f2b276b17548bdb69b9a19e9d8f1669ff849385dd3e,smol-summarize,26763,512-1023,620,0.935711
d9381f7eae073884eb1c1777fd31b9441490e4a699abe7ccc45dee3c54f5b7d0,smol-summarize,27127,0-255,239,0.878262
dd5ea82b9560f3a7e96f30273a44846c4f1968aa53a49fcf6afdbaf142742d83,smol-summarize,30416,0-255,224,0.881738
2ba6a9d2a1e7890b85d7f4677960669874eebc9545e78f31427cb51faf4b92fd,smol-summarize,30460,512-1023,583,0.932605
3ca4b052d1c0fe3f245bb10fa17f94fad22b2a964fb3edeb7db35c80c4b1911c,smol-summarize,30537,1024-1535,1403,0.925857
b38c331c361540521a7474d295e043b6b3551e2e9dbb6f99b034ba3b25e9fb4a,smol-summarize,30601,512-1023,565,0.933953
c3703c33c2a6d71594994b74a13d4b2d1338f31ef0680d64700862dd611b1af3,smol-summarize,30854,0-255,255,0.905864
f01ed1faabbbfa5637acd7f4792cc6f95a0cb5f75977a0002aa57cf964fdd5f8,smol-summarize,31198,0-255,241,0.87647
aad873b4741f5198d2732c995ba78bfd872b5cc6ff1d7e4b066db087eeb43fba,smol-summarize,31889,0-255,206,0.877972
86d18028aed3928e23c590e80a2e3da16e3570844b9ceae444a53271bc5b45c0,smol-summarize,32610,0-255,247,0.886916
98904084cc88b8f2ebf43b7bc474ff9615fafcc2a271efae9bfc22a4e1633b4c,smol-summarize,32659,0-255,218,0.873368
de061b1888c055670bd8209ba4f599cfc24997bda595c2b4a1d1db8d884d1062,smol-summarize,32860,1024-1535,1125,0.924849
fa8474fb5edbefbd390603e1d2412241525febfdd0753d6333add3094f6c5d5d,smol-summarize,33035,1024-1535,1102,0.918348
81b4ea7c2359da7b77940fc78432921870ddf67f00865e0a6912bb00e9a8894d,smol-summarize,33836,0-255,217,0.871714
9964aee623870bde80337066edc8a2c7e8c503bcfd4d37afbff575e784d5446b,smol-summarize,35023,256-511,399,0.924836
8877b47216f7b6fee046fd06875a1a5ec3771acadfcc0c845e1271d97229b1fc,smol-summarize,35178,256-511,505,0.92413
b0b676e12d5847e8ee1ec43fcca6ae68753aed1f79a2987f52253abbdbe0490f,smol-summarize,35289,0-255,231,0.874718
8107987f633b455cd09759fc67e97f06183e5c94048a8aec5cf96e5486c4a393,smol-summarize,35828,256-511,305,0.944695
bc6e6178228fc89981a644d79a7de19b381034091e0b837ac4f53072e9d3a610,smol-summarize,36008,256-511,378,0.925812
7d2e80a7ab81ed217b9f4527f5129e908fb0517ad880c7e132a2d6f3add5b271,smol-summarize,36320,0-255,239,0.872395
dd33b44d1e9a0f05191b4d4985c5131a5f6a1507c887429e4af3d9d81b104e12,smol-summarize,37796,512-1023,519,0.930081
b90dde93b3ea1b291260463385d9feadadb17a37d7020a56dcfb7317f6c083f1,smol-summarize,37881,0-255,250,0.880231
affbcebb4902fcd96ca190f714bcfcb76db7a32d0b818a1200722d2386a6f639,smol-summarize,38745,512-1023,1000,0.933517
57b91b428ecd8761ec6e6bd480fe47ee9ca3836ca10c9a27d655f75b677f930b,smol-summarize,38858,0-255,215,0.88349
2956fc168686228a6b0e4e24d74ea88df4c0dd373dbe522f54ff8865818bee91,smol-summarize,39228,0-255,248,0.885298
0e3dc9863263b51bd2dcdef33556183b3c584a6562e46cdcca5b0553e1ace6e2,smol-summarize,41409,512-1023,709,0.929875
d19de6fd5b4080b2f657d47a824b173b7ab5ab0ed7998ff92974f27cb1ddfb38,smol-summarize,41456,256-511,313,0.928151
90bff14a2547c3d63d6733966452a42348914b678cafa80ab0a12aafc59f9206,smol-summarize,42102,256-511,379,0.926741
b43270889113290c0757707e36204bbd9db2f8ce44d166f89e96ebba2c9ecf48,smol-summarize,43324,0-255,240,0.874495
1b00176bef092f73e8cdbe8f6b29b98a2d43d3a80716a215f92efb334953043e,smol-summarize,43736,0-255,250,0.891521
b76f63ee6a5a56b5e57f6925335b5d39938daf684937541a18e222b67b38386e,smol-summarize,44256,0-255,252,0.882774
ae92d12f8b3b73bbd0620f23dd3e89b508eafbbeb0d55f8e194d68787fa6fa85,smol-summarize,44642,0-255,255,0.876224
b4083e3bf20049db5be3e2390b1945ea0314fc8c5fe694f827b56eaa356ce6a8,smol-summarize,44735,0-255,231,0.871286
6ad0bfbb2a7ed466b5342ae9ea82ccd67e92e9701ae4a75f0daa105f7aa9071e,smol-summarize,45013,256-511,343,0.9238
e289d50566829ab6cd8cd2eb1a09334cae4a3b736a1bf9ba269a1e5f1456bd56,smol-summarize,46616,1536-2048,1667,0.854331
831f41de4d76dfcf9ba3fcfb6a4281ab7ba6f3e581081f4961a951c7de8844f8,smol-summarize,46905,1024-1535,1125,0.922815
9e7ef512ef1856a2bf7d8a4390b55bbf0cf4a5867097145176d36c64c34830eb,smol-summarize,48487,256-511,454,0.93408
edf25637d0fb874367a81ab338186b0c87d0e8b48c1bc3019ea8da9e6195594d,smol-summarize,48552,0-255,189,0.87234
aa7f01392d6b28c1416a58f8c381235f4d5d31832540b7532ff6fbf505a25281,smol-summarize,49681,0-255,203,0.868957
3ff68199e708efaf4c094370312eb04d114e5c60c1471b9652f3fb350b08331d,smol-summarize,50410,0-255,212,0.874535
c2b879bd94dd27a235644ef155cc90198a0ad46d41bfdc8b2451ad03aed9f40b,smol-summarize,50862,0-255,230,0.886969
9942aee15921011acd855ef7bd9a1eec98c7a167ad7eb4ea39973040cf52f729,smol-summarize,51518,0-255,199,0.875225
be76003f859d7864b2a6ee3d32d55f89b9e2e54527859c8e040d81172469c3f7,smol-summarize,51687,512-1023,638,0.930835
c11dd8606de73747f0c233cc6c9439cffd5afd2cb330aa60ed3c1dece94bd605,smol-summarize,52455,256-511,492,0.926707
d29aaa0f7898eebce2d967010013b5292d30a6a5bf1efb84ab0352a065aec49b,smol-summarize,53162,0-255,222,0.892839
fb04163778b591ef0767bc7c2c93b09dbccbb6373ea69a9d7f087fba103a2bdb,smol-summarize,53669,0-255,184,0.874114
77cea41ae0b2dfcbc7371f9972f0ca4c5fb5cacb02b2e1e871809ee9c59c6a1f,smol-summarize,53794,0-255,253,0.885458
af49c36c52dd2f8232c6da9a3b544c151c1b4d75488747f4279de2a00e4964ca,smol-summarize,54532,512-1023,528,0.932616
44851ad87e3601064712ba79f4ceb0352fe5e4e4b65cdc7bdbbd2c3fde571536,smol-summarize,54583,1024-1535,1064,0.921503
bdf1d565d973abe41ebc8b20d15fb8a095bfaf99b3a83a6416865635529664f3,smol-summarize,57435,1536-2048,1536,0.887847
9f6d6735275727ed9072137d63ae7929790319fe88d63139ff1a9170e411298e,smol-summarize,58144,0-255,211,0.885608
15ddf3ab038ae3f88c2c6825078e47c4907e0c60acc75c0a273ed27ca0f55f19,smol-summarize,58480,0-255,251,0.871591
ab1b9b645251e0d2ff387a238e4bbf74651b7c87649bfa079281e8e848da60ba,smol-summarize,60005,1024-1535,1078,0.917902
0a0b82f29d13c7f274b954522548a3067fe5eefbafd44894f61fb728412abdb0,smol-summarize,60089,0-255,228,0.878743
6bd23fbfa9a047c793ba14a3b74dc5841e790edebc7dba33745126509acea91d,smol-summarize,60622,1024-1535,1267,0.919708
d252113c64867d275acdb200b5695435b2965deea831723536f5ab140c4766a3,smol-summarize,60982,256-511,354,0.941992
44c1b374857b5952e05b010dd8efdb80ab73d0c68789cf201066279634c6888d,smol-summarize,61005,0-255,235,0.886786
346f1df0196f2f2f3555b35b230e040566beec308dd5b5806b815afa373c7eb1,smol-summarize,62009,0-255,250,0.889989
fb83ef3426144771859bf3ebd9065d98656c852b96c75c66b48e1aa96837ded7,smol-summarize,62627,0-255,178,0.87128
c3b5e397e47350c321d3556321ca7e4027621e4106b0602f327c542adec9ae4e,smol-summarize,63894,0-255,253,0.895844
9faca8c1dcd9c3452e02f43acdc4eb4a12418c606fe48d9ccf7933baa26afd9d,smol-summarize,63965,1024-1535,1070,0.91764
efc3a9d0e7b218d68c7ee1c15e13f68fcde867015afeea92d6567866816b5906,smol-summarize,64679,1024-1535,1061,0.921504
093b922f179210666c96171d6e0633cb606eb2ff5acce378326c77054458732a,smol-summarize,65082,0-255,216,0.879376
86f6e9c54def2b4eee41490eb369547bb663ce02145386f05f1b84a1409e6ee6,smol-summarize,65160,0-255,221,0.888093
0d249febb1dd2697a6100817137af13ed7c3b669c73e3d53fac87b35dcf53af2,smol-summarize,65396,256-511,267,0.931574
fb76f55f8da94aef12ee20868906b0c6236f92d8b0514b18ddeab349b9b811c0,smol-summarize,65633,0-255,216,0.878354
97f8df071950e0c58f1e6acc69fdcc0284ffe12a07f9f6d303e0ac52b26df71f,smol-summarize,65936,0-255,239,0.873396
18f1c3f23d5d926593783121d604e324ebdc8023234fecfdb2cd0a4bee1d8ebe,smol-summarize,66049,512-1023,636,0.93442
74eb023160d675f7b92efaabd1729ea0ef40e2661363f45e6a6d0df0bd73ad0c,smol-summarize,66889,256-511,390,0.932831
40d65431165522785b7441c5cb24e1e953d8fefefb8d5b928b14bc64a1f01c1b,smol-summarize,66960,512-1023,529,0.934443
86512334be91746242d4643116bd275149061082a989e5078ce213e65facc80d,smol-summarize,66979,256-511,505,0.926434
7456eaecf17f2ef531cda13b8954b3605355a3053f05416489b050a9d9602295,smol-summarize,67265,0-255,244,0.888107
774b4c9beabd016c327957b872b0f2717228ca5b444de3395b4e8ab51c7c8308,smol-summarize,67396,256-511,396,0.928374
1060f7d9e1d8d7ee1487ff8c06cb1d1d1d4bc06a35b5739719b274ffbba4d6ba,smol-summarize,68352,0-255,245,0.874297
b5b33c21098ee31ba975c5d885564a7ae9c2b7730dc18b80419133475c33b391,smol-summarize,68370,0-255,252,0.896691
6ee4103303e34c01d6db63315b7e7361c94f0b152800dc48c65e1a6a749e057b,smol-summarize,70186,256-511,477,0.930147
40fead669e71b26e0c0e44a48ac726da4a391fb30a25c0f15415ec22af4595d4,smol-summarize,71056,256-511,414,0.931875
f782e63f792f466f4b8eed3602e05791b2929359cba56677ecddebb9e0184803,smol-summarize,71760,0-255,251,0.890192
957200b114aa2ad1888eba61e0f622a719378974b3981f5653af69cb701fbfdf,smol-summarize,71881,512-1023,596,0.93753
fefd92eaf9f4aaaad55d17001bab4742429f2a3997d5aa86a49730c9229c68ce,smol-summarize,73594,0-255,233,0.87809
46cb145924aca71a25d476e539994ea9366729530c9079ec7c1bef6e9f72ac65,smol-summarize,73607,1536-2048,1564,0.858003
b421a0fc91112aa8595b750a7b4d3efdf2f7824236bc6ab2b54c987ef9dd994a,smol-summarize,74351,512-1023,583,0.933158
583363718135144b9c2f535cefc99e91240d68eaff581490475d89e1528b419a,smol-summarize,77495,256-511,365,0.936878
5ff41a60459baeb0a08c7a62fc6accf2b583c821acf655348d2f534cadb118db,smol-summarize,77740,1024-1535,1071,0.919566
577be90aa83cc4b8ae30c7a14dfd8438789b15be3357d655f68d392bb3023472,smol-summarize,78841,256-511,331,0.942455
a7e556183d1366e9d236109086e5708916037d3baf652608c4769eef8257ec9b,smol-summarize,78985,1536-2048,1908,0.856069
a761cf97c5b2ee9a48348c43566bf96dd0982095b9d4c7c848d559ff618c6fe4,smol-summarize,79011,1536-2048,1607,0.854949
67e451d4e29fdf4a808e3bdfa878b00a5d964fd7f56132573f78c7f5d1db06de,smol-summarize,79082,256-511,475,0.927012
b96d9fa387ea6b72ba2bdb9ae2c8c2824d685cc92a80b633eb4b08f55af5f3fc,smol-summarize,81196,0-255,210,0.902802
c9e34623e951e32ced6db793a8b6156a043931f98efcffba1d211de4b98fe907,smol-summarize,82636,1024-1535,1134,0.918005
88384f9233bb98c60209dade0fc491bf7c2c2cfbd5b500f53470969458159703,smol-summarize,82770,256-511,447,0.924371
722a8508c27a99a49ae356bd8bdb4747af7b5d657540b6d8c33c31412ce22d1a,smol-summarize,83209,0-255,199,0.871211
fae4bd6c823beb91f1eabc0ae08ea377e26e13396558e8384f134b475be9c66a,smol-summarize,83356,0-255,221,0.878434
edd2c94ff43f94af4dcd00c17790d08a86a7035d484166037d3a80e57c42aca0,smol-summarize,84428,256-511,278,0.945679
f1b252bf81c128b1dd9cef0a69cb79922c551d4cfb1e7597392fc570a928f975,smol-summarize,84552,512-1023,527,0.933627
3bf40aea5b28daee15b7f2fe6ae953b6d4119135e77e01df323c0a4bb87fab7d,smol-summarize,84681,1024-1535,1082,0.919012
103fe6ab002c37b0aebf760127c39aaee75793ae986ce91d81719026139ecf36,smol-summarize,84778,1024-1535,1067,0.917404
461ab0a4dcad3a21083aca48b7ac491a85e7e53d055562fe428a40a4ecd8a6d5,smol-summarize,84940,0-255,243,0.874589
fbb437f4ed259199d4dd691437f824de7610264bc8f8566bccbd06b34ab04949,smol-summarize,85941,0-255,240,0.876526
771f38e1df716db869deeee148976aa831317fb574dd46e083f49d00cfdaa16a,smol-summarize,87549,0-255,199,0.871392
7c319d59ccd1d5c42c60f0b38cf45b886be19d9911629a0f9fdc6619fa15db11,smol-summarize,88391,1024-1535,1182,0.919659
65601b2ce0801c75b327d3aee7dc3e3633461044f879702e64649e2b71241c61,smol-summarize,89736,0-255,249,0.885111
cd71fd645db4b2c29f01d2f110250293c19387faa7c4e6cb14e567ae167e6bcc,smol-summarize,90509,512-1023,524,0.933455
a136ae9165ddf1bb152bc2888430930dd507b13f65641403e49b3602e2848288,smol-summarize,90686,1024-1535,1110,0.920247
28320d2818e4bb46197e208eb024fd8eec52c89d67d83097526070fa34fac7f3,smol-summarize,90836,256-511,463,0.927675
8f88a1747a22ed3c8cc4224d36d91d29121c1b47dcfb00cbb1af82480cf0e7dd,smol-summarize,91301,0-255,248,0.882958
ea27bcdd60e7642513f39a65a6a9dbf0bb344dba6f37812b325c8ed6145d1f21,smol-summarize,91753,0-255,199,0.917885
c3e1e0d0d25f9aa464a620a4fb70817cb2c92260384662166817bc8110f21fb9,smol-summarize,92147,0-255,246,0.884313
2275d70ad633f4b02e78f3b6a896f5ee231581844ccfb0cb80d27a5cb01917ae,smol-summarize,92298,512-1023,545,0.931827
7d0f42c30464a9127be24b13f742819324848aaa28acf855513cb62b987e9b47,smol-summarize,93486,1536-2048,1611,0.854507
b521b5d9e9299cc18be1aec4d54d73d5095949b2e4adb0bbf62dc775e515d118,smol-summarize,96103,256-511,484,0.927391
30bf2762379aef4b6bd841355959a57165bef6c79d4e8de719d3fbbd646529f6,smol-summarize,96222,512-1023,564,0.949558
