example_id,source,source_row,length_bin,token_count,quality_score
9ad7e696bc13c64932fab82c002be9be42571dd4fee5947528f42a7d5b749606,smol-constraints,651,0-255,144,0.976485
0a3f68832fad3e565de4a875f154df4dceafca8711c2b02e5f21a3e5a5280ee4,smol-constraints,1036,0-255,238,0.954123
1fdbf82847d994b5071977c991ea67c87527d721c423e76cad952f343b9abe3c,smol-constraints,1599,0-255,154,0.973714
e6a1499ab24cc6b60da59af5cfff6a8847b049a7047513c22e49b7a6582cba02,smol-constraints,1611,0-255,240,0.959764
155137ead329e6d14ed22680da34f4657fcd4acc63fea0c97a5db988b1502e62,smol-constraints,1939,0-255,201,0.967122
9bdb161388526c2b74a5a329be77bb80f8bdc9fc7682c9a7db5baa04d2587d59,smol-constraints,2552,0-255,217,0.9585
716b5ce1b95120c12f334096f70e4ac31b3a8d9ed37ec60a2a4b827294989555,smol-constraints,2995,0-255,208,0.966341
6161701cfa14c11d347520fbbfdf017cd4d66b465253b441a0806064a9b4a73f,smol-constraints,3278,0-255,183,0.969428
bb312182effe4ee14651239d8370f3bd0959b90b144e34434e72f5df46a5b438,smol-constraints,4221,0-255,171,0.949167
bf87203441d23e444f47dcf5eb56624c0b93ca4829f099071f9774ff67c5be61,smol-constraints,4394,0-255,177,0.977263
db57abbdf7d1d46113f3970132f3364802ea83c1e67253cb443e798dba7cf413,smol-constraints,4582,0-255,155,0.961756
ca9b7a7f4852e4040ab1f1a490ee700f520b47b01b084dea28dcb4eecf027390,smol-constraints,5463,0-255,177,0.962699
2824422098e9249ae5678ceb3bc3f45149d9d0b5679b4f8b5f90b47598b47db4,smol-constraints,5637,0-255,155,0.984072
026dcedf228a0375864a8f0c3986c75bdb5372039cda0f02cb02279d39a9850e,smol-constraints,6004,0-255,146,0.939341
8c90ee2cba274939ee61a3cbf9383210ac19b598ce1c356ae424d0bcbb6d9bd5,smol-constraints,6087,0-255,151,0.967399
9c772bc40094e404010240eecac099e67856e03c39ec354be6f05c0deeb420af,smol-constraints,6138,0-255,208,0.979006
64dc97c1b508d77261463fe085c1301bd385c3e55e2837af38bb7091aeedb7a3,smol-constraints,6397,256-511,290,0.94179
40b5283566523684ad3fff3e09f1b5ea282692b489800a15fac7758429ed8f5b,smol-constraints,6521,512-1023,566,0.936437
e1c6c5a9f552b85a47335f230ddd2989902fdb3f656adead39ae4cebf7b758e8,smol-constraints,6975,0-255,149,0.95701
eafe8d3349a1391f5b4894d04587e6841ce1aecfa55a93a8c7fed2b6d9d319e5,smol-constraints,7192,0-255,144,0.96904
3a20fddbe9e17355218b2f15204a010458ab5f7a772756753f15c41bdd1b3894,smol-constraints,7285,256-511,256,0.956446
00438cf7734a19fd0bf6fc76c06b6cda32061e4dd0cfc8c7c7df0992d2f116f6,smol-constraints,7302,256-511,271,0.946648
97a3a6ecd7228aac188d24bf5f6b4c6d5f7d4abd279562d4324fd0a136bbb099,smol-constraints,7334,256-511,283,0.94697
6227349f3dbf8a19d8394b907f0173f783519941b2abafd6bf953ba97615d349,smol-constraints,7752,0-255,221,0.969556
523e10a7df9e66437163e4f5dbd3a147bcc3f18ae87027c9d2a2a3ad66e29110,smol-constraints,7885,256-511,270,0.953845
e09b3559294cd57271f557156907cd143594e2b831f1d97dfbb0ef16eb4adfd3,smol-constraints,8185,0-255,240,0.967109
ab50c40e1c8ac0d826940ac9b3afa44402ba559f36ddebfd53833ca79a375d98,smol-constraints,9911,0-255,192,0.967856
eb0b35ee141b56b029e8bd99e96880e461ba590d5fd9446d3a92beeafd758933,smol-constraints,10555,0-255,202,0.982129
698f4d4135e00914d07fb76bde7f2726dd6846ff907b3f27cbe3967ac2600f66,smol-constraints,11065,0-255,223,0.973578
7198246ff2e6d278b072b9df888e5d40ec7199e5157586956bc4e088056c11d3,smol-constraints,12008,0-255,165,0.945005
f71c178cc20300d22082c218b1942a480b72ee6393eeecb59d976b7218edbb95,smol-constraints,12240,0-255,189,0.968878
41e45fb809be4b14bbdbc171eb65a14e500fb6fa3d948cb81df20aa6fd2477a0,smol-constraints,12756,0-255,195,0.969236
c67e5a8bc7f1aa29f64ddcd6f5a8823e2d0edeaaa57277cc2885b8007838e195,smol-constraints,12924,0-255,174,0.982544
ac8f49219cbbc61cc9dc0af702dc4be3221d27d85270091968e229cea86b6232,smol-constraints,12946,0-255,211,0.961385
4bcd0313660f042cbc9e660eb294cf758fd80828bd91668d3110d7bade902f91,smol-constraints,14091,0-255,215,0.964927
8c50c07444ed19dc03449817537e8633ea91a654e39c342f7f8925b6dde57213,smol-constraints,15580,0-255,138,0.969756
c5c3aab40d240ac6246270da04fb705673c77ac0dba1bbca455b8bd3cebc43e6,smol-constraints,16830,0-255,230,0.958748
3081a19ef4db646c192d9c913d990f9e4bf6d3f64782490a55f633f8c35f199d,smol-constraints,16843,0-255,173,0.976818
6f5e3e4ed4137b3adb3ff3bb26f496ea8a3a37cafb7c3fe00638e3fd9aa73e49,smol-constraints,16873,256-511,281,0.952106
5efb962fa235593922ea56497ddc97130559708f77c630d048255db8920cf51e,smol-constraints,17476,0-255,171,0.980405
6d3584e29f33f918d91d35c2aa32a988c6541c32aefc1f69d93d187d7ad3e7ba,smol-constraints,17970,0-255,151,0.981125
8961e6b9cab3c4e14777672a9c5b7ef99b9b9de509ec747c813dd0ad436679a2,smol-constraints,19283,0-255,155,0.959786
9e733a35e4235405c8ac8e216de7a6a95a16f4e24c804328cb0149930c7d832c,smol-constraints,19376,0-255,169,0.969588
c00c52649fe4434a8d44633d2824c4ab8f02e9558d9ef0dc407b22b099bc9d49,smol-constraints,19583,0-255,147,0.933335
83a4f29aa068270cdab2a5d58310b3b526cf1b62e6c757f6e8fe77f1fa5889a3,smol-constraints,19773,256-511,339,0.969382
fe3ce602635df6b69a590366211013eccf9425d2655cef81360e6e4282fd7fdf,smol-constraints,21920,0-255,150,0.978023
d5311cdf50df0fa62d12e43e6775f3d02adf74a1f35683a69f84ea1dbe57fbc5,smol-constraints,22115,0-255,185,0.964436
ccc0dd216d42d694b15d13b006ec1c388a344f12a876cf2ac189fc9d746afaa0,smol-constraints,22160,0-255,118,0.962433
798cccfdc4f03f7a56cf66ee994ae5724fc1d9f2cd3dea5e30eab34af0fff066,smol-constraints,22263,0-255,190,0.963086
9d4ce581f545e3239efd954a152bf86c9e32b885745427a7d8a540e59202c002,smol-constraints,22805,0-255,167,0.961072
3b8c8498b0b74474754e4a8e5d50f1c9b2f63d34c6311500c350613ad3dc5308,smol-constraints,22971,0-255,164,0.965783
ef4bde7791a815a60883afbb0952d60b4660f9367215efe46717daec0a622804,smol-constraints,23016,0-255,170,0.963751
90dda29c7f6de3d019724a762e82225e20212861a3265a6babffab5be9ee8f62,smol-constraints,23301,256-511,256,0.946704
119642a16e9e61530dee1681321d117608830489a4e8c6c881cc3d1cdeb4d528,smol-constraints,23706,0-255,158,0.98511
c7336bdad662a02001f0ea0056069de7b60b78c913404f7adc874f50f3989009,smol-constraints,24508,0-255,210,0.966766
a00d5d1c60f95a98d67e597793441ed1307be7332984c9a8d686d4f64328bcf9,smol-constraints,24572,0-255,173,0.966508
c373966a38a532f27afa9709ece4890039f7d6a917b974963879499b701cea24,smol-constraints,24625,0-255,158,0.969078
80f056562aeb2f110291682a481c09a2fcb4d1cd854dae0d77a4fcf1053490cc,smol-constraints,25135,0-255,188,0.965864
71d447ebcb5358ffea71eb25d4814d3cb39a5f97eb14fa6952d224fab450fbb4,smol-constraints,26082,256-511,313,0.944156
e16ae8694d6b667da85131fb844a4e713c4a2706e2363acc33a065c26833ba4b,smol-constraints,26177,512-1023,520,0.929622
2a2504006cecfc852ccc25b9612aabdaaad2d1885b48900fc7dd62657becab33,smol-constraints,26501,0-255,197,0.967591
06bffa03a3d36acc4c21f676035be2b08c5855ca4a0cafa40b68f9167a47a182,smol-constraints,27476,256-511,273,0.958932
749c91711a712332588d089a1f262c24eb43279dde2ccda822ecaa22e0b678e1,smol-constraints,27623,0-255,191,0.966031
f51bfc6155513c4c7a9739fe217702599a6ab514afc483ee3bfa287dd551e3c1,smol-constraints,28088,0-255,182,0.957693
c62c8989e5981271f16c52666edd69255f3363939918505f73e2a29329f8c23d,smol-constraints,28169,0-255,214,0.963421
d56da6a5ccbabe40675979c8a249fd86d3fe7dfd62c285636e0f0ab020cc7914,smol-constraints,28377,0-255,156,0.979016
a814d4d3d1a4aaf6d49e572b412d3b0cc4c5264d0db57fb724a65fe855b104a7,smol-constraints,28789,0-255,183,0.971259
5249287b2ea45b80d88db8e0ecf7b6b824245f7b93a8fc37053fbf21ce802083,smol-constraints,29134,0-255,71,0.775076
080f659d24db9a2d3e475ebe100017d9a053110cb11b677cf6c84fa9548c36dc,smol-constraints,29196,0-255,137,0.977027
891b06f60045ec4c07bb22063dc036ddf7190e00aa78d9ca3748ddc90c494d48,smol-constraints,29330,0-255,185,0.964351
17ba19bc90ea457a38a82a5eb70ddf59642de3275736cdd66236a1398375c6b7,smol-constraints,29370,256-511,263,0.953377
5402b89c1a4e5a0252fddb44200a4b4a67d70f98f9be27645d57d26a2177a2d8,smol-constraints,29842,256-511,277,0.963094
146beb0dc212a1a96417ef4834bd37f78584ab3aacc1a2c7803597b31b19a730,smol-constraints,30714,0-255,173,0.978403
699f0b51b18f18bfb85f2714a36c659464694a7ba6a891475c12c0a3bb0445a1,smol-constraints,31917,0-255,135,0.909967
35da774164fe9cd41abab0892730707da0d369ad6fae1fc0067ce4a14521ed59,smol-constraints,31980,0-255,167,0.979318
e9f48f302c6437d54c1a9bdc9ea05d85eff1389f48d6a05ef090c0d38bf9b6c0,smol-constraints,32676,256-511,295,0.948838
04ac3f924dfa16d1023f79a049f23b0b00d460034a8137d5f72a1ea636fca319,smol-constraints,32967,0-255,192,0.955887
989df9b95bb89c84bd3199c2164bbb50ccbd741ca6e535f1f34363c9d402bf55,smol-constraints,32976,0-255,157,0.962202
aa2868488145f67da9a2bb3bda0d9333f1b05052ebf0d991996231b0600bf231,smol-constraints,33085,0-255,249,0.944121
f7055bfc76b3d8f9552d1eeb7027625215b9457e8388524920165e6a11ae1c10,smol-constraints,33700,0-255,183,0.978907
ffafbab546f7c1bded5c06b12995e99911ede131ded2a824e2dedb4e674af14f,smol-constraints,34411,0-255,203,0.9629
ee7eb77cc7e44b8e9a94f998e7de6ade2424da524722113bacad17a628e6feef,smol-magpie-ultra,177,1536-2048,1800,0.842435
9c9ae2843a3ec77a8ead69447e33b1b4ab025b5c28f0afac576d7bf4bd1ec107,smol-magpie-ultra,610,1536-2048,1688,0.838001
b9d50a6cc0b3c4b0496861ead3554bf45d7230d30cb4d3b62e1356c581c5850f,smol-magpie-ultra,727,1536-2048,1653,0.829816
8096aa3a379e8800e2c436916ad594c18887c92f2fccee9ee7295d60e56de5e7,smol-magpie-ultra,1001,512-1023,928,0.877539
cccd4846225cd044552891443852e1c132183cb30b22cc7bcc4f852cef887c1b,smol-magpie-ultra,1078,1024-1535,1229,0.866529
c5ac8aa4f1557a31861a456afc8d38332c4ff4d344a0f0c40b45618dadf12577,smol-magpie-ultra,1406,1024-1535,1401,0.838902
3057e4852bc76089bd6bbd06c83bce7a202032e0b97b7c47cb1989d5dbe63747,smol-magpie-ultra,1470,1536-2048,1990,0.830674
ac0823304de206ffab2fb6c5fd762f996c9a06b470adba541e74afb61fbd1271,smol-magpie-ultra,1482,512-1023,888,0.898133
3f28d2e9948a6fbfe59dd07fa74fb152bae635f57abc41cdc0255e993d8682ed,smol-magpie-ultra,1803,1024-1535,1149,0.878663
c54f5b2e7ef8304380e376db4690fcf77d99fc9a70c9e4b1f9a3828737e70dd5,smol-magpie-ultra,2088,1024-1535,1535,0.861628
591dd5e8608f5df1f6a5474bc835b6927791a5a7f6deda6d7fa9b7b83e26a766,smol-magpie-ultra,2380,1536-2048,1780,0.831998
15ef9fbef65a67773438e2aadb7bf534da449f86135d99989ff0d91d820ea13b,smol-magpie-ultra,3085,1536-2048,1779,0.835627
bafe133f02274753e394daf857bf8b99f8b18c5d96eb82e35e74b0ea743fac64,smol-magpie-ultra,3247,1024-1535,1412,0.889677
014ec115444deedc3a1ac9f959b9847cf233cb6490e1dc93d00376461d0307f6,smol-magpie-ultra,4117,1024-1535,1353,0.897268
764f5d1229b36da23305210bc662dc8921327ca32d01ab32d6a54b730a457c15,smol-magpie-ultra,5080,1024-1535,1216,0.904731
99c1ec60ad179e288b8fa629e799067ea1c53e90697c44ef34f4d7f453563bc5,smol-magpie-ultra,5167,512-1023,647,0.916094
35f0da2499ac6fa9b1ddc9bfb437d6563b91b7db9b3017c302815b713c81bdaa,smol-magpie-ultra,6408,1024-1535,1165,0.898353
5df3098a6ff53127ea878d9c6ae6879cdbf1bf8a8a8c1996cca2032043fd19c6,smol-magpie-ultra,7774,512-1023,1007,0.90413
a851b60d1b46ee5bb8a0a548de4a0691dd6b104003088d5265b3c87845952730,smol-magpie-ultra,8908,1024-1535,1152,0.894813
013fa07b07022402c910d4803869aa2c5be67478acfeec8aaed03ffb439487a7,smol-magpie-ultra,8989,1024-1535,1350,0.897838
d1af372c851dc1962bb9687db47865c4a0368fa21103dbe48aedc1ea1a8dd3f5,smol-magpie-ultra,9495,1536-2048,1692,0.833734
1597d65e1a74d5494f6b5edcf9dc87ea9b128e2523c1bb1bf3bc584b91bbce5f,smol-magpie-ultra,10407,512-1023,962,0.905931
d580326bc9409bbc572662331183ec69153521e2d260d35a4ce447632384cf8b,smol-magpie-ultra,10763,512-1023,669,0.895376
7e6234d4664e1ca61b00d97d886a8b0d374f0cd5e53d0b5026f39101c5430629,smol-magpie-ultra,10960,512-1023,739,0.874776
4812b9a3d666f285052c0b00afa6a22c5ef85f851db41ca103053139c03bcab8,smol-magpie-ultra,11630,1024-1535,1252,0.890339
801d846eb555ef9e2c4de2b561a9868e22057173060cda0507702a29fff74fdc,smol-magpie-ultra,11772,1024-1535,1423,0.896786
146936d256ef6114ca8fcdfad54cf1fd5ab70666a27105c6d90bb7871262fd8d,smol-magpie-ultra,12297,1024-1535,1242,0.886074
ad127751164dc11d9ea22caa7c81ad80ac03c46c191c88e7bb65f4f8ce57f08c,smol-magpie-ultra,12889,512-1023,677,0.881222
8cfc63782d90511987391b1b8fc2ad68b23efa508bb921d59615c6f0e5f43f90,smol-magpie-ultra,12907,1536-2048,1904,0.809197
d2160b55ba4bfc72e74606db4e70460624b1bc14aa577d83de78596f2e810b09,smol-magpie-ultra,14068,1024-1535,1396,0.891535
cf2d755f44547baf56e311e6a48851a06094babfc87b8e6f2c79640a7e6a7efb,smol-magpie-ultra,14263,1536-2048,2030,0.838219
0fac66fa27b85a4690f422bad18612c500d3401eee70c7dced885eecef56cb8e,smol-magpie-ultra,14723,512-1023,936,0.910153
ae978c23445ad8f1cba9de08ad24439507a67b5f1bf6f8cf5f6db88ad0cf6f1b,smol-magpie-ultra,15315,1024-1535,1259,0.904437
43c728cfc25794cd12137c15d3716d711752b0eae65011ad2b7fef377c92cf4a,smol-magpie-ultra,15532,1536-2048,1746,0.833871
395ae4d5d260d4023e9a363c7b337d87d1a2c3658394c0d1594d6dbff55c1445,smol-magpie-ultra,15687,1024-1535,1296,0.902342
f4b929a62ab51a5bb119add75f989aee4bd43199ea754048b7480e41e33bae4e,smol-magpie-ultra,15781,1024-1535,1489,0.874975
6d83bf17e47aff7c3966199fcaa418ba4551c9435d6981c4c7ae9d9c7f9c2b9b,smol-magpie-ultra,16340,512-1023,813,0.916633
30fdf369bd97b94e0430175061ab27a62d6531f0834db4798f220beecb2cb49b,smol-magpie-ultra,16395,1536-2048,1586,0.804991
17d934935f5e346849255f1e78e33fcade25db33d3d217aa9a6a6d2d7eaf0cac,smol-magpie-ultra,16493,1536-2048,1868,0.795201
409e728cb5d00fa3b5f65f850871b16b4dfd8bb12ae975893c07a3ab05da53b6,smol-magpie-ultra,16503,1024-1535,1357,0.885346
3a7a597ad094e06e8545b4114d4a9b4c4e5174c2ad0816321ef72ca537c9137f,smol-magpie-ultra,16746,512-1023,1005,0.908215
322d70717e5947c5f7b8ffa3be3fe62781272718e70c74b9ed26320fe68fb46d,smol-magpie-ultra,17426,1024-1535,1152,0.872757
4dd48ac52aa14b9ef4d910bd5b05c09a42791f602b3f8bd62d91c47166038bf3,smol-magpie-ultra,18227,1024-1535,1371,0.845767
91926fdc1f07e1f0094c5b18f66ae417417249c5ab171973b9f40211289dadae,smol-magpie-ultra,18332,1024-1535,1041,0.906525
a29d80ee2d24a03a6f61a1a3b91be372b82470d4bc202161b60decfd96483c56,smol-magpie-ultra,19279,1024-1535,1447,0.896727
ce975654c7ece2f591c56388a4444b8798dbdd9f428ae9f1e2e7bbd6a61b2d00,smol-magpie-ultra,20169,1024-1535,1492,0.900817
326a7265e99a379f66867809a59692a761466e7b50d627652a9715d8b3ce8d2f,smol-magpie-ultra,21376,1024-1535,1402,0.907149
4aa1473c34028d170ffa5c8978b6bcd3199ad0b86df2db1990421535ec9d33a7,smol-magpie-ultra,22641,1536-2048,1631,0.848622
de822358774cd3877ce2c7f69091e1359fcfb358ce2ab833e3d9cd6d7e6d3595,smol-magpie-ultra,23165,1024-1535,1363,0.891283
b5abaead21d65db8ead299c59f771506be59f68571d5b3f614032fc974819cee,smol-magpie-ultra,23782,512-1023,794,0.875543
87f3fddadad96d465b8803c34df235d1df48b975fab9512a26ffab9b164d50c7,smol-magpie-ultra,23867,512-1023,645,0.921689
c09146161346c070c79ecf220f027f43482961cbe93b61e83175157df0d48179,smol-magpie-ultra,23930,1536-2048,1567,0.832402
859320e8c4b4885cb0fc6efb851e82aa988254317b31aad8ab49bd1aeeee8f5e,smol-magpie-ultra,24297,1024-1535,1163,0.897568
91f59cf5aceabfe76e55bf6344b803bb8148022a11380ea221e12a539dad6d29,smol-magpie-ultra,24528,1024-1535,1142,0.895864
eedda45f78506d76c4b1c83d90101db37a23647c9bd0dddc97c0f2004ae91108,smol-magpie-ultra,24622,1536-2048,1947,0.820719
9c5df6e5c2667e0ac7552033ce0b80a1cfee069bb433c632b52501261cc11f4a,smol-magpie-ultra,25504,1024-1535,1304,0.874111
32a3ec431b2b40f751dfa792da54cca0cf16f53c7d31c53c6935bad1d01f8039,smol-magpie-ultra,25979,1024-1535,1436,0.869166
a1fec9bc3df1abc1b7e4b994bb8a44a398b0d7eb4c6d0e8e6920b4b8b3634820,smol-magpie-ultra,26664,1024-1535,1160,0.90661
10c896fc276dc6521d82158448073d0498ef4e18da226c762d9b7fc23aace4cf,smol-magpie-ultra,27063,512-1023,679,0.922576
d8d631d43442b6be0e2205b776b5b8098d3134340aedf7ff89d8714cc9297b31,smol-magpie-ultra,28413,1024-1535,1379,0.88038
68b6996016f3bcf73e150cf26ae9a8a32794b401dd226e1b28444e5429965d45,smol-magpie-ultra,29533,1024-1535,1449,0.857285
54dc29c626a0d59aaa43cfb22f7345658a9cf4f156e402107978d6e50c5c5850,smol-magpie-ultra,30114,256-511,304,0.937527
1523d0fe2bbbbed56c1de3c80131525169df6d59618545436becf327e57da32b,smol-magpie-ultra,33946,1024-1535,1533,0.899572
760773f5d5b7ecb92209aa0b68b4ca3bb7ebba9115164fb6da5004d85dea8b58,smol-magpie-ultra,34484,1024-1535,1393,0.847619
59dc0f7c31c40a013ef3044d3e422446f5743158cd5f78bf903749da975682d8,smol-magpie-ultra,35880,1024-1535,1477,0.878104
5fcd863f2d6ba5d9a1635855576089bc569eeb4f4f8d63ad4cbbd2f2a30a4d33,smol-magpie-ultra,36214,1024-1535,1186,0.903794
553067f8f552e6ae317cf66c17c15c5ce559856a42f0eca4c400208500e24770,smol-magpie-ultra,38086,1536-2048,1631,0.838414
6cacf5d891ff0af59a89caadc9749d36fbc8bb2fa634abf9bb973941a4cc0cfa,smol-magpie-ultra,38541,1536-2048,1605,0.835576
033b2a253685e71a7462771c7927162c2428d148db8de4973c252c6fa74a4fca,smol-magpie-ultra,39428,512-1023,667,0.889154
16af766818441f1339f95773f5df447c9c70582004c9f15c2c8c286072e9d863,smol-magpie-ultra,39589,1024-1535,1334,0.900318
2ea7bbc0c1e95de79122e73791fe930af3aee7ed012e1924f0e7b691be1ff7cf,smol-magpie-ultra,39620,1024-1535,1196,0.91149
e92edfebfbdcba008fe5eeb8f9ce2e0c0c3b744d34a0c3bbc5ead048edcf458f,smol-magpie-ultra,40265,1024-1535,1387,0.896133
aa245327f51b63c83ce6765c0bd6aa19563f9aefa17b4ee3dd78a66ccc33322b,smol-magpie-ultra,40305,1024-1535,1295,0.905235
d4a81e1b8fddc2a84a3e7a6ee6a46dbc36a0d0f20221f85772566c2c5a5f64e9,smol-magpie-ultra,40691,512-1023,694,0.934976
9e338cab6b7172a93ad1cfa5334f8140b82ef9e8a76925825b6aa1fbfbdcb8a6,smol-magpie-ultra,41154,1024-1535,1525,0.902412
603f999b64e9a95b58c3528989fe354fed32f304c5bc1512bfa094bef7021846,smol-magpie-ultra,43558,1536-2048,1678,0.835912
5d7e044cd3aae274211b199f3f7430c0b1bb673de95f09a022d11748074582af,smol-magpie-ultra,44832,1024-1535,1364,0.899959
a5b1a596a541a106387d3d74c69bae0f971a3ec12e4561ad896d750f120e5bdf,smol-magpie-ultra,46026,1024-1535,1172,0.858384
af8e94eea76c323b5297c1f142160a82ca648b925a7f1b3c4002a77b312fc7e1,smol-magpie-ultra,46332,1024-1535,1505,0.851688
fab16e0c5dd513d885f2cb2a65708a623fb416e481ca0f102d410c9d8c2f8794,smol-magpie-ultra,46380,1536-2048,1695,0.832561
3bac58f07cb65589a424465933d8531668f42394e3c26f76863ad78b5bb78c70,smol-magpie-ultra,47281,1024-1535,1163,0.886371
a6ec97d1ebd53e191f366ac08946418f20cae903803dd03b85991173dcc87428,smol-magpie-ultra,47374,1536-2048,1675,0.829108
0fa52650440f19f6da2759717abf2a4cd1dfc79625314bd7d45cbd0f5b562b9c,smol-magpie-ultra,47696,1536-2048,1543,0.831883
c84308580bbe9ba2418fc14d90f20baa038518d4b329f5d0ceedf4210c0ace99,smol-magpie-ultra,48953,1024-1535,1479,0.888634
42a34829629fc5b2993d10e31c733b860a0cb11c2e7a677230a4e721891dc152,smol-magpie-ultra,49499,512-1023,797,0.895094
0f3f8ca60b1bedc3118e9a7b3641121558df8443b8958700914c47c8c328b7f2,smol-magpie-ultra,49786,512-1023,928,0.914832
6bf6162818e3f65b9f5f3627f2e1041fdfc4bf1b146be318eeb4ed6c44eaa58b,smol-magpie-ultra,50271,1024-1535,1497,0.881357
f3e72f20ffa862adcdd0c8f3a73c84bcdbb5f24fa6f24bd2a8382bd322f5f60b,smol-magpie-ultra,51250,1536-2048,1627,0.835311
50dacc1ab4576e2beb6f176054557315d679cced36acd83cdef941022bb7d558,smol-magpie-ultra,51597,1536-2048,1640,0.811566
be8b140baffaf3bda0022012d8940200837b3ba438c18697d3bf44db655a324a,smol-magpie-ultra,53351,1536-2048,1758,0.835947
8e1f1017d7da39c252008f6e8337e8d43e57edb01f12de2b3780c69af9b03544,smol-magpie-ultra,53456,1024-1535,1344,0.873416
d847590d40e020f31005513ad4b11f933260d145f331770c3d9342fe6abdb4e1,smol-magpie-ultra,53801,1024-1535,1331,0.85311
cda789ed4d90e818ed928e8ae18f5a0b60e3e0dfdcaf5365c3c42bc72178f4cc,smol-magpie-ultra,54261,1536-2048,1609,0.830408
84cbaf478cee8f25eff80b78ceb219e88c3d6c4cc565df0c19cf9c50e84fc16d,smol-magpie-ultra,55481,1024-1535,1158,0.91094
ebbcea6d94a0ccfe72e042f1ca5be73595d0838ba8efa5a3dae1d6a6123ada13,smol-magpie-ultra,55501,1024-1535,1469,0.853478
135166ed33785f88af0749faac2a68b09897c437ca255589f46b3be24ed3730d,smol-magpie-ultra,56022,1024-1535,1160,0.892009
508409581e8e2a32b2faa472b8618b1a50d966c523d604060feea71e58635677,smol-magpie-ultra,56113,1024-1535,1174,0.883573
9d98088f45428a6f245ca3de8558cf1bbae443902cb7570b7d02865322f6d833,smol-magpie-ultra,56192,512-1023,973,0.894924
afb115d70d3a8c099d14824b38a33874d44255f8cd1e932f57ca0a4bc4d60ee4,smol-magpie-ultra,58942,512-1023,746,0.914849
347664f4a2d2e336e8e26bcfbd7db8671bd8652bed1f580dc752b8bed2ccd111,smol-magpie-ultra,58984,1024-1535,1406,0.894982
b6589c8164fb9bcf94575bd50a1de7acdafcb3882c765dc20447fd218efba33d,smol-magpie-ultra,60053,512-1023,984,0.884716
3ea9a0f0058c651574c2af2b020036d525f670904037971e922516035c2a3a00,smol-magpie-ultra,60374,1024-1535,1127,0.894363
3f47f4755fefac2659453d22b7fc46d6691bf0f79399a6eee4c9b3bf15b0eba5,smol-magpie-ultra,61173,1536-2048,1634,0.819816
5b3c6cfdd696b2ea18e49f34b38fc0b1296d5c6a5746b6d5709da58ab96a4459,smol-magpie-ultra,61871,256-511,278,0.951698
ed4b23542be01b261b3b5595664df9a3b7daca5d02eebfdfe78c8dc2e81ecffd,smol-magpie-ultra,63224,512-1023,835,0.890212
50a7cdef3401a79c7d86e3d8d55ef83e13990a68503edee7a84a5219e005d08f,smol-magpie-ultra,64040,1024-1535,1252,0.880829
df22f89f6fc52572b51b4d4e72e3e581ec7f6ae2addad84d52e0f3eea42b5e36,smol-magpie-ultra,64444,1024-1535,1524,0.887415
c197771ee3413edf763db5f01d45fa29f45eddc4b1da664e01a99ad1db6c5d83,smol-magpie-ultra,64759,1024-1535,1293,0.891537
0fea2d3bd800af38f3d4882158f7b7a3caecbc1e1cb09461e86cbf951ca4a704,smol-magpie-ultra,66058,1536-2048,1730,0.839628
4eeed55c749d8d0bd6b0a42727bb45b08b497314fe461273a0a8baaceaf887ad,smol-magpie-ultra,67156,512-1023,560,0.926371
44723e4835a5a2dd1bc4cb5e1af0f4e628aa5091b0f3a337f136406200eff95c,smol-magpie-ultra,67729,1024-1535,1083,0.869031
c947d6add0efd48d99c0e697e5311231c861d68dcd44aeb4b7c5d9880dc35f41,smol-magpie-ultra,68183,1024-1535,1355,0.88696
3adce2a7879540f74a3c5c57aa830e8d5fef4aa616d6dc9ec9741f634193ffbe,smol-magpie-ultra,69196,1024-1535,1358,0.900594
2ebe6f2a5d4eb182986e3d772b917449e5da7b82450846155a4db81fcee81d50,smol-magpie-ultra,70045,1024-1535,1413,0.89495
193113b01a4d3d2157f0ff69cebaefdb109beee5de75a172410931d1118661ac,smol-magpie-ultra,70888,1536-2048,1604,0.809023
aab3b4418a945e4905a059720326387d56462ebaca6c4cc92225f14613c96aa6,smol-magpie-ultra,72167,1024-1535,1250,0.905109
4a7d8045dee25e6b81e8855f0d3a2f71fae80ad9e755077f73623924b885b0d1,smol-magpie-ultra,72228,1024-1535,1280,0.894526
83e2517b7bd8f4c564b1bcf0c6c0cb3d15e808c22403ea5494a0de104bb57804,smol-magpie-ultra,72375,1024-1535,1223,0.869683
2f99004411d50aaba174aa52ef2d770765882ffd45e66220371140af4270e62b,smol-magpie-ultra,72448,1024-1535,1448,0.902874
b78eb368d335006954fd0b5e278fb8d764d7fe05328a2ce30eabfe3c033a6493,smol-magpie-ultra,72664,1536-2048,1879,0.819171
28a33201d48848a9ad5232ccda16d099ce226aaf5d69b71844fe0e72b2ae812a,smol-magpie-ultra,73191,512-1023,917,0.882561
2cb1659b1210a3fa0addfd088f510429d69f2307174147177d9abf04bbbe195f,smol-magpie-ultra,73640,1024-1535,1093,0.906183
a79928e4d9be75d02b85ff383f1611a32eea81e027720401f51953d26069b2ac,smol-magpie-ultra,73656,1024-1535,1236,0.880118
c1748e5c4b7e7195b985319d296058e7286435642dc4cc4520a397c71c62fc7a,smol-magpie-ultra,73838,1536-2048,1655,0.827823
dfb2c2a7afe0b7a2439410c786e25bdd1aece76dddc5e539622baf2e5b0d3314,smol-magpie-ultra,76003,512-1023,662,0.902772
bdb6febeb525e12682714578637590d8823f22f390ef4755886f3a099411cbe8,smol-magpie-ultra,76184,1024-1535,1445,0.88999
1544bd306963e60a69fb7ed3f7811e6af22ea02e14dbc4fcd11fa69b77e7a6eb,smol-magpie-ultra,77290,1536-2048,1589,0.794044
ea7e8af4d558b84c86a18ae17c8679bc09cb7b7db49ee08053a37b588043c1ab,smol-magpie-ultra,77457,512-1023,627,0.845724
a68ae05d02b9c8c7e117190041e1d289fe916769558975c37bb2485fe751126e,smol-magpie-ultra,78906,1024-1535,1409,0.897881
7bb5176b030485e57ba17e0727e8fff4690f35cb59e79267ea0ddb47316166e5,smol-magpie-ultra,79034,1024-1535,1429,0.89672
2be94b2b7d2745fc91ff7ff0e1e833ef09469a8460b95aeb95626e28c14646b5,smol-magpie-ultra,80191,1024-1535,1303,0.89758
d9527c559f4535cee83b7545cbd92aceb7563430092f94f85ec63223baa5fcb4,smol-magpie-ultra,80680,1024-1535,1170,0.868918
45e5d2394aa6784bfbfe5fe69453684f6871c2647ba10497f3432ff82df95543,smol-magpie-ultra,80868,1024-1535,1313,0.905896
716c9da9fa35b94ea0c777ccd45f64bc5006fab53442afa75af67d65602e8f66,smol-magpie-ultra,81267,1024-1535,1409,0.857788
96f2e4f9f9011d84f070731ea9514ff2e7c928c9c7ae6368746ae6fbb7d33dee,smol-magpie-ultra,81499,1024-1535,1385,0.896197
9b8acb898400a72c7e01c8d5d15f8b40866a2f9f9dccbea2bc97c2742a02fdd6,smol-magpie-ultra,81910,1536-2048,1557,0.833973
2c89d06df3825612136d847918f311a04ac46c86b4fa1f80c11031b14af7d62a,smol-magpie-ultra,83733,1024-1535,1034,0.885398
14e36b9558962fb06eb572dfc3757745227462bf313d51278d71889c60058fd3,smol-magpie-ultra,83966,1536-2048,1790,0.837496
8b7a188e0b147bbac61d8d7fe582563c8c0feb6248fd3dcbc93d3f6ed9bcc84a,smol-magpie-ultra,84354,1024-1535,1270,0.905604
06574ea06a1330ea631c42fc12856b3ca0e2544d74d18a3d145eaed8a4528f75,smol-magpie-ultra,84535,512-1023,724,0.902605
702d7014f62ceb21650729f9ae63236335ecd8e4938ce58b4d91d318e37a89b7,smol-magpie-ultra,85273,1536-2048,1714,0.83326
c5cbf00b12af3a4d69e72eb86c7875263e65634fddf4f389c0029407358d25ec,smol-magpie-ultra,86182,1024-1535,1077,0.877593
6715a104fc963eb75fe316492f80d056a076f1aaee38f945c47eedae32b0abc5,smol-magpie-ultra,86241,1024-1535,1104,0.907625
2a83c04e288992297af071fbe9a8de031d9a3341c8f19a696911f7be1b152b9b,smol-magpie-ultra,86477,1024-1535,1468,0.884332
8a033ada05fa69405a490ada71620fb1a6e25f4fcce096a12ab7f38c6cfe1b2a,smol-magpie-ultra,87150,1536-2048,1641,0.826333
a583cd9b0c694b97a0345b5afe28ddb533af2dd147c5871c5648f439c4597590,smol-magpie-ultra,87261,1024-1535,1231,0.89515
80925a478f126a3d11c3e708f0dc8edd0634be8c28b97f36e7b8762f770239e1,smol-magpie-ultra,87333,1536-2048,1867,0.803759
deec25dca54da470726ea324ff44b0272c227b53991860a9552aaebfe24f22f2,smol-magpie-ultra,87928,1024-1535,1349,0.896469
a96e41946274378d03790cec27b21e5ea0218e13f9d0a6501cb4f98398e92043,smol-magpie-ultra,88564,1024-1535,1124,0.897684
e42272f8bdd0372350a8fce94c2889f5fe7356de6b7450944d397b19ee34853e,smol-magpie-ultra,90216,1024-1535,1121,0.897969
5a9071f12486b55b43342d20a7277a877c120a96a25e1af32acaa9d06cde0b81,smol-magpie-ultra,91084,1536-2048,2021,0.796467
9494176bf45e26c61c7fe6cecbfdbbefb693d2f81759ba2d8413a28cf7bc2c07,smol-magpie-ultra,91886,512-1023,823,0.892357
b9b61de7362da9d9669664d992e05bef88360e59ebf0999e976c0feba0b061c2,smol-magpie-ultra,92027,1024-1535,1348,0.907677
a23df7e73bb0e8c2f980ca7a117ee6fd4481885b3c65467037814ac0233822c8,smol-magpie-ultra,93775,1024-1535,1491,0.905204
d2c6b8b615dab7c5c9f72760734f9eb18d52d10d737e42ae87bf18dfce8842ef,smol-magpie-ultra,94397,1536-2048,1704,0.794563
56ad7fcc9064784b93d70b3d4fb4181a67a32710e103785881db649819d309e3,smol-magpie-ultra,97145,1024-1535,1397,0.878488
4fd4a14b1fdeccf70ac7e0da2847bdd85219e25043ff6aa6378fb93dd8e7a27d,smol-magpie-ultra,97589,1024-1535,1277,0.903979
5ef42c8ddaaf5cd353b18de3c131793f89a0e8b6c5d3093aa257be1a01aef237,smol-magpie-ultra,97969,512-1023,898,0.879258
bb4433c562296dde601cdbeb91eb6c7de4df3994a55ab89a4731496dd9d44438,smol-magpie-ultra,98124,1024-1535,1336,0.907798
5e45a819d6570db0a743846940f6bd44faa2aa6c2a983b5b4cefd4be7d5aa428,smol-magpie-ultra,98549,1536-2048,1705,0.84646
0bce32728cb9f98dca38de7c7fd1e10acb9cb6e35571d8114eebc91f61d479ec,smol-magpie-ultra,98738,512-1023,768,0.922337
6345d10e399bbe0b41d981901c10636a6182eaa3a42a38ae834079e7c11f70d2,smol-magpie-ultra,99151,1024-1535,1518,0.883755
30fb32102700380f6843731e5a269f5002d99f83d27e2ef706955a19a9fd091b,smol-magpie-ultra,99218,1024-1535,1317,0.884842
cecff64f16bf0a52faa6b47388f2d77b35e79a904cc789b1bc2eb603c5a914f1,smol-magpie-ultra,100874,1024-1535,1083,0.910768
a4cee4e30bb5330aafd872a85cd39c6b32fd7caafbde9cecdd3038aba82c6200,smol-magpie-ultra,101624,1536-2048,1809,0.838988
dacfe2398cf2bedef8e502a07a961a061e9fadb9182974367631025f87b9c703,smol-magpie-ultra,101901,512-1023,693,0.91302
7b45ed6bcc46ac7de121b1e0f6a472d9ba6eebc1ab2bdee5342d21215b63d7d6,smol-magpie-ultra,102033,1024-1535,1171,0.897635
9a3cd5ab22dfd85d4fa34eaffb99e4f3e0c2b26bccc169d172a1fac2a5c2fa52,smol-magpie-ultra,102134,1536-2048,1835,0.836721
d2be33b07ebdf04ad53d0a9cf037ef8667120480145970ea1d3390e7404d0b12,smol-magpie-ultra,103480,256-511,367,0.952765
775e1e6da20125f039cc6c1ddfa0a134c0d69fe55800051654980fdd36d71e3a,smol-magpie-ultra,104237,512-1023,892,0.899905
3b1f829d0539d4ab8f85948c0abc1c623b311ee6a36e393068090623b41b1a48,smol-magpie-ultra,104354,512-1023,944,0.885864
944ffed0d4093ca440f5ab795785f447764eb3cc86ddb2b323091933cf8a290d,smol-magpie-ultra,104562,512-1023,554,0.882141
0b803aab2993c3ea94d57d0ca8a5d3f9f414c9574b422a0c06379df8a8eca0c9,smol-magpie-ultra,104741,1024-1535,1436,0.871288
25ede05e5572f0e96a5ead0805469c38a81f4672b5db709d34dff34306bdcb86,smol-magpie-ultra,106608,512-1023,961,0.875078
f2c0c5efab834308b27a504d7c91e9e6c984be6f4f31289411af4f4b8123c805,smol-magpie-ultra,106636,512-1023,809,0.912886
8e019aabc71ff9877cdad4145c940fb1db1c167417203e08f26b7172cb86e97d,smol-magpie-ultra,107836,512-1023,683,0.880258
c62e017016f72407f9b16fbabc0f4408e16956b82c74249f75414a9945e0f768,smol-magpie-ultra,108323,1024-1535,1126,0.896472
5bc66034d9f7e600a1e37ce1e3b2573221f11c2f88791d8a1f0464e3baaf17ad,smol-magpie-ultra,108632,1024-1535,1200,0.902391
1cde96829617bc7a0699f991a5229d4959131e8df640397eab10aa399b8ceece,smol-magpie-ultra,108773,1536-2048,1841,0.83395
0c40ddac279becbd2d66a5a22d31886b1b138341e8c5ad4b565cbf3060504a4d,smol-magpie-ultra,109761,1024-1535,1350,0.884084
11818c30a3cf8a580830577df21725d22ca3f3229b2faa83df50bc88eafb9965,smol-magpie-ultra,110553,1536-2048,1568,0.81902
e39dbc2ad1b337f6e305a0b229b591d949ab52248b1c053653aef0b1143e94f6,smol-magpie-ultra,111144,1536-2048,1875,0.791285
4d081578a5a51562dec7a7527e28b41a63bb53d25c5556ad51447a9eb16d535d,smol-magpie-ultra,111282,1024-1535,1432,0.904679
e18315cbc32dabc22ac4d029a21e4d637d9ae966de7f5d004861c6957c1f1e0f,smol-magpie-ultra,111935,1024-1535,1303,0.904673
371bfae47ec812ea9e3433500047ffb54472f148ea0fc0c9eb89680c0e11a713,smol-magpie-ultra,112545,1536-2048,1713,0.827664
09e3e4bd8859f10d3545367fa63b3d58713843dab66a023a3b1fadac94f0c7b6,smol-magpie-ultra,113141,1024-1535,1173,0.884092
9ce38e7059e14b207b92df00b2e5d0bc75429bcc7f09f64e3bb91f410d3e8a4f,smol-magpie-ultra,113246,1536-2048,1548,0.833451
111199c5825942d5bd075ccf4797d71bab5ec2ff4684a984d7c1dddd0915623f,smol-magpie-ultra,114199,1536-2048,1651,0.804531
9921e551c9ef223b54b3a42b95d90d4868d59404cae567ab1d59ae58cf2291e5,smol-magpie-ultra,114217,1536-2048,1683,0.837577
4e7f141889452c73b94444476a028a123a302be5f5666a2508c8dd49c17caeef,smol-magpie-ultra,115538,1024-1535,1114,0.882708
8d94041060ffe2589c7904e4566e747a64f1ba8bb2a9f9eff244c374644cd871,smol-magpie-ultra,116266,1536-2048,1647,0.825543
0e8ce0918984a07e446a5416e58f66a9945199bb012ffe48bd0716c46328e95c,smol-magpie-ultra,117236,1536-2048,1723,0.832918
7cf6d337c997e25f9c10bda692fdf91f312ec49ebb8b7f965868ad7ad2ccc3b1,smol-magpie-ultra,118834,1024-1535,1357,0.874153
a43152d7a6f19a67ed6f46e20cd3bbd25ae1ab4b3fd7b9e8177a4c2636412217,smol-magpie-ultra,118874,1536-2048,1603,0.810362
2e79337cf2907b831ec71c0e1b0db941f2701b6a84178c45092493c0fd3a5be7,smol-magpie-ultra,119334,1024-1535,1409,0.902987
c73615720ba19a5214d5dbe551a9cb080ebfbfaf69220dade0616e9a4dff398e,smol-magpie-ultra,120073,256-511,369,0.921136
b6c025ee6d6448edc3b45b6bb1e876ab37a4f1ef8304c864b132882add290069,smol-magpie-ultra,120977,1024-1535,1477,0.904927
722f7f606827c22ef4f5ab1b1973f52aa38fe9db146bc1d6ed63b16ed69148be,smol-magpie-ultra,123070,1536-2048,1583,0.832065
73d667992cd3b4eeddf175605f4783be9b29bb8a7d7fb4042fe2f245ecbd6c49,smol-magpie-ultra,123568,512-1023,703,0.919087
e088f0de709d6896ed7f43c52235903b38c415adccd6739ff37d7fdd462ae5e2,smol-magpie-ultra,125252,1024-1535,1253,0.899294
446397a1ef346380e6dae3cd1574d24855908e5f5325486277c1fdb0ae90b7ce,smol-magpie-ultra,125628,1536-2048,1636,0.840734
03b7497d08fa2426196c327f548e4574919fd64c96361f41f1f83f4b87d085bd,smol-magpie-ultra,125747,1536-2048,1847,0.839368
435293efdd8db1c7c0dc285aaa07d5fa5ce6f401497357dd332c9aa9e0ad53de,smol-magpie-ultra,126523,1536-2048,1612,0.82905
821e73b5baf1d69617a1d4f529e3919b91b9896ee92afd953a854a2739fbccf3,smol-magpie-ultra,127429,1024-1535,1133,0.868203
5b7d2c9c0586aa51d39ec80bbc46555a282cf0061f9235e93be835f6e2f8b1b6,smol-magpie-ultra,128023,1024-1535,1169,0.880154
e772fd2cddfd59fcc60b910067870607158033233a7075e510d9a8da8b423791,smol-magpie-ultra,128281,1024-1535,1103,0.913866
468a5e603acb74c48b116c58f67305734fc27a641c9f5b2780b6bccd2bdbf272,smol-magpie-ultra,129002,1024-1535,1369,0.87749
b4a1e3cde3fc0e37f85c07c9e2a7521d452ef4f60ab82f4fe3a1337f59a9bda2,smol-magpie-ultra,129885,512-1023,1001,0.899588
86014bc81cf544f5f802d9fe53badffc1baff3b3ad09eb867abf88d6df4368cc,smol-magpie-ultra,131516,1024-1535,1352,0.888197
3dc3ab351da46e62952c92bb5143ca0ae1f1e46358a9c73e10789477c82dbf37,smol-magpie-ultra,132951,1024-1535,1207,0.887153
39447ec7b7faca79f4b3f9ba555e498196fc7da0e0ab10a44303ff75bea7fdf4,smol-magpie-ultra,133059,1024-1535,1122,0.896839
cd92899fdc528bd16b3e6514c5dace086eb6f486c09e0c628ed279795812be3b,smol-magpie-ultra,133822,1536-2048,1638,0.835675
0079aa1532bea8c051e13586c9f649effb2ed60cfecdf4c763009729b2ab28bf,smol-magpie-ultra,134660,1024-1535,1525,0.906323
f22838ee3eced861502a582bd9ac6475ac316b798fbae0cf8f1cb9a485db9ba1,smol-magpie-ultra,135458,1536-2048,1618,0.837677
412498e05ee3c6dfe0ca1ae4112ed9dc235392facc78a62e848957a716234172,smol-magpie-ultra,135574,1024-1535,1152,0.910057
435cbfbe0d882168e5e231e8730a2fd905386a6067c2b4c4d1631b4e8c4d319e,smol-magpie-ultra,135994,1536-2048,1592,0.837203
e085a6e56f652f4283501898f374f71b269204b73650640b56903bc271ad4c1b,smol-magpie-ultra,136067,1536-2048,1881,0.833652
236f1694603f988448cf16b046308e69bba6f7b7bbadf0ca3558e73961462e3e,smol-magpie-ultra,136422,1024-1535,1031,0.882113
068d618e584c3d8ee3ea66051bc34682ee990a9154132018070a7fa4cd36fcb0,smol-magpie-ultra,136456,1536-2048,1619,0.839153
38516a72b15bd807de2a6a21a0fa95ed3ef73476d31dc7e4de85f4003e5d4de8,smol-magpie-ultra,136923,1024-1535,1214,0.910011
cc8936b58a67f706209ec642aac65d2eda5c003e6362c0f56818d6058fe7f2bb,smol-magpie-ultra,137181,1536-2048,1640,0.8313
dff8a8a939c7ffc38638dbea4710c3138263e4cd5983cbe1e70fda330a1c93fb,smol-magpie-ultra,137203,512-1023,767,0.89268
8d2e619f988f91e455fc53b5b3b405546e0d9499a2b9e03a478066a7b262d182,smol-magpie-ultra,137851,1536-2048,1778,0.83884
9d3b9b5089d24d5f9784cc0e52d1764fb7ee3797536e5494d3e2ab57c985824a,smol-magpie-ultra,138310,512-1023,741,0.895769
e011e6f1b6a06a46e3b1c4e166e3651f66c65ac37c73ed420ffe5a8d1d886be5,smol-magpie-ultra,138848,1024-1535,1241,0.857606
0e36c004df089dca11f30208d465c12c2e631801ac144f65e88b2f0614e6054c,smol-magpie-ultra,138881,1024-1535,1263,0.86248
d4a76b6820ea4cfe4a669d1b2e916413f3e361a8fee7da9d10946d4686e294d7,smol-magpie-ultra,139257,1536-2048,1575,0.827113
d6388ce301c3fd792fa2f4ac45d815c8ab49d6ba5310e0f207b16e0d23004997,smol-magpie-ultra,143661,1536-2048,1624,0.814324
1cc07623f94e649a8574549d0cdebe1ebbe5b230293d1880b4ceded17010b8e9,smol-magpie-ultra,145139,1536-2048,1724,0.841324
06b6eac8d724308c8bcc0eb6dfb347f0d4ca05d5861ec1ee2176aec99fa8a1d0,smol-magpie-ultra,146272,1024-1535,1495,0.902159
c10c1d56131b4469a1e76e284267944da161a9654eadf2d1f5594e565f8c8eb8,smol-magpie-ultra,146783,1024-1535,1075,0.912407
3250b571de8379b611af8920b9c8d18ab350583e490404b3fdfdf374434b44e0,smol-magpie-ultra,147080,1024-1535,1155,0.87429
79db42ced427b0641e35067ba45ca4a53ae78e29d022d8a6d4e60047d866ec3e,smol-magpie-ultra,147654,1536-2048,1921,0.820473
f519a3af2da60fdff01d452c80c5f6645179443a57960535851c999a4ef11926,smol-magpie-ultra,147744,1024-1535,1509,0.897255
e8101f9a1d1fb9921e9629e9badea5f4d53638cf3a9ca0b26cc7a885e8e4069c,smol-magpie-ultra,147855,1024-1535,1435,0.887288
1ab3913e92b5fbf16eafe33cd14ad9b84b083f55d2a35ee311b978691988337f,smol-magpie-ultra,147876,512-1023,932,0.896173
5ca197d3665e0169a23ef51dcc5aa7087103785e27315537a274803314a1a5ab,smol-magpie-ultra,149886,1024-1535,1416,0.892782
7aac1196c4bd30fc2da1122b88eda9e46599f730924dfe5224ad860e5aec27e4,smol-magpie-ultra,150634,512-1023,615,0.876871
f0214cec01592ea19e10884b18651d566f969f2f06c416d5ac3ef29a5608de91,smol-magpie-ultra,150642,1024-1535,1188,0.90127
77f9f9a9530c066c7abefa8b143d75e5e18f43fe4f696697cb8b5c289f1c8c09,smol-magpie-ultra,151085,1536-2048,1643,0.838624
abc8414bad40f3951829de245246263cf0a6287029c827f8c4b8c0b7a35e7dca,smol-magpie-ultra,151359,512-1023,854,0.873787
108070312eed6de7a987b78135b8eb60f5c4b548607fbf173bf69e4cc3888005,smol-magpie-ultra,153190,512-1023,1004,0.896605
9cc7fc5ba645ba628afe85994c26b9bdbb9145227454a4c08aabbe0cc247597e,smol-magpie-ultra,153817,1536-2048,1689,0.846237
5d38410f9029b3f2deafa5867ad67bc40a781f6963ae4e4cf857a382b8399cdb,smol-magpie-ultra,154376,1024-1535,1510,0.872619
2289fcf438aec5d33966fe6d79f5611a63d048df0ec753138d6270d1707d653e,smol-magpie-ultra,155612,512-1023,915,0.863998
cd7cd945d486601cd7b1687a6ba290bd4d2529df5aa24a49b115c0b7cb6cccd4,smol-magpie-ultra,155757,1024-1535,1213,0.892067
96afbc22af0f0946c404802e698f2a597eba8e2543fc9d1b9c5267701a13e6eb,smol-magpie-ultra,155922,512-1023,974,0.874732
69e92ee551081f99192e922eba1c581354e0ed6277d9acbc8c1049e5d73f1832,smol-magpie-ultra,156656,1024-1535,1361,0.880504
3f0d42586f784aa214b61d79034d7e7fa205119a07e4a867093562c873802480,smol-magpie-ultra,157142,1024-1535,1091,0.902781
dd1ecf0b1d24aa086c86cabf47b05f1e86a31fd3cee2adf54f700e9169542ac7,smol-magpie-ultra,157288,1536-2048,1981,0.81556
4eb94757217786ec24702755ddb6c36a368344273ac66ecb162dd847754f6bb5,smol-magpie-ultra,157362,1024-1535,1063,0.897483
97ecbed38061b1c2c97a7804b616ee64dc2668e700aee2dc3ba1bedac959248e,smol-magpie-ultra,158483,1024-1535,1421,0.869223
96879ca444e026ea1f5723fa5d1fa2a870c9b98263924e245e5b248107162a95,smol-magpie-ultra,159526,1024-1535,1367,0.902907
9ec7c2e07f3fcf535d2129fa46745ea69efc9d7f17325099d0893a185d04c4b3,smol-magpie-ultra,159757,1024-1535,1200,0.892319
e8d8e1058b96ac52698ec8d7d4d397353b0f711e2a886d6a319856a3f93b45fe,smol-magpie-ultra,159815,1536-2048,1561,0.845739
4b38ae6eaa26151152151517449fb1f7566bdaca36eaf98d7065fc796e81d1f2,smol-magpie-ultra,160205,1536-2048,1737,0.828882
f3c6a5469bef0bdb603262532c1cac93fa313f4796a79f212ba7fa11d494efff,smol-magpie-ultra,161514,1536-2048,1709,0.810182
e6ff599d3063934f7ac5c6969b82914735ff03c3e502caec8ef86e200a985f6c,smol-magpie-ultra,162267,1536-2048,1566,0.842318
45ce7c865c711269c5c889cfae7e6701a6baa585fc58977eaab086de211fd754,smol-magpie-ultra,162838,1024-1535,1464,0.870579
c261c6ecc3e6f72a186d86e9882287e2ea17e2299b6b18516e9bd21a7672923d,smol-magpie-ultra,163038,1024-1535,1330,0.871346
192ba4eb2fd5fd5154726e7a7a05be19cdc29f9cc7b038bbc7d6893970733bfd,smol-magpie-ultra,163181,1024-1535,1422,0.900247
1e34d6a9b0facf9dc4049fc234221baf7665e903d77d0300c287f715ec300dc8,smol-magpie-ultra,163487,1024-1535,1306,0.892701
36e2e2e5b999977a918aac908e17467940f5f310e5584aba476ab721841a4fed,smol-magpie-ultra,163897,1536-2048,1591,0.832681
dede8ccddc3f5313ab3f2d916c95f541a3a1e44fd460c3f85f6b68490423ad0f,smol-magpie-ultra,163941,1024-1535,1446,0.884151
2868efce2335a37691a69537ff7f1e640a66e13113ac9b276db90e19887fdc37,smol-magpie-ultra,164831,1536-2048,1620,0.82896
2be784ddb26712aa54984f414450765a964547235bc7eb61e96bbdf40faf0eaf,smol-magpie-ultra,164906,512-1023,988,0.846153
f09181baf98834e4f4061a41c4ab88c4093c002c01abf77516b5041a4aad61b2,smol-magpie-ultra,164996,512-1023,937,0.875696
30d4bcf6f1d4948c8c3515a46209f4f8780038a474324f5ff0465365f2043d4f,smol-magpie-ultra,165288,512-1023,650,0.893498
9ea1d535195cc346b4d1548cf5c4634f264a09d24ddfa1e09aa7b378867dee96,smol-magpie-ultra,165700,1024-1535,1030,0.907576
70072bdf9a914ee24c2eaaa78e20994e0e4d5cff01786698ea78dfdccca578d0,smol-magpie-ultra,166299,1024-1535,1108,0.903091
d4010c1c3ac10b9a028ce5d6087ecc197c5d7053c01a748e3e072f7be55be9c6,smol-magpie-ultra,166306,1024-1535,1084,0.886557
dd6284338678320b707fc5a701ef46d62aa0b09d1152c9eb78f29e2f831af994,smol-magpie-ultra,167106,1024-1535,1433,0.888956
d3ebbcbc8c154ac4e6ad1aa838c74752e2b8fdf886b2b877bd5836714d9f28f2,smol-magpie-ultra,167740,1536-2048,1645,0.833654
12e45bc3f94f8de704c5926c5835097fab7553a2a44b6d64b0677efb76a9a375,smol-magpie-ultra,168544,512-1023,970,0.903102
fecfcda33b3bc4e493dada4efd52edc37c254bbffd90d90fc7b49ef549f3209a,smol-magpie-ultra,168721,1024-1535,1292,0.859926
47bd7fc7e560767f7688ec504592ffe77060ee93f6a340535b38623e11bbbcd9,smol-magpie-ultra,169787,512-1023,533,0.924261
ea9d8884818ce058b0b1452de669bdd83c26ae885316ab9cf57b60c9395cb977,smol-magpie-ultra,170004,1024-1535,1190,0.902072
6f9b90bb3e423677d70e076c32720cd307a5d4495020eb5982220eb6f5218909,smol-magpie-ultra,172260,1024-1535,1290,0.885165
d2902c6d1da1391caf4c107bd5559a845c2ff3235ccc2f01e5963d0b5fad5664,smol-magpie-ultra,172478,1536-2048,1975,0.827741
66e4aaee312a6d45ebcf74c3686ae4d53661c9276012e1535370f219974afe72,smol-magpie-ultra,173130,1024-1535,1299,0.891914
a8ac04a5959d1097c1b32c62018d9bba4f884e9ebb50476ebc7341a4392492c5,smol-magpie-ultra,173617,1024-1535,1135,0.890384
6c43ccf92ed035189f52ea7fbf463a7fd69cdd6301d250180012875fa6c71357,smol-magpie-ultra,174095,1536-2048,1725,0.816964
eaff996a361a73a60bdabf5be08508f97cbc34e464ab02c748eefd35f50b8030,smol-magpie-ultra,174808,1024-1535,1481,0.898998
f6dcd9f17a8971e406f8ec43779c4a1474c9f1f09a586463d0dd2dab50251e30,smol-magpie-ultra,174988,1536-2048,1594,0.835348
9c11278ebcc051d95d55a1eb06c505422f6d95baa9e6f9dfa771de786e305e41,smol-magpie-ultra,175342,1536-2048,1880,0.808324
ed166cab06de19a0e01995da669610baf8c8d29cdd39cd3f710dd2920e573f12,smol-magpie-ultra,176290,1536-2048,1758,0.839347
47b67bd0a04d0641ce1f24ace1ee865589555bf374cc644a47b7fd22a33fbf00,smol-magpie-ultra,176463,512-1023,708,0.909014
cf6e083e52e2d7e93196855240789333f6052e3d7193941489c3e1ba9aef1846,smol-magpie-ultra,178238,1024-1535,1308,0.905351
87707b3b984369f56fe744380af103214a9bc06cda84f9e5cc7a782ed518fda0,smol-magpie-ultra,178758,512-1023,830,0.904723
b1ab24b30a20ea2157a72805be8156d3e4bd346c3bee0e1ae9dbd24ca7e7f910,smol-magpie-ultra,178819,1024-1535,1492,0.906841
f31f508e7b9ae7bcb3ee2ff6c092f0fd3aba9a829902e7075207ff1aafbe7820,smol-magpie-ultra,179022,1536-2048,1574,0.829233
147348398619e75f7ff14f1d1b092b443ad219806d6976e6bb08a3bebf776e95,smol-magpie-ultra,180647,1536-2048,1615,0.839649
03711be06dfb32241736a5d4cf760d1d8431cebb7a4b0691f1e70f26cb41c966,smol-magpie-ultra,180772,1024-1535,1379,0.896665
dbddafac231a948caeb479538d2821d58c80c8be0a54577ea5ab28f835347798,smol-magpie-ultra,180792,1024-1535,1478,0.877874
255685339f2ebed81972d0ee66ee4e1c06b1d2e15e6dd713a675c7436d9b682a,smol-magpie-ultra,181544,1536-2048,1536,0.88922
1d602bb9c0fafce8a18fb08f1b49fa99a2be0d3a8316a37fd9359c2ec6bd24d9,smol-magpie-ultra,181898,1024-1535,1487,0.899392
46da708a41e08d3aa911d5c91f202ccfc563f753c3273d3e5bf12dc8e31cf0ba,smol-magpie-ultra,182564,1024-1535,1100,0.898291
d60daaa990d3a240e63c649ca6e34370e52c0e17ab2788cbbd6c2a3860f2bb1e,smol-magpie-ultra,182781,1024-1535,1272,0.871866
74e41b4f0b28ed7def9c790feeed365c9c70e39f350668f918067434551e1859,smol-magpie-ultra,184409,512-1023,689,0.927569
b38feb8908b4d33907e3781b3bafca49350a6a8208848c0438edca398a5d7afb,smol-magpie-ultra,185555,1024-1535,1314,0.877273
3dee7019315ee29036e55e3bf0bf7f2332c67bff158109e1305415cd0cef55e7,smol-magpie-ultra,187227,1536-2048,1574,0.794894
cfebf9f7d30de35029bf3dcdee74725757dc33eae1129b23aac941835826c4d4,smol-magpie-ultra,188670,1536-2048,1564,0.833698
d7b9548d191a613e576d292c11362772446fdcf12cb3eccff148b3108f79fdeb,smol-magpie-ultra,190187,1024-1535,1039,0.904239
23230312f10ddd21034f1a580e027ea13ce119f45167d33dbb0efc28283aae26,smol-magpie-ultra,190759,512-1023,948,0.870291
a7ae50f3cca312179334cefc6399a60dd0e945dc91c71dad0392e11414ea23a2,smol-magpie-ultra,191661,1024-1535,1392,0.886626
33393095125ecd1e9e175327357b2af901d10f2f3d7be31d8dbc2bbf4898c2c5,smol-magpie-ultra,192197,1024-1535,1111,0.873572
fa88c72598cbba986aa022530662a2c828abe0b2a819c4ecdc170eb2a897db61,smol-magpie-ultra,192773,512-1023,763,0.892695
e4d76cce9b8f97be70501baea1171007ce61816712354776ae602fe343306e07,smol-magpie-ultra,192898,1536-2048,1569,0.821443
a9724ed80bfda658e2c11723c4dba0975e958ad131ed8239275414fb671293ca,smol-magpie-ultra,195187,1024-1535,1270,0.849645
b29fc7e97fa7759495ce3d7d00e9ac5673b9cdae3a572950f005df7f294a2add,smol-magpie-ultra,195648,1024-1535,1445,0.885251
15ba7d417f2202e485992dc1d7a2f368c0e76c9b13983021bd3cf166857bc76d,smol-magpie-ultra,195661,512-1023,862,0.912067
cacb027d51d5b4f47b160d06c5cd51418ea437fbaa7645495ea724f69bdfc965,smol-magpie-ultra,196077,512-1023,909,0.883832
fcde7b7b0b5ff4f5cd35192027d63bce167fd362bac282318d26fb789b605a6e,smol-magpie-ultra,196190,1024-1535,1464,0.892643
79171bce7cb70f475661c64866f257db6d2e33b23a4778d4be3e9f2a779caa85,smol-magpie-ultra,196335,1024-1535,1333,0.901711
bb6842ad1944c828b113549c552d3a75216894457c9b84f5b65845b6ab65adb1,smol-magpie-ultra,197498,1024-1535,1420,0.859695
adbb18242ba7de73f4423ec062c45aeb593e80a1963484edbd82867fa4aef700,smol-magpie-ultra,197744,1024-1535,1393,0.886714
0989037d0a39f555b6b86e3bfaba97e4ac3328e5a82c8a468a43b0303eb1b7ad,smol-magpie-ultra,198200,512-1023,702,0.907349
b6522847314441fa5ce9bd7d681830f38346e83295e43a65fc9c1f90f1cfa890,smol-magpie-ultra,199982,1536-2048,1608,0.828581
4a58270251c43738badb97d11dafc2969be30a5d4da6d72ffb60a8e2bf648256,smol-magpie-ultra,200655,1024-1535,1472,0.897624
d4c2f2456766025c6ccfb30028ab5cfebed3ca62db7f950f8e97bcc065ae7437,smol-magpie-ultra,201965,256-511,491,0.902247
324bb4ea73bd41d8c885f6e3c883241ab90248235d4ed1c0e7eded5a8be47c30,smol-magpie-ultra,202151,1024-1535,1037,0.90407
fc50b58d9e403fd2bf113e9c16c468d6809dbc1d922675d7d352828b18f20491,smol-magpie-ultra,202295,512-1023,701,0.886403
6f87ce3efb9619a54c4cdc2f8d0d453b3484fe3232f43c61bcd5a29e7a260135,smol-magpie-ultra,205434,1024-1535,1137,0.89313
54a85f3d46ff7eafab32e0b3b49c194b9c1d754bdad9a901ef0e01bc8b28d509,smol-magpie-ultra,205693,1536-2048,1582,0.810731
9d97a052f0cb9abeeb41283fc2fc3cc3027e30c5be6ce511e1327a553b158d70,smol-magpie-ultra,206538,1536-2048,1642,0.819463
7252a4b1e481a4d8187724e741944a87e8dfc3285cf402ec6e357118469584e5,smol-magpie-ultra,206892,1024-1535,1068,0.893654
2dc9928b2a5dbab3e783eccf479c240ee4ebca3012cd5bc413d7f4841dad14ac,smol-magpie-ultra,207537,1024-1535,1151,0.907766
9dadc3a18f44a53854db3745b3e7d9168b16a200324e2608c8b0e88ab8c925e5,smol-magpie-ultra,208368,1536-2048,1567,0.832514
cc087a44c6a1da68abcfdf4653630fe0f9517a83d8da5dd37466d16cfb36b633,smol-magpie-ultra,208492,1536-2048,1569,0.846828
65ec018608e9ab429f7cad48c24e019885349d012c41e08140de2f7f676e6755,smol-magpie-ultra,209145,1024-1535,1323,0.887788
cba45b0fdb8a58bf66d00bdf9c4d30b5a1fd68f04f662cc843bc99c856f5210e,smol-magpie-ultra,210824,1536-2048,1727,0.836598
00696d23b02d3f9d20aad751baf04ce7bd2c957ca08485cdeeaa1b2c12b6a3ca,smol-magpie-ultra,210837,1024-1535,1256,0.862799
c9f3174c4e1600b881d4d0dd2c40de5fdd6e6a796d3e2f144794b7fbcabdaac1,smol-magpie-ultra,211265,1024-1535,1363,0.896789
b003200fd053ef9ce7599a161b49103983051f2440e52a579d67fe07b16ad2c8,smol-magpie-ultra,211857,512-1023,879,0.893352
cf882c3d018cd18f4451f5d8a65f4443d684f752406ca24ac22a3f98aff24222,smol-magpie-ultra,213156,1024-1535,1182,0.876906
8b3284b140761d67cf864e1ae07e073a636924db6c87cb9e0b472a5cae131094,smol-magpie-ultra,214081,1024-1535,1434,0.877072
23cf6651bd27976491cefa731a5301309b092261115bc6bb71e9449590304892,smol-magpie-ultra,214751,1536-2048,1622,0.842314
3ebb08b7d485b9c6597f2b9e5cefc6d9bcc1ce068182a7a9b3bd704b2ad096f1,smol-magpie-ultra,214895,1536-2048,1792,0.836056
93ecca381a3d5022210ea272e3a3a1830ff54e2c252f843f741e1c81d63ba506,smol-magpie-ultra,215727,1024-1535,1428,0.898611
92202ac7a20ef058cd3f132c8aa110ffa02f16ff310cd36dcafc5e68f443ad6d,smol-magpie-ultra,215915,512-1023,1020,0.919716
c4f15b542e4789a71b205df7ae47b86a1f27076478b242876038cdc26f2a1cb5,smol-magpie-ultra,216338,512-1023,701,0.876191
46b8df2065d9400706a12c6b047511936050f31e8474de8b199d88ebef13da68,smol-magpie-ultra,217147,1024-1535,1361,0.847501
d6ba9d7d3f5b55a8cdb9616dfdfdad46326e04cb3c69b24f5c6f31112469e69f,smol-magpie-ultra,218598,1536-2048,1693,0.822296
251ff835c268ef99589224cf4d2fd64f761ca7ec2038be85c6821f9513c2d392,smol-magpie-ultra,219024,512-1023,994,0.880597
c8d98b24c86e99f092d0b619e5d719cf9edba6ba0e194f7d087faf4f70b3cf04,smol-magpie-ultra,219315,1024-1535,1197,0.863713
5a5623560340720178efd613cfb6478b31664da49f7ab650564ab330192a95cf,smol-magpie-ultra,219743,512-1023,776,0.891037
c514af61117c7ebbf0b0047f98a6e2b7008cd219a4bbc2a606680276100319e5,smol-magpie-ultra,220097,1024-1535,1278,0.874899
88e63d3b4cbcab3b1dc2eab4fa033324fd4e11c74fa1de1c83abc506167ec850,smol-magpie-ultra,220594,1024-1535,1297,0.881394
0af5f725f987f851ac1ba6aea23d06ae9e94cef52bfdf211d18c48cd362f1140,smol-magpie-ultra,221809,1024-1535,1277,0.902996
7727f2cc1274bb1e474d896a04eef348ccec2de0450217ca14702996e4cc630e,smol-magpie-ultra,221929,1024-1535,1290,0.849614
3da1d4f82116877bf6752334c0856c66d7a64c8569f709e97b169c515264a8a1,smol-magpie-ultra,222064,256-511,491,0.896841
7c81d374736f703faac792202d1dcaf8fd4d9ea8be569853cc9022c7fde6b673,smol-magpie-ultra,224172,1536-2048,1914,0.800823
35f03ef3517b248a4aac1b736b668d8853d218b17534b8dd4a7e2f20ae95735e,smol-magpie-ultra,224186,1024-1535,1312,0.857691
7bca305a5cad6a11fbf407c54942bfe1388d7a5c061e3d6a0323b52e56f97139,smol-magpie-ultra,224398,1536-2048,1780,0.806891
fd335cbb98441f58359a4343f244864241489cb41edd0edea419dfe82678cf46,smol-magpie-ultra,224972,1536-2048,1539,0.836963
19fb587358941ac4632f28676f295c9071b213a2d061366f5225c6ed027cd2b7,smol-magpie-ultra,225033,1536-2048,1647,0.83649
49af8758768c2312eb039925561900d60cfc89b3a1ef816cdee50419aa59d7f0,smol-magpie-ultra,225580,512-1023,522,0.896786
e4b7170fa564347f52f559df866a56841407bec8d7cd2f2611e2af5bbf51e7aa,smol-magpie-ultra,226379,512-1023,715,0.918833
974b89a780bf9d20827a4ba2cd856fcfb517d44569d523a28ab7f10f20a304ed,smol-magpie-ultra,226783,1024-1535,1203,0.868151
af9ee854ed128409426ac1988f2b2d6e0e9cb894ca6ce51d5ad557e4d71f32cd,smol-magpie-ultra,226990,512-1023,546,0.887539
f2fea0f5e25a92a895af0536061be92ea13b18487de8747d77643aad54994455,smol-magpie-ultra,227538,1024-1535,1454,0.874248
9e2998410fc667c76d4202dbc486927707aaf185aa705cc365656f59a78ba32d,smol-magpie-ultra,227693,1536-2048,1614,0.835365
2f3d782c6db2a8a79b7a48ccccfc47114a51ea818038d22fa320c3fe8f6beeef,smol-magpie-ultra,227895,1536-2048,1902,0.842793
94a79686624d573693a8f36440c9661d3c6fd2b592d1dfb3badc7d3e45ad0fc8,smol-magpie-ultra,228917,1024-1535,1096,0.873523
ba30783d76fbba3a0a87fd67e0615823348d32bdeee9fd8cba65ef65be07a60e,smol-magpie-ultra,229562,1024-1535,1187,0.848363
45de375ba2bd4c3422508f5783862c575f7f9fa3d126034898ed086f98e3bf09,smol-magpie-ultra,229717,1024-1535,1344,0.884149
88525313bc910c18232d6df0d4e7187bb9929dffcaf8add462cf1f908b8abe9f,smol-magpie-ultra,229855,1536-2048,1610,0.830313
59e1e3d2ec46388ab986703faa2ea2f8443f0aea927705c69d8c3976977da328,smol-magpie-ultra,230478,1536-2048,1923,0.806477
7296f6114bd1606162afcfff160d8b8b5b205f2b64497a9f0c291dc6e7d51a6c,smol-magpie-ultra,230785,1024-1535,1218,0.878493
9071a0aac84b8d0165d8d25c7330a4508054bc1e40f527a643cc0e398c70e3bd,smol-magpie-ultra,231076,512-1023,950,0.918054
b9505bcdc4549bc355127c0f52ef50d1af5dd8c4664d0395aff2e50d4f2a88cf,smol-magpie-ultra,231092,1024-1535,1356,0.898501
bc4a3388590f73ff5a9f18024fe192de8f414833e2b7c3107a0b5613975ae7eb,smol-magpie-ultra,231104,1024-1535,1150,0.887818
f6e1f3e8079707b80ff157bf29ba410d0854d43336e29d0d64ea3fe026f16149,smol-magpie-ultra,232504,512-1023,973,0.882349
bfeca96d504b88df7a2d5f23606f8d224e719584d9bc7d81311b5d8bc4fe1a47,smol-magpie-ultra,234023,1536-2048,1548,0.839926
4e4721de624b190b6b673860548bc622f2168bd3815269d37f1a66f2d70ea9d3,smol-magpie-ultra,238376,1024-1535,1492,0.889821
e6fe6538934c3408afabe646c74b2d02476c897e7824773fe8fef269ca461011,smol-magpie-ultra,239848,1024-1535,1413,0.895064
096d708a4063c5fcaed737f4874e47b0b0bf46b1d4dd722e8bfdd919028c2347,smol-magpie-ultra,240674,1024-1535,1144,0.909402
0b3ba0cc22c9481a5131f8975f9c9f644a5dd757f1a814662a071b479a789316,smol-magpie-ultra,241073,1024-1535,1128,0.887243
47d2b780bcf5f0b38c5be5e8393bf3b81b9d3831c0a4621896f89830a2b10ae6,smol-magpie-ultra,241230,1024-1535,1507,0.855354
40de27b1a1daa0202b764f6b385d4b1cb54f37327052e9b813f16376ab0c6fcf,smol-magpie-ultra,241679,512-1023,774,0.880643
fb80ecb20889bd57d7a3ed8bf129fb538e6be1c762c94aba9b07876cc689a26c,smol-magpie-ultra,241915,512-1023,898,0.898904
d63bb0284a8bcaecbd0a14c6f650840d12f2c3368cd3d6a10eaacd6aa85a2dbf,smol-magpie-ultra,242172,512-1023,984,0.856234
4fb6b1689775d9b894e16f3651765830f4b3bc28f3da8ce7790967f14cf272b4,smol-magpie-ultra,242242,1024-1535,1303,0.900108
5e6297b5072cc3671899112ebbfab787909ffa46e9f7e4a0f5ec2566e64c0358,smol-magpie-ultra,242382,512-1023,994,0.891698
ddb8881d4d6160e350d3c21caf427aa5e2bd72388163ab94918704ea0ab467ad,smol-magpie-ultra,243647,1536-2048,1559,0.836818
3473e189ea666425cd3c094aed98d19a3eec53aa5d4dfd55e2638e9d171f494f,smol-magpie-ultra,243711,256-511,353,0.948056
92cea028f63d59d5b69993feda11bbeadf312a37f5ceb00b0b5fe286db6784f2,smol-magpie-ultra,243936,512-1023,1005,0.89966
5371e95f7d87289b32f795dcc1cd7324c1480dfbb6905e1d19ffcbe9f2fea4d5,smol-magpie-ultra,243978,512-1023,521,0.901887
ffe29cc765edfea8dc3d2b41b2c16e32a5cdf7779a00573fb61126fa3c788a7e,smol-magpie-ultra,245428,512-1023,522,0.883475
a7d656b50fe2a5192e3b59901e2349d33c9b14d34803e142475e54e2fcc959c4,smol-magpie-ultra,245784,1024-1535,1421,0.900145
5a86c023dd33b5f882f7dc6787a9f349e86b0fe63d97370daf5a91202995f8b5,smol-magpie-ultra,246210,512-1023,762,0.920676
4cbba44102f56d1777bdb58f1b3c9c7876c65bd1f9a3b8f47608df25d265f1af,smol-magpie-ultra,246499,512-1023,643,0.889857
acac7da7df2c086b1a5d82d0c6616f5401cbe6cefaf4b857a77d09a015aaeaec,smol-magpie-ultra,247654,1536-2048,1934,0.816267
f88693a61dd06852160b77ea64e4ccd5d56058606702be301df3183788e2c3c9,smol-magpie-ultra,248166,1024-1535,1094,0.849905
d885c30cbad366a3029f8d81e3cead90091ff4a61c735f52474f8a6f8dbb9ebc,smol-magpie-ultra,248323,512-1023,1003,0.890455
366b561bc09aca9d018d96a0920e4c0b71715c7989e15985935a432b7e13dd38,smol-magpie-ultra,248851,1024-1535,1203,0.88962
faec7585129436b8c99efb1d16e7f4a22059ce7057dffabf4a915329759bb03e,smol-magpie-ultra,248897,1536-2048,1572,0.839042
68d071d532ca5a26a7f3b95e4643ec84bdf1f9a41de08a9955c303bf2496d974,smol-magpie-ultra,249845,1024-1535,1304,0.89588
b7e233235e80444a7fbf54217ddffd200dd94eb3f5d63fd3d49cfd4ac1a921db,smol-magpie-ultra,250294,1024-1535,1050,0.884043
7bf0db4e49cab5474646249f46491396047ec70a7974a8149ab54124d3ef8f1a,smol-magpie-ultra,250487,1536-2048,1684,0.805085
0987b99803e7d45311a768d374b4ef30f72f5b4d65ee2cf8457055023812f7ce,smol-magpie-ultra,250817,1536-2048,1576,0.831936
83f64d21d52c8f10ac411bd0b7595299e44a8413edadf2e640a2a50f6ffd7cfb,smol-magpie-ultra,250867,512-1023,972,0.896084
0244527562da06f5d6fe3af62b42a4b2f9f6ccc1659351abd60a8d59afcddef9,smol-magpie-ultra,251668,1536-2048,1746,0.806407
b51f6dc005829bf8647a175f40f1bb7bffe6380737843518142e99625360ca10,smol-magpie-ultra,251906,1024-1535,1220,0.898782
13aba3a71c2d1d3abb2d5aa3736ac1107c98d278a7ac0cc39a98d1981fe323a3,smol-magpie-ultra,252549,1024-1535,1198,0.84715
7aa20117d2d282698104e3fbc28ebd885411cabe85ddef0056332ee54f0e489e,smol-magpie-ultra,253984,1024-1535,1402,0.861875
429d5915eb8c4f6455c39a4842a45676068695e30dc44a2be469cb45bbeabcde,smol-magpie-ultra,254391,1024-1535,1248,0.886804
c9506d090e82f730fc081be000f8552c97dc537b7c02c13a99b7f9177ad1cdbf,smol-magpie-ultra,255023,1536-2048,1668,0.843939
adf38e19ace564e2476228310e4803f358292fb9b54d85f52755a44c07ccca0a,smol-magpie-ultra,255280,512-1023,686,0.892603
636ef76969aeeaf46a826719348d86a3f7bf5d435e5f63672c44ca016173f732,smol-magpie-ultra,255290,1536-2048,1610,0.844511
629c16a2faffd1f0b446340a9c3e2c9b415ce962c95c5869f1a6a001a45b15f4,smol-magpie-ultra,258038,1536-2048,1757,0.819217
bf5147f8e617d8cd57c29b408b023c9e1320cdea6b2d072e2e9afde8a45cdbc2,smol-magpie-ultra,258515,1536-2048,1744,0.821186
70535c40c03dcaebdbcdfe4e7105082523e83f8614998404747c4708e5c06b99,smol-magpie-ultra,259028,1536-2048,1544,0.788875
d347212eda9d0cb2595419342ea4741613eb7f576d0f822dae9e84e3f94f603b,smol-magpie-ultra,259051,512-1023,766,0.906096
4c7fb273e4f643f77bd4f64597658f124266eb77835ef8272eebc1475e05e832,smol-magpie-ultra,259285,1024-1535,1379,0.862422
d083b9e98357a61ad1df7416a5da6ec8cf9bc52736459c977d3518098c461ea8,smol-magpie-ultra,259560,1024-1535,1336,0.89021
ef300126e6cfa250b6e6c855493e42afef5323d7c0d266a81ebd6d7730cbade9,smol-magpie-ultra,259843,1536-2048,1537,0.817705
74d1e7b665a6bc707a515aa774b0a6f91ac5c251ac746987197501d7416e0bfc,smol-magpie-ultra,259934,1536-2048,1551,0.829426
cceeaa1fe7d820bdf418ab2c1fff493a5968079e54b65bbe51d7a63e998ff054,smol-magpie-ultra,259973,1024-1535,1448,0.896234
a86f19b62592811126c424926bc0a836700e59a55a9329c8acce6c6f056dc974,smol-magpie-ultra,260185,1536-2048,1546,0.827323
2bd7b46497861d2204453a1f453e4cdd15dbbf9e541275910e6401673b8c6c80,smol-magpie-ultra,261809,512-1023,908,0.898152
be9ed5005f9228793cc98d9fb4618b7669532c295cd478e6c3a71e10cfdf0098,smol-magpie-ultra,262676,1024-1535,1168,0.860688
653736a393da3594e94eb78023b83934818752c69c1c1a25cc91fae290a53ac4,smol-magpie-ultra,263925,1024-1535,1355,0.871657
55a317996eae1476ea24f456cdb2fac8a3965b2e6885f6f58c067560e646ad97,smol-magpie-ultra,263966,1024-1535,1212,0.856346
f55340888365391878aec7c01bb7b68888aa428913ba128575761e04f9dd08ca,smol-magpie-ultra,263979,1024-1535,1173,0.90765
114388a0bb5ab62c8a55245a869c50c9897e9b09e729eed3e161322a4fb85c91,smol-magpie-ultra,264391,1024-1535,1207,0.897016
59128be7d0ad782c974d6c18a53aeee1b6da279eef9fed594712752e4711b8d6,smol-magpie-ultra,265336,1024-1535,1279,0.89007
56ccefeeb368c4ef1b485aae2b84cab48757daccd94609490b82c452f22679d1,smol-magpie-ultra,267855,1024-1535,1423,0.900498
87feb01e98d261883921dd168a9a8f23cfa7cef2eb28c09faab4308fccfcabdd,smol-magpie-ultra,268170,512-1023,924,0.91687
afc4d98ca91832c9824edf5053fe39596bb51b29bfbb9779b3a4bd0b7b37bc4f,smol-magpie-ultra,268805,1024-1535,1085,0.917502
65dda500ab51565c9b94b6ead74f738127017df51f49268b7f588f1ae88cee2b,smol-magpie-ultra,269782,1536-2048,1733,0.838206
8c36d9ad7b85209e8e651b190fa8d78f1aa8dc1d80e06e1d27aac7694b826b65,smol-magpie-ultra,270138,1024-1535,1272,0.902492
3cd0f05055f88a08fc110a1ae465224dfac7424fccc1b85a4e0f3a7a2b8bbe03,smol-magpie-ultra,270300,512-1023,702,0.865392
581fc40b2b66ff2f7d4519bc90828543f4f933a671c8f1e026b0c6ca07ff8653,smol-magpie-ultra,270484,512-1023,727,0.917132
e6a78a3e595183198a35d6d3beece2e2666bcf7d6f86230d8c58e9e1ee15f64f,smol-magpie-ultra,270723,1024-1535,1071,0.893192
05fc8c6a0bb35aef934b6403f33fb376c63f25d8ff5ee4d704b42c5563642685,smol-magpie-ultra,272077,512-1023,783,0.882717
719d5b278af058d3d20f447f5320f131091b83004d780474ef14888d4966178a,smol-magpie-ultra,272406,1024-1535,1392,0.899164
227e9a477509af2e821ac03e39839652f00d094b8736b961f6d53657a5574a51,smol-magpie-ultra,272898,1536-2048,1536,0.896244
f462bb914fe1cddfbf959d5256e922316584dd0914264ae4dd87d748acb84461,smol-magpie-ultra,273007,1024-1535,1402,0.883305
843a7fd2686543d081c1acd21e96d699508380db6b77fd1f8fb40f9b969ff8f0,smol-magpie-ultra,273918,1536-2048,1574,0.806234
65ef84c17034441a2d8a44246e0368242382579f364c9ff14cca654c590e085f,smol-magpie-ultra,274050,1024-1535,1312,0.894494
c5a8fa13c1ea05bbdf5f9f1a9d8e87fe903c50f48ddfdbf95c71c5f70babcf06,smol-magpie-ultra,274257,1536-2048,1704,0.834436
2756d386c524ea0c3549f39398f339e7bc59e6ada994886d0917f8fa92feb3a3,smol-magpie-ultra,274968,1024-1535,1330,0.900185
96e29565f484da154f42f5c5886fd2fa47fd3da62ce844f03403a70422ad819b,smol-magpie-ultra,275543,1536-2048,1587,0.835672
9db45630e49f24b3016b610a6f6daff437a3c569ff0335429d6c638a83bfdb28,smol-magpie-ultra,276045,512-1023,782,0.925261
a2caa9aeb226e3d993413430dc9fb834047672288ce9d23b567c45a6e86dca27,smol-magpie-ultra,276196,1536-2048,1634,0.83608
c2d3d2156110c7768bf6afa1389830d2f2dff782c420782a05cfdd8477be576c,smol-magpie-ultra,277917,1024-1535,1137,0.897669
237de5be5043aa6a4ac93f36c706fd390e5bbc23b10833b2e00cc2e0e5652ce0,smol-magpie-ultra,277955,1024-1535,1118,0.901422
ec8ba2fc927b62a2d6d4ac526f6f8b6a995036b130de0f862eb8e0c377b4e7b2,smol-magpie-ultra,278090,1024-1535,1117,0.861435
39d0dd0e28d48d9bc48be333f9af648c41572d024832b6ec6dbc07c0deb35437,smol-magpie-ultra,278409,1536-2048,1749,0.830054
29e31f148d952451a0c72071acb3c19670f437e4ea80353b8dde86750cda5030,smol-magpie-ultra,280188,512-1023,907,0.887429
d08c4509b523d3caad365f43ad564e83937b39262cfaf4f0e557b7bf40276535,smol-magpie-ultra,280568,1024-1535,1087,0.849461
b40da669cd28f3fb2003e673f47408ded7fc42a56e040cafd55a3338295d464a,smol-magpie-ultra,282126,1024-1535,1201,0.904268
25d6787a3ba31b6b7537c0d9e258bf3e0159d0cc52a7427c303067f5e26ec240,smol-magpie-ultra,282498,1024-1535,1417,0.875413
09de35ab3fbb127d36e1330e99c06f470c41ef6188b7e8bd7d3b3fd4e36515a7,smol-magpie-ultra,283678,1024-1535,1091,0.866839
8fbd38d9c6292e22161ad6128f22423c29a494778a50148b80c9e6eed7e2a5e8,smol-magpie-ultra,283680,1536-2048,1601,0.821496
44ccd8aeedabf0829f1648e77e8fa374b3523fbc37868ecc6844b0f721d8816a,smol-magpie-ultra,283909,512-1023,710,0.883765
2e18443f7866c74f99f63682ac14ea46a46fd613afd0bf20b5d013bee96ff50e,smol-magpie-ultra,284143,512-1023,733,0.894255
31e532836dc52e53463a2f5b327c841057a5ffc987c7096e3145b915384b6318,smol-magpie-ultra,284615,1024-1535,1276,0.862951
8f0f6254fa702e4b4caa496ccc8685aef97ac74be64139fac3a2d5f3702a48b9,smol-magpie-ultra,284688,1024-1535,1227,0.903526
18e361a7d39e3c79d42408df4cf8524d890b14a293a9f9cf67d7e6a5a6c8a64c,smol-magpie-ultra,284939,1024-1535,1180,0.895729
b5e2ab521c8e2b6bc53f1dec43c03e6e599d63177479b438cfe2ac6a4471e60d,smol-magpie-ultra,285529,1024-1535,1185,0.858974
9f5ea8d5c6f3acf1e98305e600c97fcf43bb2a935aa54cfc294d690d77d3aa1d,smol-magpie-ultra,285992,1024-1535,1297,0.90974
f6d912ff01af1fd67646a2f91194c0954d3d3c47dda6942cb4682aaf9127c7c4,smol-magpie-ultra,286293,1024-1535,1154,0.896764
02ae4df86fb5b3e01892274b278db966983e91553b5fd9cf04058c54563faa97,smol-magpie-ultra,286362,1024-1535,1106,0.85478
7cc0975d97c6e754c9ac4c5a9f1e6929dbd0938d8cfd23443019d83fcdeff01b,smol-magpie-ultra,287281,1536-2048,1835,0.832013
3bd384779fe73253c59818397a02239d21898fa7284700cd34a4f9c7c51d4e1d,smol-magpie-ultra,288118,1536-2048,1707,0.83637
a1a56ba26e4dff5a4e2e28c067ca22971a3edb5a9a471e6a118cda89fcefbff1,smol-magpie-ultra,289532,1536-2048,1583,0.843906
621191f46053b982dc0d94310f6447f48f77f23f65326dd2cd70147726315fb7,smol-magpie-ultra,289849,1024-1535,1214,0.881745
60886ecb998029e9f69df44dd87d5bbd72f2c85d651dcb1dfac2db3690dd4927,smol-magpie-ultra,290327,1024-1535,1283,0.907468
7526dcd176ec3e234c2a50b3a983403f8db362cbca6e85cc3417a28e408e1ef9,smol-magpie-ultra,290625,512-1023,923,0.855862
8ac15e0a8cb226542b0044b70477af30b012a88601586f935222519d06a67eb7,smol-magpie-ultra,290708,1024-1535,1214,0.863893
044f3d7ce75557769d140b00fa4ff9d305e9d5572f40d80cf0e31c3e72de711c,smol-magpie-ultra,291247,1024-1535,1522,0.870944
9e2e757a5c218803ec779bef562abf45b4dc5966559cf05efd0f36d0db5f73f2,smol-magpie-ultra,291860,1536-2048,1552,0.834622
4a902381fae252900a6b88b9f0b88767a34271bf38670dbde77d2c4e7d854c37,smol-magpie-ultra,292067,1536-2048,1619,0.821976
ed0f2ad0a90803975380a94521862c23c6d2f777deb9cbf0cc684fb3ad82809a,smol-magpie-ultra,292605,1024-1535,1220,0.848196
be7de513d18d8bdc000426fc011137367bf19a694c232b8c75c493bb29ccb3e6,smol-magpie-ultra,293361,1024-1535,1122,0.90408
0d906c1d8a2f16d926b65fc4ce7c066b17fde351b844e97de6ea7ba240902252,smol-magpie-ultra,293470,1536-2048,1594,0.804876
2c5f54938e3c57ba7cf6b08d0d9b4d6c7a2df6ff49994a3464b497ac36bf6ad8,smol-magpie-ultra,293568,1536-2048,1608,0.82763
a6e9d34ca9f024095f2d7d3c48717c6917395d85a32dfc1ac33bce2261579d75,smol-magpie-ultra,295760,512-1023,904,0.915089
b0c1cc48dc18bbd346a3627b8be880748f1c01e1d0f4161397d757f6cf1e4cdb,smol-magpie-ultra,295765,1024-1535,1337,0.893005
7cb18fa7156a614a27d8db8f6b04c6f19297d9d3414b0d718dec3612a7ab6658,smol-magpie-ultra,296246,1024-1535,1222,0.900896
fb7daf661f1565a026c3e95c355e0d2f46b52df49413a3cfb3425b27db6ace01,smol-magpie-ultra,296405,1536-2048,1918,0.83562
9becd94457bccce4cbed70490e561283d6efee864e0af225bfbfb4a960aa8dbc,smol-magpie-ultra,296656,1024-1535,1237,0.848218
fb1cd82c8a6b4914704d2b410a1e5ab9f2913607e3678e2d6ea80e1738be2461,smol-magpie-ultra,297335,1024-1535,1255,0.905017
8daf2fd0bd9fe836b9cae62bf8602a36aca7f63ab13cd40e873fb6b79cb9fb0c,smol-magpie-ultra,297639,1024-1535,1385,0.898063
03e11cf1c3ef7a8f5048dddbae4059a920e9f690dc741e2d5308c3fda2656e21,smol-magpie-ultra,297823,1024-1535,1457,0.897043
aff219be2e3570cf1ccae18a18b2442a07324c515c51fd4b2993a65b0c608746,smol-magpie-ultra,297872,1024-1535,1212,0.884412
e322956c1a8655d5e366523f04314214cf1549d9c878c7e663f67eb6215230c0,smol-magpie-ultra,299092,1536-2048,1741,0.808882
b4b942fcb23161ae362189946729ae012fafe966c5004924ff16b57f223f76e7,smol-magpie-ultra,299758,1536-2048,1867,0.838131
04b8c75be8adcf82cc4187c6d71ea448fc325f43bffa2e032a068943513d4b01,smol-magpie-ultra,301295,1024-1535,1113,0.906948
23f68231c42085688a9b549c39c83daf34012840c7071260449d7cacf91f6050,smol-magpie-ultra,301298,1536-2048,1831,0.827348
7a076f10afe54ac7c9156894918491ad212164cbdb15bfb6732db579739ae4a5,smol-magpie-ultra,301302,512-1023,655,0.917234
0bd9c36daeecc1b553ea38156248229d828373c5684d8632e06ba89c8d27e48c,smol-magpie-ultra,301475,1024-1535,1347,0.903689
0f5096174889f93cdf47bfb1b939338de41d85e42cd9117bda5ec9685c85441f,smol-magpie-ultra,301745,512-1023,591,0.918247
55a0a34a2c096a6dce3fc22b25e423c75b31d2829427cd8fa26ff95e344505a0,smol-magpie-ultra,302163,512-1023,536,0.920279
a866e7278ac29dba1284236de8edd1bd6421d608fce59585962be1473d890a12,smol-magpie-ultra,302533,1536-2048,1741,0.801208
e91288a3d50de28dd7887574e4cf8006b78e4ebddf5e1a33755a69acad396a12,smol-magpie-ultra,303327,1024-1535,1286,0.8724
a5e542d6662cccfa9aa407f9fd887af17908128532a80cc5d3c30a474e4bce1d,smol-magpie-ultra,303856,1024-1535,1122,0.879431
71b8a247f9d43ad8680401579ed6f4aa7bf59ea6cc94e7f53da8af96ea80f6f4,smol-magpie-ultra,304026,1024-1535,1270,0.893796
e584964414d87905dd64e4b0a20889d81499a0c813ec4f070dbe52ec67e97745,smol-magpie-ultra,304459,1024-1535,1137,0.906062
7fad044a2d8639d720e7b5d6d42eb0e74d2452789ef158ed307baa530ff742fd,smol-magpie-ultra,304845,1536-2048,1646,0.836419
5eb26722c33d375ed65ba95d8b2708d5dd456497759ed16e792dc673c98a6d23,smol-magpie-ultra,305025,1024-1535,1425,0.87286
d64b6b6fda5e3bc0dbe418a4e5b7f92e56ea7ee7e0c0b53ad925aaca5e8bdec9,smol-magpie-ultra,305028,512-1023,545,0.8709
6a3f2dc422f302147aeede6609b69c1385addfe5313e5fdfb8502335dd964f16,smol-magpie-ultra,305214,512-1023,799,0.897733
76144153a54bc9eb7a7fbe6a387ef007e4f825b6d5d6263c8dc4063b23cc9f96,smol-magpie-ultra,305377,1536-2048,1965,0.778738
11d0e5968c47433773f97b0503d696c2e9dc8104cdcfe481814142e97377a123,smol-magpie-ultra,306124,512-1023,828,0.888632
46e0adca4018b254278fb9ec2280b24bd1898a2bea96164db2bfecf1a5e05da3,smol-magpie-ultra,306144,1024-1535,1362,0.899799
9e630fc104d54d21e71e0d5a46c1e69fc33549d6d4e9673ce2080c70b8b94d2b,smol-magpie-ultra,306956,512-1023,913,0.880975
4368382fd90a924b7d4cea08aea3e21186fbaac9617d75ab0fa6563ce369fb24,smol-magpie-ultra,306986,1024-1535,1115,0.881149
1c761d3ad34551f49b3df02c457d730d2257f9b3764e072f81e51c344d3e0de5,smol-magpie-ultra,307145,1024-1535,1267,0.894529
4c4310206b268a1214907fb6e4695ca0854b8801c49e0fa05a3d6a63f78a21d9,smol-magpie-ultra,307151,1536-2048,1633,0.828891
e9bf96cc3c6015cef2b66751f202f8a563200cd9d30bd93bd0ef9d9780fba40b,smol-magpie-ultra,308586,1024-1535,1280,0.867791
fcd8dbefff92b732eeab03dbacecc04921657a1f617bc7271c5a1caed9024056,smol-magpie-ultra,308717,1024-1535,1293,0.856314
99f988e0bfd8dcaf7a8d6957e0f7a41c0238eb146aa2ace3d917a6c8b3fbeea5,smol-magpie-ultra,309032,1536-2048,1820,0.844063
321c4285661148df152df0a33ddd19196ae64fe6ed1d71c4fe248dd8764df4f6,smol-magpie-ultra,309231,1024-1535,1142,0.900362
42c7ff44c2bc60fbffb28e903c6e3e17c27195b3776c030c5bf9cb070a2487ed,smol-magpie-ultra,310125,1024-1535,1303,0.892772
bb6a911e9e5f96a879ef82a58a0bec8950c0fd7ca82ac0780301c81945a2f784,smol-magpie-ultra,310191,1536-2048,1685,0.839186
7696cf078ba8268e24e7f9f3e57f91f81abc89ac6e23932cc4f8bc254d18b6f2,smol-magpie-ultra,310375,512-1023,525,0.930812
716d84ee3c709c2f4357d76e357b95e3b4633d477e43e5ddfa79463d46963acb,smol-magpie-ultra,310808,1024-1535,1465,0.889032
1e981a9994120940c98d758e17c501de51c74867221dc6d3b72248c5448cd557,smol-magpie-ultra,311670,512-1023,785,0.921652
d8a4884eeec94096d90a35157f927598c63392c48b54de23002064b7a8b1ab49,smol-magpie-ultra,311945,1024-1535,1226,0.866954
f091925e008e06b8fa705cdee73b02ac559002b043b4b1f0e5e8be1c6955b6f5,smol-magpie-ultra,312342,1536-2048,1687,0.815908
26103b043053b15981afbef49240309f5c1d3a9cf60bc520693c248b62e6b54f,smol-magpie-ultra,314047,1536-2048,1620,0.81405
e23cf88c32780ba5c05c4ee56c99b3d52ee90ad12003ec3daa81ffdb5d5f63ee,smol-magpie-ultra,314204,1024-1535,1098,0.905709
3b3dbf5cd6530cd242ed81ec5f7a13be927a811d6df8cbc57382222aa4aa1153,smol-magpie-ultra,317406,1024-1535,1105,0.896256
aa3fa2766fcc15681ff06c93fd1e6b44a47636c47b2ce4e110eb1a11f941b8a7,smol-magpie-ultra,317564,1536-2048,1766,0.839203
b9a8f531af17abce21123ba095ba9600e40f27c7659c7d03f2c623ec867bb016,smol-magpie-ultra,317814,1024-1535,1368,0.895605
cac42a9193e558e181593a4451ce94167f668b78b3a55413326cf116ca5922bd,smol-magpie-ultra,317823,512-1023,624,0.90594
866b59d79f81de50f210dfa1aae7eeebf3779c76223e85765642cc498fa34dd1,smol-magpie-ultra,318900,1024-1535,1030,0.906622
1f99bd951f940a844548528559728e7f33453c16f0ff743814aa8dce047ac02a,smol-magpie-ultra,318920,1024-1535,1261,0.862367
a56bac56bf186993ae8ff38a46e18ccba8de4115e940ae10b8cbe595a17e010f,smol-magpie-ultra,319391,1024-1535,1228,0.898502
30364ee800088a720befadbcb725971e6a13ebeb0aa57de436502b409f8fd6e1,smol-magpie-ultra,319531,512-1023,903,0.900061
105ce42ed18c577a26c04e6bebc4f0c4aae63296087dc43a35f54ba9f6b29d37,smol-magpie-ultra,321112,1024-1535,1141,0.868466
9217d3e3d206b80fc201bf771d114bed57a145bff94005a5d4e144b9b30d9e7e,smol-magpie-ultra,321278,1536-2048,1827,0.834946
56ab17ee5d58cc0d67fcf38ee0e2ec03c13c879043152b9d5451d9f3def7690c,smol-magpie-ultra,321826,1024-1535,1141,0.854377
ae9666376c3cf2ec08002f383763ec8a2e3cc8ad6eedca58b6157c62015406f1,smol-magpie-ultra,322017,1024-1535,1225,0.907745
4b911db4292dfd2c145b92ad991b3ce93a0f5026a8fec5209ca44b269edbcd65,smol-magpie-ultra,322520,1024-1535,1087,0.86096
4d5b22e171f510264262119e61d60b64cd035e890bc86257a2c0848ca274751e,smol-magpie-ultra,323424,1536-2048,1607,0.820994
5eb8b8df28b51344e8602d05e2b9867b8254a5cb41d40420653b14e118bf67a3,smol-magpie-ultra,323661,1536-2048,1578,0.84424
c353dd83876cccdfec9a9b6c7f9b63fbc4661d849039c265fe49ea2399aee444,smol-magpie-ultra,323705,1024-1535,1218,0.86427
eadb5bb0874d3bcb7078dc48975a85ef1c8f44c654ba29b20effb6ab84040f20,smol-magpie-ultra,323781,512-1023,934,0.875954
8aff8de1e846d25374fddf62f89511415ac7190e11198cc75e0d5cedf245ebcd,smol-magpie-ultra,325184,512-1023,664,0.914643
a3d3147520d376b2ba280c3917bc0a8bda397bf70c920de965686ac238503cff,smol-magpie-ultra,325387,1536-2048,1843,0.841808
f9ecd9d5e2dfac809ab6103f44f57e02a3a61dbaf39693e7894a9b933e840875,smol-magpie-ultra,325613,1536-2048,1628,0.817611
7ab9ca079599aafe1bbaab1797c879c94fd5a0413530aa7a186e4a108abc0d40,smol-magpie-ultra,325758,1024-1535,1477,0.903438
7d25e9d087439dd8acc4db9c2667f6f1249feee42320ee8eebba98127302a3e2,smol-magpie-ultra,326582,1536-2048,1998,0.833191
91a8efe2aa8f4464996336c40bc067657aacacf5af3c87fa5f36ded021724e87,smol-magpie-ultra,327004,1536-2048,1619,0.837779
fa3afb41caf08fd25f3d488e23ace9fcd6c3f87b26c7add6475ef4f91922c348,smol-magpie-ultra,328116,1024-1535,1039,0.896253
c0edf4055549df9c75f7a189067efde0ec5c58f2197306e036c8c717fd9174ea,smol-magpie-ultra,328339,1024-1535,1366,0.885024
0570351fc018e85ac113391528a3e0fb8f44845fd59b8418502ee34ce0ccc218,smol-magpie-ultra,328913,1024-1535,1190,0.88998
8ec343d040672074cb6b104e596c098949d187ca23409c56b1358da6cc86edb7,smol-magpie-ultra,329181,1024-1535,1220,0.878097
fd31dca12408b5c0ceb77fcf767b3e45b895c15013c7501676bb86734d118f26,smol-magpie-ultra,331058,512-1023,850,0.913217
2264a851773eb073cebec89ffcb1d2e51397b23c7569857bb62d67b6533bfa4e,smol-magpie-ultra,332334,1024-1535,1280,0.909509
921fa7a7602e4c218fc5586bd0fce8be9989e13dfe3b4894d9261cbb68a96523,smol-magpie-ultra,333057,1536-2048,1549,0.832349
1751a25edbf5d9d594361416cbc7c36df7de3d609b6891991a317a1f145b2a68,smol-magpie-ultra,334209,512-1023,589,0.871985
0733f476fb6f3761c331807fcca39dc9af243864c0d255a4d18cd25d2bd59b3b,smol-magpie-ultra,335196,512-1023,570,0.912604
9c71cbf53e6b459dcd1b52cc1e1bb53ce338a0634d1ced06965c9dd5774cadc1,smol-magpie-ultra,335229,1536-2048,1571,0.833122
4738ce95d9bc43a4c51723d5f1d473ecca3cda2ac326ed5bdb145fcb46761ed2,smol-magpie-ultra,335833,1024-1535,1340,0.851944
72b8fc06d5e5ed561095655c4d6f0caa58a2e822bb23d70a62df5564435cce71,smol-magpie-ultra,335991,1536-2048,1638,0.836723
574d6f4ce1ef155e8741c26df73e8e6e1a0fef445a963974f287909bbb41e34b,smol-magpie-ultra,337081,1536-2048,1732,0.820238
b23591389527c0d1683b04c7eddedc30ead7cfe9da0033259482415f72967876,smol-magpie-ultra,337385,512-1023,632,0.914255
d105bce6c97e10e781141dc64d31ee39563b67612144241e5b657388e3af6707,smol-magpie-ultra,338524,1536-2048,1774,0.835977
d2aeb2dc1f9b1715597f210d94002391164d0fd09f10a33930889686f6c68da1,smol-magpie-ultra,340822,1024-1535,1280,0.900617
c91bbd3ca67c4547f8e9ab51d6c744221e4f3e28d7ce12e9c5f74018ec3f4b25,smol-magpie-ultra,341877,1024-1535,1359,0.90281
16435c9ac6401c70500d310bf0fcd43d1a417b7f20ca52c86caee2f14713daf9,smol-magpie-ultra,344235,1536-2048,1573,0.832342
b2ad1645cf664d38bde424fcb2f6f2a4f99b76a8e4c079d1fb55a064187e9248,smol-magpie-ultra,344716,1536-2048,1966,0.813009
a7d20b1be6bcb20484666ded3ef8cdb67db10af726d9c197ee8bcefc97992d48,smol-magpie-ultra,344734,1024-1535,1125,0.898323
bd9667023466943f171dca6b270007175416026d6734d5f218993d98839d356c,smol-magpie-ultra,344815,1024-1535,1224,0.902792
e244095b6a13d3c3b8a1edcf977b594b5290dc45383d3ee40dec1e464e60af94,smol-magpie-ultra,344822,1024-1535,1096,0.890052
2199b7da07ebf3c1cf82c0aafc752c3a3c40521c29f7ccc1381391bb5ca797cf,smol-magpie-ultra,345185,1024-1535,1352,0.88682
0ea9042c206f3206bb04325cf1a387177cfef7901a6aed3b359774a0de696abc,smol-magpie-ultra,346046,1024-1535,1329,0.878797
67865be65c5f3b1533102d4b1cdec9d7e01e1a17f78e2d81a8cd5c844ffb2a77,smol-magpie-ultra,347269,512-1023,812,0.895669
91ceafe3093545dac7c19996f1561154269e3e2273ad725b3722e0bc9b25c3c3,smol-magpie-ultra,348041,512-1023,791,0.916915
2cf64df4c3e3863da18eca6d6a2334bfb906d5e9e4462ebac537b47fc5030406,smol-magpie-ultra,350165,512-1023,779,0.905247
9d79b40e5d9655656f68444a2b1e0dfed17d6baca8e0b6b42a2afab0941acbc8,smol-magpie-ultra,351171,1024-1535,1318,0.896989
2b839b59e213f5f4dd25f268228ff7f179d5383e446f02ba9d4d4b4f995d6677,smol-magpie-ultra,351603,1536-2048,1916,0.834566
ef7c87f6661508b1bd806102237ad3e1a0ee3a33fd801061e37bb138e1b2055c,smol-magpie-ultra,351767,1024-1535,1251,0.883013
f01efd4983a5449512c5a7bbe6635df89ae256e06123cea4f3cc2acd976e3cc6,smol-magpie-ultra,351775,512-1023,816,0.914365
11597d3ee2bacc9a7389ff17d94c7900904336cb1a64f33cf08d45a414645f1e,smol-magpie-ultra,352291,1536-2048,2028,0.846623
b9a879fa79d05829fdf935e41a42b2a5837ab60825be23309fec4c77e984a7c5,smol-magpie-ultra,352979,1024-1535,1446,0.886045
bff74915cfb7b4878751f901abe751df49a2e28bc5316afd6d6fa5f9d45f088a,smol-magpie-ultra,353286,1024-1535,1178,0.895851
357d51d91b3d535899d13678e4c6d6c886bb17f3fbcaaae892bee6097cd0aba1,smol-magpie-ultra,353479,1536-2048,1589,0.836556
7fce403ba3244226ef359f4e6cb589006ca4d4b73b4733e4bce3145fd3850106,smol-magpie-ultra,353527,1024-1535,1479,0.871065
b21263f57dd2fbb15c740057d3801fba9080f4cffb7170b6c5a3547e284fbbba,smol-magpie-ultra,353835,1024-1535,1139,0.851564
42f3386f18469a95ca6db68e29d60f20578cbae1f5cfbb2ffa332a2402c551f4,smol-magpie-ultra,354564,1024-1535,1145,0.897397
23b607b027af7ae01298c63d73bf33a02fe4454904a209b5195d1d339c4e3a65,smol-magpie-ultra,354653,1024-1535,1339,0.897381
807325aa95a5084e1fef9da3535dbd9e32b969193cfeae4a4f46905113a4c896,smol-magpie-ultra,355117,512-1023,666,0.873817
d086704e7ea783c30325f7886342ea224d7548ad09b27ccf7031e039487308ff,smol-magpie-ultra,355977,1536-2048,1878,0.806932
2a50de871dda199f8212165cb30b7ea57630a977f64c3bd2848e8c22a644fd32,smol-magpie-ultra,359515,1536-2048,1550,0.830563
2428a30aecbb15faa4a2795e3377a39a63dfeb8b473d81283ce61d3af2cc02c9,smol-magpie-ultra,359661,1536-2048,1581,0.834436
641951cd053b9b9b107723836d2092bb79c32eec062f28da7802366a8a06700e,smol-magpie-ultra,361164,1536-2048,1550,0.823156
202d94e5f4ea30e6c313eff1e1932dcb2ffa1b209840bb74fd28b65cd4f915ef,smol-magpie-ultra,361949,1024-1535,1229,0.906352
70560fb17b259c312a5c770dfb2d19a2ac0d4507dd9776a9bcd644d37b90530e,smol-magpie-ultra,362106,1024-1535,1198,0.879222
9375a61f00f664dd8f10e3fd0244b6af4e01c79a7e37229cef9c48985be46e93,smol-magpie-ultra,362116,1024-1535,1219,0.868286
2eca4d559a22bce8e23a5f4bdb808b29f68f9f9a530bccc341491212ea1aebee,smol-magpie-ultra,362158,1536-2048,1627,0.834689
a91e215c948a7df838cc8c2d4df8920a00c59d5c0013b9a776be4b3de9c0086a,smol-magpie-ultra,363375,1024-1535,1143,0.864296
82f1dd4843fff7dfaeab0e1a635db8ccaca711004b87cbbc07cb1060a9b3e9da,smol-magpie-ultra,363724,1024-1535,1439,0.879853
518794cebb7a3c8245c8895dddbe2154247e683a59928e656ba50a4c091c57bf,smol-magpie-ultra,364168,1024-1535,1144,0.883557
4ebe94d7545e70e5b6db6847234037a768cd867a1ce0f1f0c0a6869af52fa2be,smol-magpie-ultra,364186,1024-1535,1346,0.906667
195aacd6cc8180943ac4cb9a16cbd3405827dd1d80af31733ed7aa103d247ea4,smol-magpie-ultra,365020,1024-1535,1309,0.860601
1b53cc342896af245bdf275b3724eecf28fe778fedaabcc9b2df4493815d46e8,smol-magpie-ultra,365182,512-1023,946,0.91044
067ebaf4f239a0f5ba0d43ad7f230251ffe8d634662d149d759a9b9628425309,smol-magpie-ultra,365276,1536-2048,1671,0.810047
c516e77990cd473e027162da70fc22057f9c47e232d725add65a117e320a8cd7,smol-magpie-ultra,365561,1024-1535,1203,0.901365
5900ffe0a7c7c02c55d4e8d2c6b3b28360c5c53e0e77867064884d351b3970b1,smol-magpie-ultra,365781,512-1023,856,0.875902
8bc3dad2f29c76b8ad3172de6c2ec0c5d199431791a8dd6ffc6e99f7c5106c3f,smol-magpie-ultra,367475,1536-2048,1553,0.833586
e77dbb5c47a06f13dd0ba6cf468a0c5e4bcf357e30f74f7a10b85d9cdcb3e57a,smol-magpie-ultra,367722,1024-1535,1208,0.851394
f39e43d4dceacb4a2d76755341c7cc6db5391bf5f12c3820613933182f6f6d49,smol-magpie-ultra,368004,1536-2048,1696,0.836951
1735f95df77309cdf6a4600efc545053b21ff45381f703b2c30dfdb91ad6cc9c,smol-magpie-ultra,368291,1536-2048,1585,0.802384
eea0426fc88eef7bd3a690cd9cb235f08aab52d7dee7817ce2e555c6d23ee5f3,smol-magpie-ultra,368749,512-1023,776,0.910391
5899d0105c7ac7dceaed11aca687d287124e4212c85153ed32d951fd33e94776,smol-magpie-ultra,369662,512-1023,979,0.866887
acb9112d324b7ded7609fd72edb4de1620bdddc326be4206e8ae4771b4137332,smol-magpie-ultra,369833,512-1023,731,0.921301
2109e5dcd9791e31a90f7a7686a0b44b0ffbf434e932a90d2ca926fb31ce2342,smol-magpie-ultra,369845,1024-1535,1502,0.903548
be411fc23cd772c647c26cc0d90911baa59b4dddd877afdf5a4fb767abbe21bf,smol-magpie-ultra,370180,1536-2048,1676,0.838002
42e20e805ce6628f33f721fadf2ca1b2e13278274f9734a27a1016a8794f700a,smol-magpie-ultra,370320,1024-1535,1135,0.866486
d65c0e543bd5e54272d06a4ac4ce806cef7b3bd7eead3f79ca25f29ae3b102ab,smol-magpie-ultra,370584,1024-1535,1033,0.904418
f5651dd81ac902073f63758389221df1c3ccf63ade9248dbb6052017d50cb476,smol-magpie-ultra,371153,1536-2048,1581,0.834234
2a35ed9eb05986f3ec9826abe903c1ee2995d90987347ea8fad2319ae468eaee,smol-magpie-ultra,372557,512-1023,935,0.903264
9dc54ed86e9bed3bddd56a584f8a30042e489f4b51ad52876077fae345ac2c88,smol-magpie-ultra,373835,1024-1535,1123,0.904585
079d3c38610b781f6d89c74cf1b567b149e58d705f011dce3f9318a7b571624c,smol-magpie-ultra,374323,1024-1535,1045,0.905753
a91137f16c8cdcd16c9da8f9d7ba91e40cc93315ff0b532f227625e1319e455b,smol-magpie-ultra,374469,1024-1535,1196,0.885333
5c8b7ec445438bc37402bbb1f85cacf5be989134c9b6306fc2a1d3ab8e98ec7e,smol-magpie-ultra,374692,1536-2048,1944,0.79705
109bd9bcb3676afebec96c46baa4c0a3cf01c77febb490cc28ca92ee1973c199,smol-magpie-ultra,375974,1536-2048,1882,0.80628
819115ea769573f645a73bf195edc737477d0c2a8c5e45668898daf638e19e8d,smol-magpie-ultra,376006,1024-1535,1415,0.866203
8ae4254080331c1c2195c2455da3e4eeb82b22bae0995b9f561890928c32e581,smol-magpie-ultra,376338,1024-1535,1389,0.884228
95b857b81eb32e4e6485d7aebd48e6d350df831914fd9e4778a2dc34ff470de3,smol-magpie-ultra,377180,1536-2048,1732,0.844198
8fe4c37b97e61b80b4e6a12ea1fe20120b697007f3d6d004f90811515d7c791b,smol-magpie-ultra,377430,1536-2048,1553,0.791488
3c2587597b9eba1c409565b6ffc1aaee0ef9b40102838c960cce3be82a360a94,smol-magpie-ultra,377565,1024-1535,1221,0.846552
87aa7081bd365e6cb7c601b1c6c68726a52202f76b0646d0ecfffea6a0e0089e,smol-magpie-ultra,377660,1024-1535,1278,0.902915
222bf60d0670bcb0770259c290d87435b3458ad6203358022132c477972bdd13,smol-magpie-ultra,377731,1024-1535,1297,0.897581
11cd2d3cca213aea1e2c321f2af269535fb4373f3f9ac7cc866a4c0ba6799c3c,smol-magpie-ultra,377893,1024-1535,1207,0.886421
c061ec8ab90de4f170942f0d0f21e922e64b6f827e0d7feb97ea0d540c0d14bb,smol-magpie-ultra,378701,1024-1535,1314,0.897682
e3e36deecb0e83523c1ece9d258d67ef61dcd87601baee21324e1837b6a03a63,smol-magpie-ultra,378837,512-1023,604,0.875561
f491ff66d0126efe83adc9fc64a4e815970a94c8d186f36560f9751c59cb8bfe,smol-magpie-ultra,379286,1536-2048,1590,0.829761
b38c82a0729e58a34db0451ead746bc79d5cf434f3a427daf02fa5819fd1d24a,smol-magpie-ultra,381786,1536-2048,1694,0.813827
99abb51623cba11f6fbbc1c8bf7f5d5ee76f42d20b8bd2a322788c6cacf84f4d,smol-magpie-ultra,381948,1024-1535,1172,0.898045
27d9ed13332ba7feb9d09a682872b32a5c1aa7c3d04e900b5a0d20d3a49d3d30,smol-magpie-ultra,381968,1536-2048,1734,0.833982
031ed50666093a684fced0ddfac51bda03b8656cb5cdde7b5a470b93821895c6,smol-magpie-ultra,382188,1024-1535,1221,0.886722
a832364011eeb255dae08ba555d40e9dff8cfad26668c2ffe633e9602b868666,smol-magpie-ultra,382259,1536-2048,1682,0.834316
d64fa8418c9d9d1cb80f129ffcd5738f624265b934701145788837d03124bb3d,smol-magpie-ultra,382907,1024-1535,1269,0.901421
b4540e45ca0a9ea51c16c03dc585117602051962cce8047e23c58cc45296d055,smol-magpie-ultra,383360,1024-1535,1142,0.896378
51bb9e7582cb7ad2b46b99a03afcbf5267d664f85b30ca991ee59d0a0357db26,smol-magpie-ultra,383698,1024-1535,1212,0.850423
97f2d01195320c8516c203d93ebe575cf2d6c65a169c88e1a53b17ef7207b614,smol-magpie-ultra,385354,1536-2048,1888,0.839022
3790f0345c39480e20bf5347ffad7b9c749409eee02e5bb784142d12a17c3ff8,smol-magpie-ultra,385466,1024-1535,1418,0.898105
4f2d88ae7e9a0142d48911ef755e23c4d53fb1f57a8329a6e69c27606536533c,smol-magpie-ultra,386922,512-1023,985,0.884066
fa8d96926e73fdcc5220da86e8d3c2bc4045dda2f5788f79917a9bc6a80cd6f5,smol-magpie-ultra,387504,1024-1535,1474,0.900158
d0721e1f0a94093ef1865671c06e31ac21ce69a7dbff4f936a2da101d401887a,smol-magpie-ultra,387542,1024-1535,1117,0.899101
ef71ff837b9cb498766c3e662f41b0eb02c18224ee278b80253e332a4d33524a,smol-magpie-ultra,387904,1024-1535,1207,0.899028
9f489d4482d78de8dced055983d3237c61a0315b65b8bfced422ccbbae6bc80c,smol-magpie-ultra,388064,1024-1535,1413,0.901683
a3bb5e86076cc72d30cbef2b87def0f09e253721b8986f1e9678cbd00d043e93,smol-magpie-ultra,389399,1024-1535,1268,0.864781
b3766c0f975676eea9ec21697a8e04d7453079bebd55dc65178e7f78480f46c4,smol-magpie-ultra,389663,512-1023,617,0.915456
add210dab5fef7154c6c1489d4bee959fab1577da7c5f3042e320abc12ab6aea,smol-magpie-ultra,390104,1536-2048,1871,0.838957
56e4b195ace1e1c9144785aa2350dfd3536014ac2f87cc9f051b871a0eacc4e8,smol-magpie-ultra,390471,1024-1535,1250,0.862065
783a2291488ebe26a7c873053d2fc2f2aa85c0726f72994d99fa433afdc69536,smol-magpie-ultra,391263,1024-1535,1268,0.905183
8bc6896dc0faf035967b6db03867ff30e5de59bf262140800cf7109a4bdebdf2,smol-magpie-ultra,393034,512-1023,576,0.867387
1beecf601c05613ce38a587fd5a73f23b4890a2438150484294e628a0acb988c,smol-magpie-ultra,393042,1536-2048,1867,0.794723
b6c3d39140e81df4ac8eee5d81ce68788b48cbed91253adeb5bbc42f26d76f6a,smol-magpie-ultra,393238,512-1023,547,0.919273
2e1e7adb2723ed089a71a3be34cfe2bf02dbc30a6b933c8b4023fba8f10196bf,smol-magpie-ultra,394071,512-1023,785,0.918086
92578c08751bd247ca06ff4be67c34b58fe1512a209a1ec7eb7ea7ccb6fec701,smol-magpie-ultra,394090,1024-1535,1228,0.864877
e14eb82aa7430bc2150d7c1c7db56d3946bdfa7c7189d9d298abbd5108c227ae,smol-magpie-ultra,397111,1536-2048,1652,0.837561
f4ca4a56f8832d46ee2d9a101faff686760ebf03e68cbe8be48cfb27c2d46194,smol-magpie-ultra,398772,1024-1535,1163,0.899316
911a65015db54749be8465d67bc1c3fbbba41837fa947c7eda741cef1e4bafd6,smol-magpie-ultra,398905,512-1023,787,0.882399
a11f27cf959fc4ef0592f749ccd875544b6647d49f233fed17496aaae2a4c4a3,smol-magpie-ultra,399727,1536-2048,1594,0.79577
7e66a596541ea140f57a3b177e16132faf87d848bb95dde7507c173cdd81c21e,smol-magpie-ultra,400441,1536-2048,1866,0.821745
f5c86ffb014a86a96771dda7e04abc5759f1042f4ddbfcdbf78f5b9f1d99b10a,smol-magpie-ultra,402155,1024-1535,1224,0.897587
842bca9c5132b7890918a5b62c98999c0e6ee0539fa2e8ed9bb57b2654124712,smol-magpie-ultra,402277,1024-1535,1349,0.8969
64d4f1334a5b87bc4bc24b39dac5b408d3bf950352c62f23f8029e90ac466ac1,smol-magpie-ultra,402435,1024-1535,1344,0.910322
40d7c24d6111b193173924d1243b77118572375df0960b9e821bf168a7607b33,smol-magpie-ultra,403082,1024-1535,1068,0.905455
489fd4cf08c1020e91c98bcc4c063ed970b170e9cad42219ff967c1db3d44a9b,smol-magpie-ultra,403104,1024-1535,1507,0.885181
a7a9106577d009bf16bc8a95be6c909e87329ebd5ae5222c3800511d7ffc0975,smol-magpie-ultra,403662,512-1023,604,0.926
74a08b328a7f69187bb87a3ae6129711ff7c7d447bbaca26c5e9d9a03357501a,smol-magpie-ultra,404453,1536-2048,1567,0.82748
f8a22e31146309c37aa76290783a6ee381da93fd658d51ba57bb0fbfbf2c90dd,smol-magpie-ultra,406169,1024-1535,1400,0.874558
91b861e252a594623a36bd2495eae3915701a1be4cade1ea3e52dfea6aaa83de,smol-magpie-ultra,406560,1536-2048,1548,0.831997
62aa2d69f59d5977319402cb4b91593ecc6ea51414bdb6b166e5aad1322f6986,smol-magpie-ultra,407004,1536-2048,1680,0.828509
04a3282f88429722c5879bc8b3d00926e35d9fc43b60c541207cbf389b6a700f,smol-magpie-ultra,409011,1536-2048,1545,0.833653
a8674e80bf2dcccd5f1a2d9562ed2f53164c358828c516f1746bf4d150140d50,smol-magpie-ultra,409514,1024-1535,1301,0.844715
28dbf8a71ec823747d5ea1d78076ca4c805a5d1382838fe8695b3909bc058cf4,smol-rewrite,331,256-511,267,0.952217
7f924c3a7a169a50b9d9b18f312a59f95672fdb21bc9af2d31b1271699c6b260,smol-rewrite,699,256-511,292,0.946377
737da93dd987aeabbc6d1d3516b3bc396051dd26910dc1b012c3d2868428e58e,smol-rewrite,745,256-511,281,0.944915
b2034c6343164a38b3e47b7d56825a61a5d72280da1355a4f06c21d173cb22a0,smol-rewrite,1896,0-255,222,0.964663
4d24cc906633fe41a4fe13fbdd151f505ae3b0bb8b4e8c59ba5a08788d023916,smol-rewrite,1913,256-511,260,0.959029
da5a4b8d300e0a74dbc89a3dd4bc3e5f63c67efdc6f109827ad7a6f7e8c45531,smol-rewrite,2422,0-255,225,0.963126
871a691e9db76bfb00bd07ea24906952bdd93a0d5d4013d02c985798ab93fb60,smol-rewrite,2814,256-511,267,0.957098
7e5abfef0d832b6dd33ae06bc102451e174a0aefc464ce28fd9cbdce3e3880e5,smol-rewrite,3031,256-511,302,0.943462
d59f02983284e954bf55244cb53aed849fef71b6f51b4f874ead18cfa064772d,smol-rewrite,3131,256-511,257,0.953199
bd50b1458c3f6de2121a83cc0e80fedf14f44f5abad1d22fcd76fcfb24b65756,smol-rewrite,4007,0-255,238,0.961329
29657299eeae939fc070572c1c71e413cca81116e07d446403d073a370dd5d55,smol-rewrite,4914,0-255,208,0.945638
8f4fc74bd5fb30801e4508a9ff68be41c1ad37e0e1e57fa797e6278911a6c477,smol-rewrite,4981,256-511,322,0.941823
c1d2beb7fde7ae5f3fde0ffff83db9e4224516247351ac7d6bf350c48fee0a5a,smol-rewrite,5352,0-255,224,0.969464
701a2b322870d8903690eafe2a125e2db3e55df785e5b4a82f4c99ef0d0815da,smol-rewrite,5428,256-511,351,0.943904
64d1639092501b36f57ababd8a98caeb66556f516395a7f27e12bec0c0df7a59,smol-rewrite,5508,256-511,380,0.927982
48013c9dc50bbdb31becb529baa62e26b30cd47d979801e3cae96b2b646bf6d8,smol-rewrite,6067,256-511,331,0.958377
791f70e749d1d9e82a093d6705dfaafd613345fab93288bb91fc4b42815f8ad6,smol-rewrite,6454,0-255,211,0.965206
2c827533794070dcfb51df48225d55d183660a0d7d1d00e9f3f9239c1a15cdc7,smol-rewrite,6627,512-1023,517,0.935313
dce340f5f1b023a2c193797ef4a1947f891fdecc18ccd72e969c0105eda3a6cd,smol-rewrite,8125,256-511,424,0.937606
e6b11d11e04cc2b16bafb72b0cde090bc7b156927e7f99fd7a9d8ea8166258fa,smol-rewrite,9427,256-511,302,0.957827
3e4d86b54ba9a1c13781f11f0d38ad64ebf1506f455fd24cd683de5e9d60b27d,smol-rewrite,10126,512-1023,550,0.934156
d381f2b8af17bb0ca4c08ad352d633a2edc87e70eb82d86672e0e3bffef55792,smol-rewrite,10853,0-255,254,0.949054
78076d621bfb8fbbb3f584beb07734b5937b90bc3f87412a8b9a698bbd90a9ad,smol-rewrite,11232,256-511,299,0.937994
207d66438a1c1301688c8b4f895bb83edad3b565498a4bea935cd128bc512b71,smol-rewrite,12647,0-255,245,0.959311
6f374da3c54aafc804509a5f6999d85847c7e4b4bfb9f5802a15e6ff7ec2fda3,smol-rewrite,13852,256-511,258,0.966254
789e4d70e7f706c3f19112a84602e26fe1cb40c2f69a39484d99ec7a85ef0543,smol-rewrite,14379,256-511,267,0.955943
07c157fc851b6d22b18f1d873012a9e1784e1d46f278449d9c93f0004b21ee5b,smol-rewrite,14483,256-511,278,0.945011
422ab01ebb7964bc145cf332eb832c2ed416b28f62d231d6c88c8144df0de78d,smol-rewrite,15934,256-511,298,0.958635
30aaa6866b0ee10027c6b3ebc92eccbc7d3e32740ee29e20ab2fdfca1b40bb8d,smol-rewrite,16658,0-255,201,0.874664
9474a26764464c3982907df734f000d588f232a0427639991fd5b6ef94b9f574,smol-rewrite,17448,256-511,268,0.961845
afbf98af8fd30eb6cd813548594f11779a3edd395c28f34a66efd70e07b22a5f,smol-rewrite,18323,256-511,368,0.961047
4a322b47ae418fc60a3c2ab6b90afae4d17906598a16c532e491d37f73774dea,smol-rewrite,18406,256-511,264,0.957946
b46dbdf428d6680dc10bc6120690b7bf1387f2dcea34a01dfebacca471846daf,smol-rewrite,19537,256-511,259,0.958568
d221c84644ef7cb42c1ad28d8e10ba320def20da13026266838ba434f8631c56,smol-rewrite,20486,256-511,279,0.96225
9b0b4c4b2e65a58a3241ef7d9b80f381ebd06da9ce58ea9f268ba916f4e36da6,smol-rewrite,20682,0-255,227,0.955246
2477ad6c03eb84c4284f68bea98257f8293c86f2c5b20b809e6278579d35c0ca,smol-rewrite,22271,256-511,290,0.952359
fd1f4591e932c7c496eb989fdfd7c3c75dc4a0c0c6bd707e9b4bcc31f3e6e996,smol-rewrite,23242,256-511,274,0.958436
4079a5d2ac5bdaac908271cc84e81518f65d9416fe6292478515e97603e9b66f,smol-rewrite,23456,256-511,319,0.962725
df798d4ccb3e41d245f3cbeea494337493bb115de019ebb040e59e2762affb6b,smol-rewrite,23614,0-255,210,0.978509
b529f872ab6c445ed774c5668f6a1ec135f1ec87c4f2b404e7b661ce26448e00,smol-rewrite,24705,256-511,278,0.956965
57cae62768cbc542cba123dab77359d1b9618e3a67fdfc85ecc092dce75e0688,smol-rewrite,25025,512-1023,515,0.935396
e569e19906087b2600ef283dc9c4f107ed7b993d0f83d003a60323fe10a1ebdf,smol-rewrite,25564,0-255,252,0.964865
7ec91f835f847c431ba132562d2604a6026b7c2f18ab421ea7735821cd0a9b35,smol-rewrite,26648,512-1023,513,0.935538
02574b9b42b50b2bb70d8caf9db87ef1a0dd186e4a38185ec1d821aba551d49f,smol-rewrite,27985,256-511,266,0.949973
40e469c895b89b20a2b97881c2cabd953644098e738f35ae2fabe6b19b184c19,smol-rewrite,28553,512-1023,529,0.945714
1e1b45f2a505bb96af130287c4e71ada1136101df9db4986a64c0628b343db53,smol-rewrite,28588,256-511,259,0.95739
19b4f2acc40fdb3c8a7d56aa5423857c53e0958861271d657be78cc419dad87a,smol-rewrite,28674,256-511,258,0.960918
5ec76fe72e9047e16a04a25c7f5c19f24688bc4161296f1ceacf92962186fd0d,smol-rewrite,29180,256-511,289,0.956862
2bc1c770c90af4292a093f20ede4cbc285437b0f6ec4c5bfad29ad116b29eed5,smol-rewrite,30082,256-511,272,0.957001
3db05dc60197a8e32523f7d49dd665fdb9ca30f12f333e93d8e8fd0f00986665,smol-rewrite,31036,256-511,256,0.955187
1ddf57e18fbd4276b23ffb5fb488c1d41f73ab5642ada6272aae939bb997c52c,smol-rewrite,31402,0-255,209,0.971303
c75d3e024a3025d02bcefd384cf9405d189cca84d70fd770eb37f4bdbd72a14d,smol-rewrite,32330,0-255,220,0.97525
b341318719d1dcd489a945dbce87a75fdc39ac3d3242592577ebf36ee58a5b2c,smol-rewrite,32373,256-511,287,0.952929
df2d51056e6f598531b8423960332280afca2ba72e5d3090b6e83d48eaf17373,smol-rewrite,33396,256-511,263,0.962271
845f814cf6df9bee38a54a59dd37c7a5ff04eb593fba6f4e9d6b8335831d007a,smol-rewrite,33708,256-511,459,0.948613
4bdecb15dfcc7a948960764e9656987fa5c1fcebb3b4ceadb063bd65c9076f55,smol-rewrite,33850,256-511,294,0.959888
c55a4c82a6abaf61322be74c58c1e05ec5ce8f2e6616f955100e8e105dc5a437,smol-rewrite,34030,256-511,290,0.937609
54e74d7ae8ba17c6863b9f96c00ba147b748221e70eaffadc06d263fa01452c1,smol-rewrite,36167,256-511,310,0.95242
f0a19714ffaa67b06fa5804e4577d929841d534f240f3ebd341379290d7b1c97,smol-rewrite,36222,256-511,288,0.950935
7c79eed4521724745dd31407efc67b56fd380e69ba6c2be0d4d2bdf6fcdf8e0c,smol-rewrite,36225,0-255,210,0.971155
0c6d1eab2a2644d6055522bfdc90deff5e9b7e0ff789dfbd5b8a70a053dd4956,smol-rewrite,37485,0-255,231,0.960943
69429f18fef83d391f05fa41115d483c5d791fdb8a4a385763baa23cb90cd343,smol-rewrite,37719,0-255,210,0.960572
efc2fc3997e7878c5fc1c23bfb69218923ec4e28f585e8db5d10bf357c58fe87,smol-rewrite,37890,256-511,279,0.95922
14d0ddedc69fa72f103466d372e5fe71112745def90636a6376856b5a27ac8e8,smol-rewrite,39367,0-255,191,0.969418
45327ff2f86431137f0441ea16b1d672f2f1dc039fbc303d449a210b5c4afa51,smol-rewrite,39646,0-255,221,0.970274
4ca816f9d6dc475d5b83b84761af642902c76ae3f7ae54233cadb646724481ed,smol-rewrite,40321,256-511,262,0.959743
87f5c290f258472c2fb3a570b21eeb912a6da1f24becb23c94a7a3b4f62ad5e4,smol-rewrite,41447,0-255,231,0.964511
019c6bac405ff6cad58d02ace2a58ebde2146d6b4cefabb8a83b3c2c43bf9cdf,smol-rewrite,41864,0-255,226,0.946695
f6427d63627a3f21d0b787b7f7ec5e8f3b42faa94490abb4adbdbd5a8f14a4d1,smol-rewrite,42454,256-511,355,0.932458
c822ad09cd828de1e65835a828f795ed4a79d480e8602f4ec08e023ab2324547,smol-rewrite,42483,256-511,389,0.939867
e50b30fec0cb5e1f5ba8697cd4b12236996b5af2fd2d38b14d0f892772e41c90,smol-rewrite,42674,256-511,294,0.95909
2e40b8ba616d914bea12b915eba6f5bca6b2bffe36f1fd825b91a7592c00e522,smol-rewrite,43173,256-511,321,0.940221
0471aa890af4a9807760d3625eb09bf8f88f3ab809f1581ae85fee407e910f31,smol-rewrite,43359,256-511,297,0.949673
564541e4393cd5ae390be5ce4aff8af5a00a100ce5137eed1ceb521a2cc8ce03,smol-rewrite,43509,256-511,306,0.951271
439a92374b254c86aae8458b45ed7912693476b15ee9e7df7656fde7d79eab0f,smol-rewrite,44704,0-255,232,0.971039
3abeaf5284cd1cca5cf8a0cfd4076ed7a9584ea25e11bfc9c29ce1178b5470d6,smol-rewrite,45205,256-511,322,0.93475
c3c087cc8e833664e45c599f7d750fd8636928885eb50e5dcb37491377062771,smol-rewrite,45361,256-511,262,0.959284
294b541dc972ee803fdc85ecdc46168dcfb9617487975d7070d00eab5b7d1612,smol-rewrite,46025,256-511,313,0.933864
311b74e6e73736fbe4e1a4d2f7e3ee0885655cf9e9013cb9c8f7183c85897523,smol-rewrite,46241,256-511,279,0.930252
f734209c24443829a68375995e656c26b54646ec30013df50daf0948a02098bc,smol-rewrite,46656,256-511,325,0.937443
acfdc5abd1c5a49af6d7560faf55dfb623171d3e2574a5111a469867597066b1,smol-rewrite,46728,256-511,259,0.952752
953c19031b08f703c93d1caad618e5f0620f7f3cd43d487536d2d4e68e7ccc1d,smol-rewrite,46765,256-511,361,0.951411
80acf13115956d9412e148cd3409e4829f8f692f6f0efc43f02831fedb57c6ba,smol-rewrite,47180,256-511,298,0.949541
736b927facbf47e1aa2e4546c6c9da9a362f98884fbcb6e74c84b68a6224fe0e,smol-rewrite,47426,256-511,299,0.955599
7c780759b3a614f0bdab8405101fdd963a4fd9bde087092ade881804a710fefa,smol-rewrite,47693,256-511,269,0.954363
8be45377d54b2751d5b377263322876b103223e8d3e98b4fcbf6f65292541549,smol-rewrite,47760,256-511,474,0.936396
c6bc8b3e8d50e63f501fac7184b54633ef4dfbbd0a5ea4a9471e8d71d7e72e04,smol-rewrite,48394,256-511,340,0.947781
8f83cd71255f16e5474cc9fe670ba2bb7691eb0154d66ff0ccb2739fe795b649,smol-rewrite,48743,256-511,259,0.959683
3ee881738c7aad7c50c7ff04978b3f34c6c213ff264c62f730f7c137af3befc8,smol-rewrite,49002,512-1023,547,0.93367
9bd88c06dac88fb6019892cbb013fe438ace3cba35cab6af1ff0cd73af738d04,smol-rewrite,49688,256-511,367,0.926886
6edc8058aa0eea8a91e1b733a355d184bd187e36a97cb207289c9e5b525e9433,smol-rewrite,49873,256-511,270,0.955442
3fbae0d27286b14507e5114ed857a390e0b03124a463ecfc6b80c3d11496f2d6,smol-rewrite,50778,512-1023,516,0.933531
d306f9c3db6511ed4beebf4cb9119b178a3ca636c6bd9f583728138736d24dce,smol-rewrite,51054,256-511,261,0.963719
685069c87231c73d622c46e14498a5980f956c4f76db6e391cd38021fd26c2df,smol-rewrite,51105,256-511,270,0.957984
063b99afc1fdeae2ee94e1fae7aa8af5664ed2bc2f7b2d9508e4ae269dc94957,smol-rewrite,51493,256-511,290,0.952442
13ea5d50f3faec95bdcf047822919f72e2091182d190b5a3121207fb34ad7f7e,smol-rewrite,52002,256-511,284,0.952285
688c0d01cf3ff40168f5a54e3b73a3d666b166c1a13d2507cea5b777ba3ce3a4,smol-rewrite,52141,256-511,453,0.931792
03da2df13ec24f1dd9a9eecdf61fc31282f7dda53d586ec5aa107c2916d50386,smol-rewrite,52143,0-255,240,0.968094
daf92185ffe0872e2817d4509311991f19f5d3df316c5619260c25a1c7e33a60,smol-rewrite,52624,256-511,271,0.947397
6782417406f3f6b4a8d57cba5052e6e7bd3092d2ed95f86494066ca9895fe9d5,smol-rewrite,52733,0-255,228,0.96142
16d6b4e632422d7fcbb770731e792d9e56dca987bd13f6d3e65e0ec027c656d4,smol-rewrite,52961,512-1023,543,0.934818
e7069b547d9aab2c895f1caeccfd0b68f50506d9f6f6f47ba9460eabfc8b6311,smol-rewrite,53130,256-511,285,0.934324
165f4fc900a75eba62e9f6978c1e2b27d58a6f6db89ae65c1bc5d94cc1efd43d,smol-summarize,67,256-511,436,0.889904
28910731d63d3c5ebc927d6211e76a49ca264b827767ee674ffcaabc747e4ddf,smol-summarize,664,0-255,192,0.759179
32db64b52e5aa8291e35f2a1c2254f39fe69f1f8cb909b4cdf19ae7a5c9e1d10,smol-summarize,846,0-255,251,0.875074
9705dc9b4247e1148a9809d40aba7a6472456bfeadb0bc36ff2b2d067730e5e7,smol-summarize,857,0-255,148,0.800918
e56e354564eb904506d8789d97531275bb1146c18d7b9a09e007fcd73ef6a9a3,smol-summarize,1029,0-255,213,0.85287
9468389428d69c1aafc354dac58fae4abbbaab92fbb192064528ebbb9f6d8688,smol-summarize,1985,256-511,349,0.925717
69b2f0ccbdebbd0ba69ce4b08cb2e778363a237bff7dc0ae2ac9af1cebe7255d,smol-summarize,2808,0-255,236,0.898444
312e16a2a0af502ebb684fd453761b345d39ba95e0b90c45503e311e6ef8e0a9,smol-summarize,2835,0-255,226,0.844001
206db4ca5763c65f36fe517baef3a56fa60632169dd8d8978cdaf514f36b8698,smol-summarize,3316,256-511,411,0.946455
c5d540cf71078b352afd5837744645af87a470b71c72600845e874983097b9a5,smol-summarize,3667,0-255,227,0.870474
1948d9084fb0324424f52edefbea3a73c2a3d7cc5012ffc230dcfcc1bd28760c,smol-summarize,4647,0-255,228,0.889763
30143966a522b992f1f9d9e7115c488426b596c250495b32936e04a785be3f81,smol-summarize,5236,1024-1535,1059,0.917904
e68077fd06bd6f8bd399969eeb55c96e11782e95a440590680ab15faecc0801a,smol-summarize,5240,256-511,499,0.941104
3b29cb91f5e2408924732916616a78c035e312d8e4b5223dceb15341c44b57d7,smol-summarize,5935,0-255,229,0.771762
1d8cdd4e31a4988038c93e5dccdcdba8165e5aed48cc7c8221212fd746130ccc,smol-summarize,7241,0-255,243,0.890453
562e6dc41ff98817ee96ae17632b3cd867b1c3b2bd1b19ac8058037599990d25,smol-summarize,8568,0-255,223,0.893134
c5e24728c6223a307db6f3ac87331f19f171b5e4b85a9ae7bb13e9683be93314,smol-summarize,8694,512-1023,629,0.930047
2a8023f4e21291c019dd4df39f05e8884ee5332fdd53019d5a0ceb0a20966972,smol-summarize,9293,256-511,295,0.916394
95dc2e9e7a4dd39d6e1ad8d4b26decb9fd750e9ca00ac69ceef8a5e887fd918d,smol-summarize,10194,512-1023,564,0.933646
ede9938a3cdccfba1e2147f6c961aa9d3d17acb4b2385f01b977de2d9d791abe,smol-summarize,10260,0-255,225,0.793575
b07122639f23567d6b96a6e337fb34c8659e054fe420dc7546815f85acc81a32,smol-summarize,12046,0-255,227,0.889537
ab5f0527a2ed651184ebc0165e7ae70e1557c47a09d0bf11077ba115be4b512d,smol-summarize,12173,256-511,329,0.876033
6b91469b4f58306e37a5777b82379cd90b14652590104f7728114cb57a7967bf,smol-summarize,12360,256-511,320,0.941134
737578ed8492aaf9406b64dd5d2c795e7ce6bab0c916858136829ac398690754,smol-summarize,12718,0-255,231,0.870907
5bd13b53e6eea9b7fc849a7bd2d98d83ab388d1a53e899c5e338ae97c10e74dc,smol-summarize,12915,512-1023,546,0.931321
ee731d37eb5df8507f0356cb3053f721cf47727b020d64466de72ce84722f5b6,smol-summarize,13958,1024-1535,1028,0.90966
8544e46b6dc5638b902664dd6b45229a476b81126374d2346f3330d630d50a6f,smol-summarize,15107,1024-1535,1125,0.903587
f33fe425fd7fbde9efc707d7dd18cf3da74da11df45a7f16821055ad21e42673,smol-summarize,16201,512-1023,862,0.911348
71fa264a52260f5acc6bee7e4b87d2a766a84e67d10f988d71a4e84136e2f467,smol-summarize,17997,0-255,247,0.846616
40b56cbbdcebe627ba5f655339235de4fa83e4cb42e3e5b2649b49441fd709c0,smol-summarize,18064,256-511,295,0.913899
6ef07b7b726f05552e87114d005951170527303b57aea86d51fe66931a5c4923,smol-summarize,18340,512-1023,909,0.909466
4ffb5fda10f96b8076352a0539b7d3075b799667b4902040bc7fa753e5fad994,smol-summarize,18423,0-255,233,0.8891
dae366d8027b0de9455311b5a3efbed5837fd363b9639a1635b398a05f2dee6c,smol-summarize,19057,0-255,254,0.883922
80952e802abd0ddcfa4b04d15d5be9a40f8b304f8f70869fb017ec3f366c6f5c,smol-summarize,19113,0-255,172,0.793682
7158ab4e44b93a4a390b55e5118f298539ea548e0dcb1938f4321e2b86edc895,smol-summarize,19420,512-1023,711,0.919842
2baeb4812a6ffbbfdeb10acadfcf24a53d86f62acab0e0f1c41349f456534bec,smol-summarize,19619,0-255,221,0.888266
388b2cab8802bc37c49244bcc6fc77e798dc90482bf687e1584b00fd858b6ba3,smol-summarize,19719,0-255,134,0.786353
bc925b26b922dec85e6e734090f09a70d27ee6e249c6ed65392fbeb5ab7ebb6e,smol-summarize,20290,1024-1535,1110,0.916986
23f7914d7c47687bdced83fe780eb1a615fbb4cb103db6d1f1a25920426f62e1,smol-summarize,20362,256-511,343,0.867238
f94692a24c2cbe4b1db8384cb0ca357d37c136bd8d587ee5e33b25fa98ab5e5a,smol-summarize,20558,1024-1535,1290,0.920739
54a860a3830f775a8298c294b2850d3c582e73cf8c6b7ecfd5c8885a138ca6b5,smol-summarize,21727,0-255,230,0.886707
cefb1fc8c599e194953e9281849e23cd2dcc8976b425e3a9a67638b43ce8dd3f,smol-summarize,22165,0-255,231,0.876134
3c5a8fdda99d3e4901965737a80509c74e5df3bdec6ce0bded409d05eed5648b,smol-summarize,23337,256-511,307,0.949645
d412853ce0efccca4b82623e981af11aa0494ca74b6a53bbb5ee8a856d1f10a9,smol-summarize,24233,256-511,413,0.928915
28f2ff303e5b5e745f3b6552a58f1639bbad79f9c6cdae5e013ff4a6e607c625,smol-summarize,24520,512-1023,526,0.935638
a45b6c0d6f81f0cc11b6115e2e00e0365ec237f0e8897ccf5eca83a6c00b9909,smol-summarize,26590,256-511,290,0.862423
fb804f0e5250b2eedd43cf7c8b6b3183cf97ad166de7b261d005a45a18c1ff70,smol-summarize,26671,256-511,325,0.917458
b1b7a6d7eabee60675449f2b276b17548bdb69b9a19e9d8f1669ff849385dd3e,smol-summarize,26763,512-1023,620,0.935711
d9381f7eae073884eb1c1777fd31b9441490e4a699abe7ccc45dee3c54f5b7d0,smol-summarize,27127,0-255,239,0.878262
1915a1e8b86caecd2d17de7154f4a79d1a209abb506070e3f5761a08834b08bd,smol-summarize,28530,0-255,228,0.849993
051a0bfd1fc07375b2739d2edda203fa870672274f1351cfdd8edbc393f12800,smol-summarize,29038,0-255,230,0.795799
2ba6a9d2a1e7890b85d7f4677960669874eebc9545e78f31427cb51faf4b92fd,smol-summarize,30460,512-1023,583,0.932605
c3703c33c2a6d71594994b74a13d4b2d1338f31ef0680d64700862dd611b1af3,smol-summarize,30854,0-255,255,0.905864
86d18028aed3928e23c590e80a2e3da16e3570844b9ceae444a53271bc5b45c0,smol-summarize,32610,0-255,247,0.886916
de061b1888c055670bd8209ba4f599cfc24997bda595c2b4a1d1db8d884d1062,smol-summarize,32860,1024-1535,1125,0.924849
fa8474fb5edbefbd390603e1d2412241525febfdd0753d6333add3094f6c5d5d,smol-summarize,33035,1024-1535,1102,0.918348
884c77d28fbaaa308874f77f72559b0da57d516208d2469e66ee2759b7fe1d52,smol-summarize,33583,256-511,495,0.918464
81b4ea7c2359da7b77940fc78432921870ddf67f00865e0a6912bb00e9a8894d,smol-summarize,33836,0-255,217,0.871714
8877b47216f7b6fee046fd06875a1a5ec3771acadfcc0c845e1271d97229b1fc,smol-summarize,35178,256-511,505,0.92413
9c9aa738c2cd91b35b313659dcaf723440259818dd5b203b4c7086104fdb426e,smol-summarize,35297,0-255,148,0.78328
ebb6633213c4390e6807d4f3dcdab8a4c6c00837db36636f9e1ae839ec17c86b,smol-summarize,35446,0-255,228,0.842275
bc6e6178228fc89981a644d79a7de19b381034091e0b837ac4f53072e9d3a610,smol-summarize,36008,256-511,378,0.925812
00bdb976cba1a71903674a256b0168152cd391163feddf3b3fc7beb2a53a86f9,smol-summarize,36047,256-511,296,0.724721
dd33b44d1e9a0f05191b4d4985c5131a5f6a1507c887429e4af3d9d81b104e12,smol-summarize,37796,512-1023,519,0.930081
48fd8c219c657853d165cee66aaebd770088aeb89002e6e4e7359686b71e4e90,smol-summarize,37846,512-1023,932,0.913794
57b91b428ecd8761ec6e6bd480fe47ee9ca3836ca10c9a27d655f75b677f930b,smol-summarize,38858,0-255,215,0.88349
31fce547811a8b81af3d112a25d7c02b11fcfa4fb82b42285c68cb1c4fda0e9c,smol-summarize,39323,256-511,296,0.902284
a3584e3fab054ee62ceefc2577c3bffc62db75ba861f067d1c415eed62aa5d12,smol-summarize,39350,256-511,418,0.916291
ca9f52237bb70d844306aa610b93f7b0af05d29714eda9b164dea7fd88a744a4,smol-summarize,39766,1024-1535,1309,0.904766
09d24ef886c645de0261db45b7489676473e98ac2130987ab5ea686ac10c05f7,smol-summarize,39954,1024-1535,1031,0.90843
d397fc60e2b58d041d0440cd97b30520a6ea4d7043eb7c4e98fe6cff24d4398b,smol-summarize,40064,0-255,248,0.861139
36da6066e5620bb00211f2eae3a9fa0fc4a2c09223e435336fe36d0685011155,smol-summarize,40397,1024-1535,1069,0.917189
6615f14967e1c20642433485803b5012eec080fa5c4aa0a28fea24d53eec1045,smol-summarize,41254,0-255,200,0.799279
d19de6fd5b4080b2f657d47a824b173b7ab5ab0ed7998ff92974f27cb1ddfb38,smol-summarize,41456,256-511,313,0.928151
4fe2db6c92820135d3ff6c05cd978e041cdb2b6e200673a3a825e511951562ea,smol-summarize,42097,1536-2048,1670,0.837362
90bff14a2547c3d63d6733966452a42348914b678cafa80ab0a12aafc59f9206,smol-summarize,42102,256-511,379,0.926741
b43270889113290c0757707e36204bbd9db2f8ce44d166f89e96ebba2c9ecf48,smol-summarize,43324,0-255,240,0.874495
1b00176bef092f73e8cdbe8f6b29b98a2d43d3a80716a215f92efb334953043e,smol-summarize,43736,0-255,250,0.891521
b76f63ee6a5a56b5e57f6925335b5d39938daf684937541a18e222b67b38386e,smol-summarize,44256,0-255,252,0.882774
ae92d12f8b3b73bbd0620f23dd3e89b508eafbbeb0d55f8e194d68787fa6fa85,smol-summarize,44642,0-255,255,0.876224
6ad0bfbb2a7ed466b5342ae9ea82ccd67e92e9701ae4a75f0daa105f7aa9071e,smol-summarize,45013,256-511,343,0.9238
814b7f72ee4f8f31851a9d288a54b88e3dacc1b2fe568623974628ffdb3f238c,smol-summarize,46290,0-255,245,0.869562
831f41de4d76dfcf9ba3fcfb6a4281ab7ba6f3e581081f4961a951c7de8844f8,smol-summarize,46905,1024-1535,1125,0.922815
c2b879bd94dd27a235644ef155cc90198a0ad46d41bfdc8b2451ad03aed9f40b,smol-summarize,50862,0-255,230,0.886969
d113c85793cf24a5819928f6e052ca6a3e97469d94c3b9298e9abaf7396fc254,smol-summarize,51412,512-1023,658,0.925293
9942aee15921011acd855ef7bd9a1eec98c7a167ad7eb4ea39973040cf52f729,smol-summarize,51518,0-255,199,0.875225
ade53b7726256a918c06d28bc331de9b40d9d8753d69250a33a6514bd9c6504a,smol-summarize,52823,512-1023,556,0.918684
d29aaa0f7898eebce2d967010013b5292d30a6a5bf1efb84ab0352a065aec49b,smol-summarize,53162,0-255,222,0.892839
77cea41ae0b2dfcbc7371f9972f0ca4c5fb5cacb02b2e1e871809ee9c59c6a1f,smol-summarize,53794,0-255,253,0.885458
44851ad87e3601064712ba79f4ceb0352fe5e4e4b65cdc7bdbbd2c3fde571536,smol-summarize,54583,1024-1535,1064,0.921503
f27495e3e1ed3c289c0d9493d09ffd7037d14af13fe48fdf1efc0d9fc2c8433c,smol-summarize,55934,256-511,358,0.882415
d14b20c86762c8006d8dad24499c9866b4677f487a0066631d02c742c9fc894b,smol-summarize,56752,256-511,300,0.898752
3bdbddd3698acf18aafa7e98e5b1990c6998db0bfe9e6548816b3005d1df869a,smol-summarize,57461,0-255,228,0.842571
562969637cc02d5a2ae6e88d7e19155e0f1a7ac349c41f3daa485aa49c7c97ee,smol-summarize,58340,256-511,420,0.918323
15ddf3ab038ae3f88c2c6825078e47c4907e0c60acc75c0a273ed27ca0f55f19,smol-summarize,58480,0-255,251,0.871591
f6256497900860c22003bd902186731f82a0378f0ed6a5ebb637f7331c85c280,smol-summarize,58894,256-511,287,0.761021
75118143887d043f1b5510566cd6fa4c4f1617f6276d66104f82a02fff9e5c79,smol-summarize,58935,1536-2048,1983,0.850465
9062e831e5fc602a30136bf3dabdb1de513829b5785cf5587c93e6dcaff8318f,smol-summarize,59210,0-255,222,0.783467
c9b5db44eb4e777fecd3660f9f92d66d71bed024c6321add146341135dae8820,smol-summarize,59457,0-255,180,0.757377
be64b7ff8d288590f187ed6126467d74211ae3346beb452bddbf3b1bfe9efac5,smol-summarize,60094,1024-1535,1213,0.910824
5c61e899fbe2380774ba214e3b1513326cd6d838f59994fe2cf64cb3e7a774ce,smol-summarize,60238,0-255,142,0.801019
6bd23fbfa9a047c793ba14a3b74dc5841e790edebc7dba33745126509acea91d,smol-summarize,60622,1024-1535,1267,0.919708
b53826ef2b965ae353637ea0d97d3388ad033f76525225a2de4863fffbd0e446,smol-summarize,61255,0-255,249,0.84838
346f1df0196f2f2f3555b35b230e040566beec308dd5b5806b815afa373c7eb1,smol-summarize,62009,0-255,250,0.889989
17535e5adb2ca0c0ffb6c29e5548e846b982f5611503a93ccd99ca03442d10f2,smol-summarize,63454,0-255,171,0.812008
c3b5e397e47350c321d3556321ca7e4027621e4106b0602f327c542adec9ae4e,smol-summarize,63894,0-255,253,0.895844
093b922f179210666c96171d6e0633cb606eb2ff5acce378326c77054458732a,smol-summarize,65082,0-255,216,0.879376
0d249febb1dd2697a6100817137af13ed7c3b669c73e3d53fac87b35dcf53af2,smol-summarize,65396,256-511,267,0.931574
97f8df071950e0c58f1e6acc69fdcc0284ffe12a07f9f6d303e0ac52b26df71f,smol-summarize,65936,0-255,239,0.873396
c52e63fb9c33ff1c0bc1b018c92b57bb73809fcb630429f0413a21582683103c,smol-summarize,66585,256-511,284,0.8429
40d65431165522785b7441c5cb24e1e953d8fefefb8d5b928b14bc64a1f01c1b,smol-summarize,66960,512-1023,529,0.934443
7456eaecf17f2ef531cda13b8954b3605355a3053f05416489b050a9d9602295,smol-summarize,67265,0-255,244,0.888107
b5b33c21098ee31ba975c5d885564a7ae9c2b7730dc18b80419133475c33b391,smol-summarize,68370,0-255,252,0.896691
87a9b52a7f5cba127ab87516fce05b6d3cd99e2789c2ce079a85257f9c9c40bd,smol-summarize,68517,0-255,245,0.838315
1b8a9b4488b34f05d6047278893066f5ae822b0354894782c65cebab0f882a87,smol-summarize,68758,256-511,332,0.917832
0f0f6c51197223495123a8cdffd9ed6f8d5af77e55c7a0742cf57ca2c156a5bf,smol-summarize,70400,0-255,204,0.80044
f782e63f792f466f4b8eed3602e05791b2929359cba56677ecddebb9e0184803,smol-summarize,71760,0-255,251,0.890192
957200b114aa2ad1888eba61e0f622a719378974b3981f5653af69cb701fbfdf,smol-summarize,71881,512-1023,596,0.93753
9811cf8279a77c6a8906b8cf80e9c98250c39d1364c0adbe8cc13b8c001aa027,smol-summarize,72124,256-511,259,0.834352
97025eed4e7f6da3b6930abccc44fa7888db7e027f9b214e87b56257b8cc00cc,smol-summarize,72509,256-511,379,0.849795
bce6051f255a92acfa74b72f0abefa2c346be139f5fda765008c57d98f073383,smol-summarize,73078,256-511,282,0.858536
fefd92eaf9f4aaaad55d17001bab4742429f2a3997d5aa86a49730c9229c68ce,smol-summarize,73594,0-255,233,0.87809
dbab9a9d4b4c8b64b6987dd3381c51766b4c1dbad2a9dc26bd28620aec5650b0,smol-summarize,73625,256-511,332,0.910368
ab07bb018d50393dfefc649e465ae0c6557d50c6eb5e3cbf09fe71cec1e8ec22,smol-summarize,73883,0-255,223,0.846681
202508e9fe2336344aad5baebc58e51a2727ccf98ffb1551ff3655f96a6afc2c,smol-summarize,74002,256-511,474,0.921572
36b455c23a95da86fe23e8e0ce94b749c3e5e2e08927169e3a19eee3fe0650f2,smol-summarize,74311,0-255,231,0.786706
b421a0fc91112aa8595b750a7b4d3efdf2f7824236bc6ab2b54c987ef9dd994a,smol-summarize,74351,512-1023,583,0.933158
78b15c0d5fd5791cb5f28e4d5a2e118b0d935bb66cb96986ccd3092abb2ccc76,smol-summarize,75067,1536-2048,1752,0.851212
c478b360da8e5f757b17e3a5dbb828ad5560c28581b175468b4af20c7888b49c,smol-summarize,75122,1536-2048,1594,0.848291
a759f8544ba9833d0fb145193a808e30dfb920c264c202ef6fee610723e6bb2b,smol-summarize,75412,0-255,218,0.793944
9f3374696d8caa9356f32555bf5b45aefc036c5af3b974093130944399ffb75f,smol-summarize,75621,256-511,357,0.910893
fe0c0b11591da39a1ab3c1b0d4ea0bcd2202282974f503015e3786b064ec2064,smol-summarize,76288,512-1023,800,0.913586
9a85f3f32a1eac6a215753b2a23f05375c2f00f4e7e549acda147e2d504c082a,smol-summarize,76768,0-255,174,0.76088
acde12e53a38d72baa8a5cdcd5148a7136d82dfa321eaa37df9f715d7cbc0612,smol-summarize,77293,0-255,244,0.849454
6e0318c07653b248778e3f74d58b919202af15fe5405af65a594a7e0ff26b79c,smol-summarize,78550,512-1023,569,0.928275
577be90aa83cc4b8ae30c7a14dfd8438789b15be3357d655f68d392bb3023472,smol-summarize,78841,256-511,331,0.942455
a2e7649e6c70bf91b268348545fdb4815857ed493dafd079caa4b8748ee4a0e9,smol-summarize,78927,0-255,228,0.774279
5f682c10078f22053d1d0977000fc3eeba0517ee77b035264a441f993dd97c71,smol-summarize,79450,512-1023,897,0.90473
50caa579321105f55ba7895b336914005fa085309e6ae65b05d041aede1690f7,smol-summarize,81042,512-1023,706,0.925634
b96d9fa387ea6b72ba2bdb9ae2c8c2824d685cc92a80b633eb4b08f55af5f3fc,smol-summarize,81196,0-255,210,0.902802
de8c14d9ab1669bc5b7af65e238f4c584feb7713e46cb5464db27e2ed4b26e90,smol-summarize,82191,0-255,226,0.763422
d3f96514ee9e2881d4fca4864c71ff461244637c18735ee3bdb6fb992c9e78e5,smol-summarize,82527,0-255,246,0.865533
fae4bd6c823beb91f1eabc0ae08ea377e26e13396558e8384f134b475be9c66a,smol-summarize,83356,0-255,221,0.878434
85fd68a0f7077d14d134c65cc93cceac6504c31f4f95eb8d89973d89e7458c87,smol-summarize,84057,256-511,263,0.859045
edd2c94ff43f94af4dcd00c17790d08a86a7035d484166037d3a80e57c42aca0,smol-summarize,84428,256-511,278,0.945679
f1b252bf81c128b1dd9cef0a69cb79922c551d4cfb1e7597392fc570a928f975,smol-summarize,84552,512-1023,527,0.933627
103fe6ab002c37b0aebf760127c39aaee75793ae986ce91d81719026139ecf36,smol-summarize,84778,1024-1535,1067,0.917404
270669b2bb2786e41eda2fdab89aa9e5e6f0c9d2f6771ee1f1c8c1ec799de046,smol-summarize,85400,1536-2048,1925,0.854322
7cee1552971539d99369969743f9e78f0e8da06602afe66055bdad2869ef67d3,smol-summarize,87070,256-511,259,0.878917
7c319d59ccd1d5c42c60f0b38cf45b886be19d9911629a0f9fdc6619fa15db11,smol-summarize,88391,1024-1535,1182,0.919659
b524549e9a911af69f9097bc30d0c7709564888587c0b26156f7abcdc32780f6,smol-summarize,88536,256-511,335,0.90923
ae563c1a19005642d2bd40ba0e320ad4e8622d923a0cff9aea8d91a6fb1e2724,smol-summarize,90414,512-1023,606,0.921947
cd71fd645db4b2c29f01d2f110250293c19387faa7c4e6cb14e567ae167e6bcc,smol-summarize,90509,512-1023,524,0.933455
a136ae9165ddf1bb152bc2888430930dd507b13f65641403e49b3602e2848288,smol-summarize,90686,1024-1535,1110,0.920247
c46ff6c61044914f926877570c01545e201190a2e46b7889552082b9d5979b09,smol-summarize,91182,0-255,178,0.815406
ea27bcdd60e7642513f39a65a6a9dbf0bb344dba6f37812b325c8ed6145d1f21,smol-summarize,91753,0-255,199,0.917885
0aaab42229a82c9ebbac4ba5023af3aeae1eb2003cb3c0b042dd9e320ab802d0,smol-summarize,92136,1024-1535,1432,0.89396
28a84ebc9c1a66a911b29d5dd756e38789911741f66bf5155ef8dd4ad0f3d018,smol-summarize,92174,1024-1535,1289,0.913631
f4a47b916fe334581a997378d693cd014288a160928dd64c29f5b91df1e460b2,smol-summarize,93660,1536-2048,1824,0.848518
020dda5d8b0f0e633e5f0ece14ea6f16007b2c3401357f720a1f44794981e437,smol-summarize,94339,0-255,254,0.860885
b521b5d9e9299cc18be1aec4d54d73d5095949b2e4adb0bbf62dc775e515d118,smol-summarize,96103,256-511,484,0.927391
30bf2762379aef4b6bd841355959a57165bef6c79d4e8de719d3fbbd646529f6,smol-summarize,96222,512-1023,564,0.949558
