example_id,source,source_row,length_bin,token_count,quality_score
9ad7e696bc13c64932fab82c002be9be42571dd4fee5947528f42a7d5b749606,smol-constraints,651,0-255,144,0.976485
2031a0fa5339b1c3aa645b382032bf0d84a3d0c957a5ee5f4b4bdf6b16d2038a,smol-constraints,1295,0-255,46,0.673571
5e39883418bae661dacd092cc1cb4f2cf80466f2dafda4da48fd909b9b13c1ce,smol-constraints,1405,0-255,149,0.909981
82ea2adc86c8e9bfbf1391b964d181b3570cb137928d62589f9e56f28c8f07f5,smol-constraints,1471,0-255,200,0.94301
44c363194b641f3e157bf87c2898564387c91a57ffd71aefd36fce7633e5d893,smol-constraints,1835,0-255,219,0.952001
1a6525ddcd772544bbeb0f337ddf79605dc4c69d975023a80c2592043e3349bd,smol-constraints,1847,0-255,146,0.942822
e1eb8cef65d7d7d93abf3720ed142d74f1c26363ac699e88ad7cc8cc7f4c2230,smol-constraints,2589,256-511,414,0.931465
6ad93d269bd8f8b99f6673b8401ec7a56c46498532b9fd9c9c9f6fc545e8657f,smol-constraints,2879,0-255,155,0.915766
6baad026a30c663ce8c4c2153864226ba80a75ba4e451fbace8368a41260aea1,smol-constraints,2958,0-255,171,0.932226
f4ac5da69201f1b69d2ab83435228ef2eb78e8ccd894a7c5d14699fb3677d7cd,smol-constraints,2963,0-255,159,0.962133
c701c3ed3f554d942f7b537b7c994ec5b1804fdada95faac78a5cf586d85fcc9,smol-constraints,3063,0-255,117,0.865232
0cca7d1c1ccbb446796b3b9f9a85dda9f1e2775717b8e2047c248a17ae259cc2,smol-constraints,3292,0-255,160,0.903872
9115020f09411c86bc09f663258d81235b581d4a2103a7cfa7ceb39fb19e23e8,smol-constraints,4690,0-255,222,0.945427
5adbd31f4f611ae73073605b6943802cecc922bb1374a298b4630bc1cd7070e0,smol-constraints,4850,0-255,92,0.858666
c4ffd361ee096ecfddb1210018ffe1afb06c88995137643a7fa74a0541b92c45,smol-constraints,5382,0-255,233,0.945514
cb6dd34c020ccee72ab43d8576fbf4781b064a631fc901cb317165156198a056,smol-constraints,7047,0-255,240,0.937726
d2079b55fa4b15ec1a244b2609d2a6ec5cc4be9180c5ecd8f55e7d9b85849d78,smol-constraints,7422,0-255,98,0.867423
85fee5f371b2ed7aaa1ef293a35bf8a95333b73bdac8b858cebb1776933dd2dd,smol-constraints,7680,256-511,431,0.912236
c19c31d05a18deba2350d4d9f8ce3de99d5e41e3bbfa94cd8034bae21fe93fb4,smol-constraints,7942,256-511,361,0.950155
c8002fdd408dcee9d067553b7b72b018f6781714d4b0e5b9d8ccbfb973e5a993,smol-constraints,8001,256-511,290,0.932811
220a99254dbaf3fef2dab4f9901f224f28e7672f5bb4f1b175a0536f9cd5aa20,smol-constraints,8289,0-255,247,0.949656
7ccd7e85f8ecf5e4deeb3f6099fb001f4bb24197937377988e3bed50e2ed119a,smol-constraints,9214,0-255,109,0.891867
f01b81e8e147b4b48585bdf71b74934610885713e9a44a0639ed3801760f0f12,smol-constraints,9259,0-255,108,0.836617
a2657d766cfec28c8b903e4ff08f8d23528bb9971f3283981ca85762617f0ec4,smol-constraints,10349,0-255,206,0.93398
eac9a7926e326492abb64d478d2ae52b9c722daffdc11c61c0474f81c06eb82a,smol-constraints,10518,256-511,257,0.947412
f8158440d28f56bbb1c9a041314bd2aeb12c0869e9cb17547bacb199750083ac,smol-constraints,10994,0-255,62,0.761037
7fdfab79a712dc61456b94978b8c8b1312ccbb5997a9999bf189b0bc84820ef1,smol-constraints,11088,256-511,290,0.921066
10e28026709acba89c86cf514c1d5e8e9b1eb56d1728d583796dcff621c9e9c3,smol-constraints,11288,0-255,153,0.891359
c6bf2ee31772d9db439eccf0c8212c9fe3846df57efb6f68cd59819ecb3bd0db,smol-constraints,11369,0-255,134,0.906612
8803b090422c6564c72ec7c15916b3eec4461de33b49dc7513caecc5deac9b83,smol-constraints,11449,0-255,176,0.90659
ca09a545addec5fd43161fcb062d48f664ce3ebe3971081f09a8a0fdb12ebe3f,smol-constraints,11643,0-255,252,0.928076
c332a1689dec9bf2b415d6fb66f6c3843593f94f4dabc65ec0e0d6c8dd318531,smol-constraints,11654,0-255,207,0.902886
11207cd48f4a2da58e948160de7f9a4f214e7a7c65681c5f25d19cf5ba7afc20,smol-constraints,11756,0-255,145,0.912556
d00bb2d65ca8763f3e374bd8deec340ffe3242a1b7e72ebb9960729fdd069581,smol-constraints,12279,0-255,91,0.854581
b35a30122437f8203b8969f64665d6ab333bfd023ecef4691eedcd590ae8b5fc,smol-constraints,13034,0-255,121,0.926816
a2af3064c3818f60c042df3bba9a9add73f754434a41fb89c2024417b19e178e,smol-constraints,13058,0-255,203,0.879279
f0909fd8c09788de707e3e87aaa4c4cd95393a1a6ec88881ab57f2ab1d2d83f5,smol-constraints,13764,0-255,142,0.890102
a59788d9119d4108635fad20fdeb3a6456874066c1cebf5cc3f56be4552fcd11,smol-constraints,13796,0-255,133,0.789409
81bb230e1d151ce88c70768fa293931de9a0540fffa15458bab507e5f30662a4,smol-constraints,13982,0-255,130,0.885683
1bd3af053414a503b4446567f66aa12193096664f3bf797baeab6156c2215d98,smol-constraints,14508,256-511,339,0.940922
3029817a3efaf4579e000d4469fc7f4069d6bbd77a1560559eebcfedcaaf480c,smol-constraints,16626,0-255,124,0.900574
3081a19ef4db646c192d9c913d990f9e4bf6d3f64782490a55f633f8c35f199d,smol-constraints,16843,0-255,173,0.976818
06e2dc719e68f33e35dc7cd43d15cebac64bc2bbae7228b4ad7caf5ca44d8a0d,smol-constraints,16974,0-255,122,0.866953
9d03750f3d9bd58a6750a63812bad529c8fb8f1953c0ac5933f8871a0d462769,smol-constraints,17591,0-255,109,0.875841
6d3584e29f33f918d91d35c2aa32a988c6541c32aefc1f69d93d187d7ad3e7ba,smol-constraints,17970,0-255,151,0.981125
af15db121c7932481d5770ce8a6fe1d204254c239e4b9ccb37fb1a577fbe803a,smol-constraints,18866,0-255,172,0.958927
6d5c6caada19e56d473667ec64b878b0e2d13fd52663220e07da02c4fd021b22,smol-constraints,19236,0-255,164,0.876725
7918987c8061c0bef2e962a00cc38e487cd635b07e70a5fd850643ba1cf27259,smol-constraints,19697,0-255,144,0.918002
369240311911fef5910d4f2876f0d18e914dc7be7099d41d14cd30517d0a6a01,smol-constraints,20277,0-255,224,0.948752
be077065812492146e985e3c90d6fce83406118b36371e1864fe512dc48de5d8,smol-constraints,21117,0-255,245,0.941071
d5311cdf50df0fa62d12e43e6775f3d02adf74a1f35683a69f84ea1dbe57fbc5,smol-constraints,22115,0-255,185,0.964436
d01424c25090d40de1f2e1529f88037db2e23de5bbb94f9592057373db486a3e,smol-constraints,22583,0-255,139,0.93696
119642a16e9e61530dee1681321d117608830489a4e8c6c881cc3d1cdeb4d528,smol-constraints,23706,0-255,158,0.98511
c5e458f483353a0f3ed1656ccdee06c1c4b9b7e8203cd20e05c73d84c1a2f635,smol-constraints,24009,512-1023,515,0.923503
f9639fe03aebddb4c4031618816a4448e24d3bad3966a7d187a738c49a1a06bb,smol-constraints,24408,0-255,197,0.947252
5eb891f2df59d759377ed5625e77bb697f43ad9407c9b0f38a581e89741ae62b,smol-constraints,25269,0-255,105,0.861302
2e5c3f305312a1dd170572a26e7d6c0fe8555befb91c8ed662b2d4068d4454af,smol-constraints,25522,0-255,127,0.873328
9c028d0ea653700b3a3374bde69df4840687b47c993f835feaf02ce88ce2ee3f,smol-constraints,25824,0-255,155,0.888635
896b42206e82c24c6c5d8a3f287757505f69a8519c6f5cfad16eb935249275ad,smol-constraints,26346,256-511,371,0.914174
c1551ebc58507dff808e0dc230dbb6838cd5fd43132377eba1c47653b7712e89,smol-constraints,26454,0-255,154,0.931316
2a2504006cecfc852ccc25b9612aabdaaad2d1885b48900fc7dd62657becab33,smol-constraints,26501,0-255,197,0.967591
7e17fb96996e788e3844ff3fd7cb40410193688b427da4bc8c65bfb8583419e3,smol-constraints,26526,0-255,175,0.867025
3045bb8cbb1e6e0ce6a092c7a64d6769f72b0a8bc91df942c1bca21362a64566,smol-constraints,26738,0-255,119,0.778832
5d9fc77e2669847e3a2a08c53bb1a34878aee03074af7a7a6f02fc9aa718d3f7,smol-constraints,27324,256-511,499,0.923459
ca5c47f80091c4706dbd1e1f9413b43b3b59ac7851a469eb5f405a989e54db73,smol-constraints,28242,0-255,146,0.958626
a814d4d3d1a4aaf6d49e572b412d3b0cc4c5264d0db57fb724a65fe855b104a7,smol-constraints,28789,0-255,183,0.971259
848487b177606ccb9d7f3deed6d5aed20557e01d211caed9769ec9717a1581a0,smol-constraints,29683,0-255,143,0.940521
86a9a2ce3fd4070c769e83bd5f7527e4bc7aa0d2fe8419443dd7d5e776133108,smol-constraints,29686,512-1023,512,0.921276
a3a287e1007fa253f4faaa31132349776b89fdbd796a69579394c7fa3dd4362d,smol-constraints,30333,0-255,155,0.953676
996f57afecd0c195ea4379af75add5965bb5b7e13df2df2504b2f2828e8d4dda,smol-constraints,30573,0-255,116,0.919435
5e3daf7296fb1467e9556bde9fbc859b77d71228ce5d5b84d568b99476677c6c,smol-constraints,30963,0-255,222,0.960472
564216b8d55353d965344457e1f4958414ff9110b25092aa793ce7a88b78c7e3,smol-constraints,31458,0-255,185,0.928327
0928220a883eddee6ea89e89bbef5448e3276d75daf4e67fd3d733ea338cf992,smol-constraints,31555,256-511,296,0.93882
7478bbc1711e2d4daacc6dcfef7cd7e80db9c2a059b87c0d378829f7294faa1d,smol-constraints,31764,0-255,160,0.894494
e8e2e119f3123bb11403fff43a5085ea255d879294cf56a3460477394f7adb21,smol-constraints,32596,0-255,186,0.959602
4c0be69cbb802bba89b54f4c096309aff189fa44add1c0baa053db673a2ae024,smol-constraints,33295,0-255,119,0.774043
5943e23b5bafa17f254dfaf280f52ec4ef63e607cc225eb7a21928fe2b19c0b7,smol-constraints,34266,0-255,168,0.929049
9c9ae2843a3ec77a8ead69447e33b1b4ab025b5c28f0afac576d7bf4bd1ec107,smol-magpie-ultra,610,1536-2048,1688,0.838001
4a9064a803769d0719915d6a2fc07a4b025b5fad98a5a50c08cc04e67171ee83,smol-magpie-ultra,832,1536-2048,1549,0.779345
963968b558ee4916e0b4efb265bb8fe9e92d85832eb1679c5129a9ec43e505ef,smol-magpie-ultra,1006,1024-1535,1425,0.889846
cccd4846225cd044552891443852e1c132183cb30b22cc7bcc4f852cef887c1b,smol-magpie-ultra,1078,1024-1535,1229,0.866529
c5ac8aa4f1557a31861a456afc8d38332c4ff4d344a0f0c40b45618dadf12577,smol-magpie-ultra,1406,1024-1535,1401,0.838902
ac0823304de206ffab2fb6c5fd762f996c9a06b470adba541e74afb61fbd1271,smol-magpie-ultra,1482,512-1023,888,0.898133
3f28d2e9948a6fbfe59dd07fa74fb152bae635f57abc41cdc0255e993d8682ed,smol-magpie-ultra,1803,1024-1535,1149,0.878663
c54f5b2e7ef8304380e376db4690fcf77d99fc9a70c9e4b1f9a3828737e70dd5,smol-magpie-ultra,2088,1024-1535,1535,0.861628
591dd5e8608f5df1f6a5474bc835b6927791a5a7f6deda6d7fa9b7b83e26a766,smol-magpie-ultra,2380,1536-2048,1780,0.831998
15ef9fbef65a67773438e2aadb7bf534da449f86135d99989ff0d91d820ea13b,smol-magpie-ultra,3085,1536-2048,1779,0.835627
7c93f936510b36e425f20dabd95be9fe0b2a9abb7990bcbc68155039a0dd74c2,smol-magpie-ultra,3747,1024-1535,1503,0.892319
9bb2a6dde1121e3f9edb524095e5e1bac2706fc8b1aa29e0a3b4e1c56dcb3883,smol-magpie-ultra,4101,512-1023,948,0.870046
74455c21f052038a68fcf57c66213ac5d699182a3965edd0994dd9ba2fc2b376,smol-magpie-ultra,4551,1536-2048,1831,0.831015
2afdb2a84ccc225fe39c5efcea1aa9d5a4d4e621374f7f74965791f5d3360b3a,smol-magpie-ultra,4719,512-1023,1022,0.86625
764f5d1229b36da23305210bc662dc8921327ca32d01ab32d6a54b730a457c15,smol-magpie-ultra,5080,1024-1535,1216,0.904731
99c1ec60ad179e288b8fa629e799067ea1c53e90697c44ef34f4d7f453563bc5,smol-magpie-ultra,5167,512-1023,647,0.916094
5fdb03c7e9f7838b3cea45b0e098cc1ab013e94481d7df87250b70afb8c3eec2,smol-magpie-ultra,5509,512-1023,871,0.846949
8361a0625fbe4402d4160b3129bc87ec29bd12186de4083fc3f0dc9e867e6a9b,smol-magpie-ultra,5619,512-1023,745,0.904555
6b75f0e5e234547a4cab78daced233088b25359ed59a19890c69e2cbbd9c426e,smol-magpie-ultra,5657,1024-1535,1355,0.884792
3419dcc52ab14580ec822882d6235feebbb8e1db7126bf34b11a1410a45043ca,smol-magpie-ultra,7582,1536-2048,1578,0.829293
961b0a32b416e3fb56e2bf8723322efb6eef96555c598174dc62ed522cf0d5d9,smol-magpie-ultra,8715,1024-1535,1203,0.890516
97c9d7825ef03af86b333e18412bac005b8899b321fed20f77f6a064138f1079,smol-magpie-ultra,8836,1536-2048,1884,0.786817
013fa07b07022402c910d4803869aa2c5be67478acfeec8aaed03ffb439487a7,smol-magpie-ultra,8989,1024-1535,1350,0.897838
cae802011df7274e3ba2bf3b96b403651f2c116e090f8035b998aeb397344be2,smol-magpie-ultra,10268,1024-1535,1100,0.876336
c41306bf399fdf537bb3edf0ab908904ae9d112434014799a491ef14599a3e38,smol-magpie-ultra,10517,256-511,287,0.87772
6dd1170add72e39f133b513aa821cacef1ae2260f677514f2c87f5bf0a3654ee,smol-magpie-ultra,11441,1024-1535,1089,0.847981
4812b9a3d666f285052c0b00afa6a22c5ef85f851db41ca103053139c03bcab8,smol-magpie-ultra,11630,1024-1535,1252,0.890339
801d846eb555ef9e2c4de2b561a9868e22057173060cda0507702a29fff74fdc,smol-magpie-ultra,11772,1024-1535,1423,0.896786
781cec9895cfa55eb5ffc69241ebf9566d0bf3194c832e2e5b27f71dff2cf4fa,smol-magpie-ultra,12142,1536-2048,1599,0.831552
583a1e9d0c8f37e434d8f4c3259776503ab3bcdb0f796254fe736b607d61544e,smol-magpie-ultra,13127,512-1023,986,0.847778
6ae8dcd8bcb13841f6648de7cddf1c38ab8f76496cadfdb971c02ad55aff8f08,smol-magpie-ultra,13486,1536-2048,1699,0.814473
ae1baaad242c9f55736bf36a866f0ed08be5925b663fbc28db1058068b584b10,smol-magpie-ultra,13533,1536-2048,1692,0.828469
d2160b55ba4bfc72e74606db4e70460624b1bc14aa577d83de78596f2e810b09,smol-magpie-ultra,14068,1024-1535,1396,0.891535
c1300afbcd9c4fbce80ff57378f1a9285eb8be14ee0e9e3901425ed24b545df2,smol-magpie-ultra,15271,1024-1535,1427,0.865788
d1dfb16f99c4b991f10092cc0b284fbd023741437c5df8803d255adc80bb866f,smol-magpie-ultra,15450,1536-2048,2007,0.815008
30fdf369bd97b94e0430175061ab27a62d6531f0834db4798f220beecb2cb49b,smol-magpie-ultra,16395,1536-2048,1586,0.804991
ab05ed3c7227551e5b49e0f566152250ffed00c10802078f98c2560a6d6bac35,smol-magpie-ultra,16396,1024-1535,1271,0.850863
0731388ef79241c771bb66e03193896643837d06dd0215a8ce4f457c05978dd6,smol-magpie-ultra,16402,1024-1535,1148,0.865069
409e728cb5d00fa3b5f65f850871b16b4dfd8bb12ae975893c07a3ab05da53b6,smol-magpie-ultra,16503,1024-1535,1357,0.885346
e511516de7deaca0f8449166a2fcda7f2b3c4c5b6255d5c0c4c0372e9d6136dd,smol-magpie-ultra,17332,1024-1535,1100,0.876582
322d70717e5947c5f7b8ffa3be3fe62781272718e70c74b9ed26320fe68fb46d,smol-magpie-ultra,17426,1024-1535,1152,0.872757
2e87959826dae5b5e4a1d2a618ffc78843deb14c83998839c163b99ca5506e4c,smol-magpie-ultra,18619,1024-1535,1157,0.870959
a29d80ee2d24a03a6f61a1a3b91be372b82470d4bc202161b60decfd96483c56,smol-magpie-ultra,19279,1024-1535,1447,0.896727
ce975654c7ece2f591c56388a4444b8798dbdd9f428ae9f1e2e7bbd6a61b2d00,smol-magpie-ultra,20169,1024-1535,1492,0.900817
ce013bddf1a312d2a2cf53d0d412bf7afccd2c28ae3029cb8fa45c8e4a4236e9,smol-magpie-ultra,20963,1536-2048,1832,0.812817
098434375b1234e06056c53af6b714dac5762f560fc44275d4801cd0d444ee72,smol-magpie-ultra,21125,512-1023,549,0.887575
fa59c8580733cff5de7f570b31446d07e7b9c33ab27c364d97db8911642f36e2,smol-magpie-ultra,21288,1536-2048,1709,0.787867
326a7265e99a379f66867809a59692a761466e7b50d627652a9715d8b3ce8d2f,smol-magpie-ultra,21376,1024-1535,1402,0.907149
095c8721796ead204ace0cd5e2e6a455fec5b8f38e65147b2bd6845e79e6a0dc,smol-magpie-ultra,22152,256-511,475,0.857953
9fd4df3b3cdeab2cfbe41335d8e91feb728391f2a4dfc205a384519f4b46c92c,smol-magpie-ultra,22498,512-1023,624,0.875224
92f4c1021ba643a080f2e935058e1c067680eebd03c18773e5fc64031ea36f0b,smol-magpie-ultra,23811,1024-1535,1463,0.822809
c09146161346c070c79ecf220f027f43482961cbe93b61e83175157df0d48179,smol-magpie-ultra,23930,1536-2048,1567,0.832402
eade463832c1ae2d64e1057ca463fc8f1d6c04c7961ad552ee0e5a161b7b4b63,smol-magpie-ultra,24214,1536-2048,1886,0.826878
512d00203b83764efae491218705d89064effce3e033f70e5a0f253b724ef6bb,smol-magpie-ultra,24408,1024-1535,1468,0.857458
91f59cf5aceabfe76e55bf6344b803bb8148022a11380ea221e12a539dad6d29,smol-magpie-ultra,24528,1024-1535,1142,0.895864
7801d7d13a57523c59a9a45e01bdd493b170c7b3840d0c51293440c07c8f4e33,smol-magpie-ultra,24690,512-1023,553,0.849691
9c5df6e5c2667e0ac7552033ce0b80a1cfee069bb433c632b52501261cc11f4a,smol-magpie-ultra,25504,1024-1535,1304,0.874111
af0c093212927a92094533fbe0d957fd5e6c0d87f7782c07eb600672215cc4a9,smol-magpie-ultra,26158,512-1023,918,0.893449
a1fec9bc3df1abc1b7e4b994bb8a44a398b0d7eb4c6d0e8e6920b4b8b3634820,smol-magpie-ultra,26664,1024-1535,1160,0.90661
82de5e3e736ba4b96cda5049446ee316acbd912737874059d09613a5aa5cb84e,smol-magpie-ultra,27870,256-511,494,0.923513
d8d631d43442b6be0e2205b776b5b8098d3134340aedf7ff89d8714cc9297b31,smol-magpie-ultra,28413,1024-1535,1379,0.88038
660f5b472140538cbef526ca65f912062058f27ed82a8c03136479f40585fbea,smol-magpie-ultra,28699,1536-2048,1786,0.766735
b6593e65c7f0460f4e91f1e8ca53b93122d45afb50d2f1a456a9f2315267e969,smol-magpie-ultra,29359,1536-2048,1765,0.819621
68b6996016f3bcf73e150cf26ae9a8a32794b401dd226e1b28444e5429965d45,smol-magpie-ultra,29533,1024-1535,1449,0.857285
a5114fb5a06cc1fca569c536a92e846594ac0ed2ef338c289020ba37405baa4c,smol-magpie-ultra,29966,1536-2048,1978,0.827493
ca706cf4bf9da828fa1d3c487b6d9667b85af6a4a85683795b29a13426e7a379,smol-magpie-ultra,30819,1024-1535,1403,0.842522
c6c15782c03e7765411557dd6c4c300d8211e486a367cca87cd36f50ab1cbf28,smol-magpie-ultra,31278,1536-2048,1700,0.824702
90eaf5c3036931d4557eed3e00964acf5142277f9e7cf6c7cf35e25ea4949c5a,smol-magpie-ultra,31868,1024-1535,1149,0.895815
c30f2430c6d0bd34309b1766bc4a2f43c1469ddf9710807059fbe8127b333fb2,smol-magpie-ultra,31926,1024-1535,1243,0.857497
0556966a44fb92f6f539abadd87cd2a913c6200068f5da1cd4f0ea42c220ce1e,smol-magpie-ultra,32503,1024-1535,1337,0.898043
fd65e4d0ca1c338f10e00658198e1eafe4ee939bb6232f3f4121114200459fdf,smol-magpie-ultra,33070,1536-2048,1967,0.822683
e100278cfd52f774b7ecb5148439ba3a549a33ed39d8a8e249b2ba1d4e27a1bd,smol-magpie-ultra,33263,1024-1535,1374,0.886643
c0d23d7613e5434d5b5fbc46b1069d51da774067e280c27ce986883ea7c29e27,smol-magpie-ultra,33635,1536-2048,2006,0.806285
25e8cb4a2dad63d1d54cb38594f434ff7bfa3a0c9bd2ca104a80f2506b579fef,smol-magpie-ultra,33922,1024-1535,1278,0.854842
760773f5d5b7ecb92209aa0b68b4ca3bb7ebba9115164fb6da5004d85dea8b58,smol-magpie-ultra,34484,1024-1535,1393,0.847619
5b46d027f9ac1917b95c7db6818fe8695b3d18c1298d7380edb378235737c239,smol-magpie-ultra,37187,1536-2048,1803,0.823233
e3176e2718fe5f9c42a0e908132222f8fe4eee361df2e074f424e69ddfb6b8b3,smol-magpie-ultra,38258,1024-1535,1248,0.859324
a26cac85df06fcbaac8f0180898ca665e38e935e40a91c0f903200ae7a2c681b,smol-magpie-ultra,38799,1024-1535,1182,0.871344
e939955029724b9170c4753d6f8f3817e0ad0badcfa80d9da0be7987d0466061,smol-magpie-ultra,38995,1536-2048,1594,0.794621
828ce7f7c73f0955ab49f2565a9aa1214a5b46b54a78f564531648a15c60717d,smol-magpie-ultra,39110,1024-1535,1320,0.880911
16af766818441f1339f95773f5df447c9c70582004c9f15c2c8c286072e9d863,smol-magpie-ultra,39589,1024-1535,1334,0.900318
fd59e6eaf6aecd20948f0c2a1e99188ed8330ee1f69979e843edea4565db4c9b,smol-magpie-ultra,39980,1024-1535,1533,0.883664
c203194c2ec771b361ad051971041a6bf5815df03b90267c1b9e7c5beeda6225,smol-magpie-ultra,41511,1536-2048,1952,0.777478
83391031c23a1b164b4b3afd0e8f8ce16a8cea6df27d15199dd61b3e4558514e,smol-magpie-ultra,41644,1536-2048,1695,0.679034
a23ed69974bb4be8b41ecba731a3d1b2ebd1eb882fb294f81d5b59cca97acf87,smol-magpie-ultra,42179,512-1023,714,0.85289
365c0c54eae980eb8a3ee414e1c2b1ee6dabb85691c9e2423317a541b6a74f4d,smol-magpie-ultra,43939,1536-2048,1946,0.782842
60c2e1706ea0f0ef4c6e85c04c9deefb5b06b4f336ca86ab2f060432bfd7117e,smol-magpie-ultra,45403,1024-1535,1484,0.891408
32de8e421af15fe529e5e12f2868677e895068806aea99723bb67974bc3d5413,smol-magpie-ultra,45889,512-1023,989,0.890706
3bac58f07cb65589a424465933d8531668f42394e3c26f76863ad78b5bb78c70,smol-magpie-ultra,47281,1024-1535,1163,0.886371
0fa52650440f19f6da2759717abf2a4cd1dfc79625314bd7d45cbd0f5b562b9c,smol-magpie-ultra,47696,1536-2048,1543,0.831883
9fcf67f7d350bbb9f91404f149c4374557e195a5ead792322d6d0e52fbac2ae7,smol-magpie-ultra,48344,1024-1535,1187,0.832352
88ae8e086738dd42d0678bbfe128428c655491bf916f5fb02efe3960f642efb9,smol-magpie-ultra,49568,512-1023,962,0.87986
5bf40a8c9479e005066c6d85efb6c597a23b4ae68855ed2ff6ca54306b68e394,smol-magpie-ultra,50261,512-1023,1014,0.891879
6bf6162818e3f65b9f5f3627f2e1041fdfc4bf1b146be318eeb4ed6c44eaa58b,smol-magpie-ultra,50271,1024-1535,1497,0.881357
cf5019a45318844e3aaa1f5ea1f68022463dc700b990e0e0e381cc6761fb9e25,smol-magpie-ultra,50736,1536-2048,1951,0.832191
0dbb3af4a82f9b3a7e266f34ccb288f365f77043361b406e0d90867b0262d566,smol-magpie-ultra,50931,1024-1535,1458,0.883751
f356be2a28107c071698f4322fca08a1c37577bfe5418f30726d442741d8ad9e,smol-magpie-ultra,51351,1536-2048,1572,0.818376
344078317c2c3cd6fae7d50104f3282ab1e2e52f30c746a8b5b2074e86fa5d1c,smol-magpie-ultra,51843,1024-1535,1168,0.856209
ec0e5dc37d3b30b6e8ceda261c51922a6c893b74108a1126f59134b5598a47af,smol-magpie-ultra,52005,1024-1535,1165,0.900355
e713b528e2a61dcebbcf9797d10a38af25bb2955e1b6098bea8080e2211688b7,smol-magpie-ultra,53431,1024-1535,1305,0.866398
8e1f1017d7da39c252008f6e8337e8d43e57edb01f12de2b3780c69af9b03544,smol-magpie-ultra,53456,1024-1535,1344,0.873416
d0e8669f94c4b836668fbb8983a628e8b2a6658b0d9f8097b74444d632a5a4e1,smol-magpie-ultra,54191,1024-1535,1181,0.853936
769c5a6f441741a88647421fda4a3ce244b50e1c060e3445094d2e29b3704dac,smol-magpie-ultra,55426,1536-2048,1977,0.815236
84cbaf478cee8f25eff80b78ceb219e88c3d6c4cc565df0c19cf9c50e84fc16d,smol-magpie-ultra,55481,1024-1535,1158,0.91094
508409581e8e2a32b2faa472b8618b1a50d966c523d604060feea71e58635677,smol-magpie-ultra,56113,1024-1535,1174,0.883573
4a6b3289c01ecbe48248d3ed10e9e3a079fdd5dd572aa79f1b11c51445e79ccf,smol-magpie-ultra,56281,512-1023,789,0.910791
57bd34ae638941c47f5ac76ecb32f7956c0524bf9911437d8b972b5a40680eb3,smol-magpie-ultra,56948,1024-1535,1065,0.88981
f4aefbd9cf2f8ec3c72decbbd3fa786c1dbf2c35b3df76d707a555ba812588f9,smol-magpie-ultra,57586,1024-1535,1288,0.887425
e3f07c37d5ed8307fab58018788a41d07d8ae530378377af057a9db1a1ffb193,smol-magpie-ultra,57974,1536-2048,1865,0.806649
5cd60b61bf49471a950bc0e102171a4b8c0c330ba32899d39c1689b5dc8b63f0,smol-magpie-ultra,58498,1536-2048,1714,0.805827
347664f4a2d2e336e8e26bcfbd7db8671bd8652bed1f580dc752b8bed2ccd111,smol-magpie-ultra,58984,1024-1535,1406,0.894982
2d07ffc4ad41b9f9217932a43cce512878e35da675c6c53c292b660a1b4ec4dd,smol-magpie-ultra,60606,512-1023,869,0.853794
34024a187c7843fae17b4e1fd269f05b9b2a3f753dd71b35446b7230462dc734,smol-magpie-ultra,60767,1024-1535,1277,0.888289
6541b03d6be46f0ba27b5dde7539e3422ef393952c37eddee91aafdde03a04b1,smol-magpie-ultra,60890,1536-2048,1966,0.781602
d177f38353519d42e478dce5a4cf956e6958fb8a0f389d6c9e58117d49cd6182,smol-magpie-ultra,61767,1024-1535,1334,0.893641
99106f285f87a4bddf47aab528cda378fd4e4389ea6222b88da04bf47e526757,smol-magpie-ultra,62027,1024-1535,1215,0.84846
8e87c34e91f136bc7441855d142957e28864c545a2e65e3b9dc4599842950595,smol-magpie-ultra,62796,1024-1535,1251,0.849341
ed4b23542be01b261b3b5595664df9a3b7daca5d02eebfdfe78c8dc2e81ecffd,smol-magpie-ultra,63224,512-1023,835,0.890212
8cd9c5fe27a70737a5eda421c4ad15ee471dbeed687125e5a637317182c70248,smol-magpie-ultra,63477,1536-2048,1807,0.778025
b785e8cc74192068f7160f0dcbf548c8f1722d42858ca669b228b4495f6f9802,smol-magpie-ultra,63664,1024-1535,1439,0.850109
06daddfb1d38f2e3116049c0c46d1d36a45073fd50cd5bea16fb4b8651fad192,smol-magpie-ultra,64275,1024-1535,1366,0.888546
77189b5d04582ce7c3acaf1a4e7a994b39bd2422168a53fdabc2bfa09385c70d,smol-magpie-ultra,65172,1536-2048,1631,0.80408
5c84f8567552fbea9f5b72f54ebcb3c08c5b79d9f6eeaa90965f58acd45929b2,smol-magpie-ultra,67205,1024-1535,1373,0.88865
82737105c1f81119202148521ad326eb9138c97a56cc9bb0c82738751b640de7,smol-magpie-ultra,67566,1024-1535,1144,0.891609
44723e4835a5a2dd1bc4cb5e1af0f4e628aa5091b0f3a337f136406200eff95c,smol-magpie-ultra,67729,1024-1535,1083,0.869031
24e2eebb722611b7c0aba1047c0edab8ee216ffbabdad7e5bed3194cf357eb3e,smol-magpie-ultra,69678,1024-1535,1073,0.868851
8b035b50738c0963b94a31f2907ad15beb8b01ef915a902c1e8ddc8788d5f671,smol-magpie-ultra,70719,1024-1535,1198,0.894829
aab3b4418a945e4905a059720326387d56462ebaca6c4cc92225f14613c96aa6,smol-magpie-ultra,72167,1024-1535,1250,0.905109
4a7d8045dee25e6b81e8855f0d3a2f71fae80ad9e755077f73623924b885b0d1,smol-magpie-ultra,72228,1024-1535,1280,0.894526
b78eb368d335006954fd0b5e278fb8d764d7fe05328a2ce30eabfe3c033a6493,smol-magpie-ultra,72664,1536-2048,1879,0.819171
1415711bbbb1421203397e9bc4e3b588741cb89ff6c08825b208b52843b4d40e,smol-magpie-ultra,73658,512-1023,963,0.900567
70516c80e944a5ce1fcca44fff167d5c4f1408476411de2d5632003474eea4df,smol-magpie-ultra,76306,1536-2048,1549,0.782416
6a4705b3db88cd60356fe881dd8d5e18818e2695f5df60db241783100dfd21d7,smol-magpie-ultra,76592,512-1023,884,0.910759
4b3a139bb112bae7e32f86b2d0b3d1676a0167a27fdfca6bf0b3924adbdca8fd,smol-magpie-ultra,77473,1536-2048,1743,0.820865
ecabcb56e44066e6c6a746638ffa796386024ddf3f6bfaf15e2df4616e233626,smol-magpie-ultra,78072,1024-1535,1426,0.877178
c47655bca66906d6df14259a46e6249cbdd37ed50df1b7e0fa9836f7f760f87c,smol-magpie-ultra,78667,1536-2048,1579,0.816891
34733c992d155a9fda0fcbd7566d064b6a6519025e79dab9591b93293fcf3e9f,smol-magpie-ultra,78770,1024-1535,1077,0.891882
611c10a4183be263802c37e3146cd930c04b2620c190c216fd30d31445ae9ba0,smol-magpie-ultra,79446,1024-1535,1349,0.872597
a7997f78f08a55cc06f3b5e1a0383d21c565494a82bb23681891cd213098d8ed,smol-magpie-ultra,80298,1536-2048,1598,0.828834
d9527c559f4535cee83b7545cbd92aceb7563430092f94f85ec63223baa5fcb4,smol-magpie-ultra,80680,1024-1535,1170,0.868918
45e5d2394aa6784bfbfe5fe69453684f6871c2647ba10497f3432ff82df95543,smol-magpie-ultra,80868,1024-1535,1313,0.905896
e2726cc3fb3af9bfe082254ca9f86f82dc28d41de0cfee3f204f511494165db7,smol-magpie-ultra,80917,512-1023,793,0.876604
27d5c248ce2cef9eb7778f5660f4d4e44b8ef301d50221c29ef855c3156d8c82,smol-magpie-ultra,81965,1536-2048,1971,0.820782
e8c2a029f0838a10ac8251262ea728c52e795a91551e056fc1aff8d4c6a5e7a4,smol-magpie-ultra,82439,256-511,334,0.882477
796d1f71912d33ac1817151569f283a2d244604ddce16dc600c4d13e555421a7,smol-magpie-ultra,83708,1024-1535,1267,0.878872
8b7a188e0b147bbac61d8d7fe582563c8c0feb6248fd3dcbc93d3f6ed9bcc84a,smol-magpie-ultra,84354,1024-1535,1270,0.905604
1c437e8ba6e912f07868cdec24e8cd0c908757f5a8c27a828ffa897090557fc1,smol-magpie-ultra,84831,512-1023,995,0.901231
d7202f594dd6b14a059471f6a16baa963524ee1cc9c8e6a44e9b2dc3f7841823,smol-magpie-ultra,84967,1024-1535,1212,0.887363
6b0b0c96cc11d7a2be7d4ef4ba57d4f14b4656a392f264004ba7975175503cd3,smol-magpie-ultra,85623,1536-2048,1984,0.835157
cc388648809293b49752725e3ca29f8c25c4d96257bbf082a0683530e8788199,smol-magpie-ultra,86067,512-1023,1000,0.896913
6715a104fc963eb75fe316492f80d056a076f1aaee38f945c47eedae32b0abc5,smol-magpie-ultra,86241,1024-1535,1104,0.907625
40df7c3ebd7a32293405cc93fb293791e299d77c1db5660480a76e2c1308bdb1,smol-magpie-ultra,86282,1024-1535,1411,0.888146
73f979bc8329401ae145f7cc93f595defac5251e54d84c5629e1fb6c0ffc4a62,smol-magpie-ultra,86838,1536-2048,1771,0.81309
25dc65c3ee681b2b52f1ed897877e998ab54b49a910017033c449b83aa95efd6,smol-magpie-ultra,86856,1536-2048,1791,0.813455
5e7d94ec67f5673c387032ee5aafc384bc5dcb2f65fa10b8c690fdd7b0b42a43,smol-magpie-ultra,87163,1024-1535,1331,0.88381
a583cd9b0c694b97a0345b5afe28ddb533af2dd147c5871c5648f439c4597590,smol-magpie-ultra,87261,1024-1535,1231,0.89515
deec25dca54da470726ea324ff44b0272c227b53991860a9552aaebfe24f22f2,smol-magpie-ultra,87928,1024-1535,1349,0.896469
c6ff55249f6e0cc2a199bde3f36246e89d14331ad9a25a4537b28f5d398a098f,smol-magpie-ultra,87990,512-1023,883,0.859451
959d186ba9a0ce8086cfe5d0b22f021d612af9ac4ff790d5070325ca8f1b9d1d,smol-magpie-ultra,89161,1536-2048,1705,0.807015
b1ea6063d13b24af17356109377ff39285ba8d6b1d03d214136c384bc2721dc0,smol-magpie-ultra,90748,1536-2048,1558,0.780619
b9b61de7362da9d9669664d992e05bef88360e59ebf0999e976c0feba0b061c2,smol-magpie-ultra,92027,1024-1535,1348,0.907677
6c0a76f95488a578bdecce1d49d9412c9102aca6bfd0e293121159488c428f5c,smol-magpie-ultra,92718,1024-1535,1340,0.892278
eee90b3c7ae2206e22b34b6689ffdcc99cd355ecc1e178191d4c32c64946010f,smol-magpie-ultra,93245,1024-1535,1112,0.854861
1fb974d4b938e2c079dbc6cff58458ec6b676ba1da22ef9d8372b586d439722c,smol-magpie-ultra,93320,1024-1535,1232,0.854053
7df7e43b7421105b7189364ca3135cd5d7550a27722261a62e7f1378b2dc5385,smol-magpie-ultra,93422,256-511,507,0.875022
a23df7e73bb0e8c2f980ca7a117ee6fd4481885b3c65467037814ac0233822c8,smol-magpie-ultra,93775,1024-1535,1491,0.905204
848050c0651b0d20df9a90611fa6ee29c7abf3aeab128a25b45f42b440df32a7,smol-magpie-ultra,94424,1024-1535,1481,0.870688
4774da5577296bea4cbabbbca9e845e7896226630dd6a30b208b33b191fd9936,smol-magpie-ultra,94904,1536-2048,1626,0.786728
cb79a79dfbfd24b9bd7c79d3f51f81a2f41a156a45a9399757a0b6333b3d36b9,smol-magpie-ultra,96237,512-1023,681,0.884024
e9c8879ae4ebbd71f1782e07847163572bc5c093d7e427f710b97c518984bb2f,smol-magpie-ultra,97480,512-1023,1018,0.865011
945d6740bd38e921f4a15b0aa7471b44ca4173cccbc60788450a823041edaeb8,smol-magpie-ultra,97574,1536-2048,1657,0.782009
5e45a819d6570db0a743846940f6bd44faa2aa6c2a983b5b4cefd4be7d5aa428,smol-magpie-ultra,98549,1536-2048,1705,0.84646
6345d10e399bbe0b41d981901c10636a6182eaa3a42a38ae834079e7c11f70d2,smol-magpie-ultra,99151,1024-1535,1518,0.883755
eeeaca49df5a4cf7cbf0426b4fe1d40dfb432bc603dd01152a812b21e73ac291,smol-magpie-ultra,99364,1536-2048,1744,0.824418
eedd50e343a4a378e21c78845ab62132769be04817f8ae185698227b323efdb9,smol-magpie-ultra,100565,1536-2048,1544,0.797987
a4cee4e30bb5330aafd872a85cd39c6b32fd7caafbde9cecdd3038aba82c6200,smol-magpie-ultra,101624,1536-2048,1809,0.838988
7b45ed6bcc46ac7de121b1e0f6a472d9ba6eebc1ab2bdee5342d21215b63d7d6,smol-magpie-ultra,102033,1024-1535,1171,0.897635
bc4a682b5c6bfd8c93a7456b6b5653d525ecbc01dd857079649c6bf2111147f0,smol-magpie-ultra,102849,512-1023,1010,0.848488
c05578346ddfa82592c6959db22a9b233a31ea51eda3a43feec4029498715d52,smol-magpie-ultra,103079,1024-1535,1473,0.877807
6e0f5f51187313c594e3ad9272de385801068530c64281d27cd296cb6b9f5a18,smol-magpie-ultra,103863,1024-1535,1078,0.870181
6d26aa181372a0aedf8df4fae65e71960b35fc070f125f7933036120ffab6f51,smol-magpie-ultra,104697,1536-2048,1884,0.82229
e4d2cf1a756448fb33efa04f264b5a4cfc6eba75e59ff269ee9e46657fc14817,smol-magpie-ultra,104778,512-1023,869,0.868459
b894b2b0e7090436e7bcc7fa5a04e7d308c4841c3292e0f01beff590ae657b74,smol-magpie-ultra,105687,512-1023,1005,0.897219
21f6b979719d8a59bd373a3c8ba041a04b4f87a23e8f2a3426044e9711336044,smol-magpie-ultra,105778,1536-2048,1545,0.776043
ecb27a3653183d62f1e7974a74f1eecfccdb45f45f756db8595d0b48722fd0ab,smol-magpie-ultra,106410,512-1023,850,0.900113
0c8adc88adedbc987cb331fbc3a2c4d7ca1ce03db9162ef5c34e254c875bb628,smol-magpie-ultra,106769,1024-1535,1154,0.888445
97364e87d9688e8436989f0fcd4f805eda633cb66322c99455efa6f9f7bed565,smol-magpie-ultra,107937,1536-2048,1840,0.810794
c62e017016f72407f9b16fbabc0f4408e16956b82c74249f75414a9945e0f768,smol-magpie-ultra,108323,1024-1535,1126,0.896472
a2bf679af3d863499d58ffd9db9b52f6feb9632e2823258f72141adb3a31458f,smol-magpie-ultra,108368,1024-1535,1385,0.863136
cba198989521c6f3865c2c837ee5542a81c2d0c835a093c8ca6cca9c1005bfb6,smol-magpie-ultra,110722,1024-1535,1129,0.882005
5284bd2f52481f189760b248b034a7ab196d45765c2167f8dbc4a5d92d1d2657,smol-magpie-ultra,110933,1536-2048,1663,0.831982
e39dbc2ad1b337f6e305a0b229b591d949ab52248b1c053653aef0b1143e94f6,smol-magpie-ultra,111144,1536-2048,1875,0.791285
813d302bf395dea92f1331dd40064225dcd6b2442d2a9c1c9ed3b827e1052240,smol-magpie-ultra,111339,1536-2048,1589,0.821209
a3a968df325e82a16a7d9d206914e2a394ff3901295ed500039da1015fad3b77,smol-magpie-ultra,111756,1024-1535,1375,0.859433
db12108eb14b29fecb788742ccb26dfa2ffa08fc2056520a70a9bef655abe425,smol-magpie-ultra,111799,1536-2048,1994,0.821259
111199c5825942d5bd075ccf4797d71bab5ec2ff4684a984d7c1dddd0915623f,smol-magpie-ultra,114199,1536-2048,1651,0.804531
9921e551c9ef223b54b3a42b95d90d4868d59404cae567ab1d59ae58cf2291e5,smol-magpie-ultra,114217,1536-2048,1683,0.837577
f0a6d97bd538116f4df47454e623fabe4dd0d6f201668ee93876907541d17de9,smol-magpie-ultra,115164,512-1023,941,0.898623
80745d539ca1660403e7536c21c8bf985efcc083689abe6ff0ed23c35fed388c,smol-magpie-ultra,115276,512-1023,900,0.903862
4e7f141889452c73b94444476a028a123a302be5f5666a2508c8dd49c17caeef,smol-magpie-ultra,115538,1024-1535,1114,0.882708
ab68e0669d145304aefded349ece3fc48592b08796e2e71eca2ec3ec40b1d4fe,smol-magpie-ultra,117112,1536-2048,2008,0.814631
2e79337cf2907b831ec71c0e1b0db941f2701b6a84178c45092493c0fd3a5be7,smol-magpie-ultra,119334,1024-1535,1409,0.902987
3fb067890dee5032952332a8b9176b28a981ed649124e4d8d25f8bd4dfecff82,smol-magpie-ultra,119353,1536-2048,1587,0.809546
f68711af0c45e59993e843b7cbc860f4487163acfa05e9af366d7afa0ce161db,smol-magpie-ultra,120700,512-1023,902,0.871478
4fec2c7244b286941a82c7ae506035b1b08183747b11cfa4295d4af633064423,smol-magpie-ultra,121278,1536-2048,1741,0.798049
6cb199090497b87eeef93a90d913eb9cd09683928106fc0ffb48cb27ffea84a8,smol-magpie-ultra,121319,1536-2048,1875,0.817403
ba6df5f79160a4f607ef64d4e72d6ccde494ee0fb43e08dff15c02cc7efac787,smol-magpie-ultra,122457,1536-2048,1618,0.831323
e088f0de709d6896ed7f43c52235903b38c415adccd6739ff37d7fdd462ae5e2,smol-magpie-ultra,125252,1024-1535,1253,0.899294
2c04a3751c50d521897a05c8e90e398d08d9dde32aea2def07cab5e7ae3f6f1c,smol-magpie-ultra,125396,512-1023,993,0.846911
6ade395abc53b722c80008fc2ca26b7bb821b0f907c4be30a03cc6b44e666892,smol-magpie-ultra,125455,1536-2048,1836,0.765423
c5fd23d40f24d2ac47449dd09f22768e3050b787966a9a0327c23c160dcf971a,smol-magpie-ultra,125511,1024-1535,1218,0.884845
821e73b5baf1d69617a1d4f529e3919b91b9896ee92afd953a854a2739fbccf3,smol-magpie-ultra,127429,1024-1535,1133,0.868203
d7c0cbb43fb9d9b2f66bdd520770ed7db49ad4131dfc9f10c2b0b839962f2370,smol-magpie-ultra,127436,512-1023,1011,0.895578
0d74c3b34cfcbc9c5ba28e0123b1e0f914aa90472e996c7439834331522b6a50,smol-magpie-ultra,128642,512-1023,769,0.874826
d5b63bf6c890a3160e9f8eaacbf0240bcd86628736fc94c22cd5310532773c14,smol-magpie-ultra,129024,1536-2048,1889,0.812804
31262f7a74c2efa7519f382097fc4f6e54925fe576c5cbd476d1a5e4fa4d211e,smol-magpie-ultra,129157,1536-2048,1707,0.827172
7f0b74c0481082e83261a2abbb41b3fd0be170740e06bbfb44ac535062bb8e05,smol-magpie-ultra,129353,1536-2048,1634,0.787275
5413f494130e1cb8f9c25111b792fb37dcd2393c9aea68dee0fedb42c1b19ebb,smol-magpie-ultra,129839,512-1023,973,0.909186
c5d84a4d9f327ebfe9f74b5e8ed3514d6afde34abea74dd2ad2fc2b53316e9dc,smol-magpie-ultra,132269,1024-1535,1409,0.858253
e2625cfe915193be22267826e42ea01834463ad4f23a06f77e95f2398f5cb59b,smol-magpie-ultra,132349,256-511,322,0.861755
c0d89c7635a62234fa3f6e39df714d6f7a0c4e988f03f5c864867b88fa82855b,smol-magpie-ultra,132617,1536-2048,1707,0.819644
e22b250d36939e1479b89ebfc2e9e06a75b1ae73eefb433a0125b940abcea2e0,smol-magpie-ultra,133234,1536-2048,1891,0.826704
c256539718054029f43df1da7681e89f6f1f11a7be6476379bdc28cb45b5b0eb,smol-magpie-ultra,134852,512-1023,994,0.878227
91eb7514f00f7773c4f82b1a696838262d8bfabfbd70cb9a776b629eca2ffcd3,smol-magpie-ultra,135338,1536-2048,1781,0.823436
e085a6e56f652f4283501898f374f71b269204b73650640b56903bc271ad4c1b,smol-magpie-ultra,136067,1536-2048,1881,0.833652
236f1694603f988448cf16b046308e69bba6f7b7bbadf0ca3558e73961462e3e,smol-magpie-ultra,136422,1024-1535,1031,0.882113
338967767c52bb826669846546820f5bbb1939fc7e48f5366f2671b57a62e432,smol-magpie-ultra,136687,1536-2048,1802,0.822535
38516a72b15bd807de2a6a21a0fa95ed3ef73476d31dc7e4de85f4003e5d4de8,smol-magpie-ultra,136923,1024-1535,1214,0.910011
ba7fbe52797d98ddef4fb9ab6a37f49ee5f68f151e841ce6443adf9b40bca46c,smol-magpie-ultra,136999,1536-2048,1592,0.810651
cc8936b58a67f706209ec642aac65d2eda5c003e6362c0f56818d6058fe7f2bb,smol-magpie-ultra,137181,1536-2048,1640,0.8313
6f61c73594ba1c26665e6cd70db233e77b2c0303f1fb488b47015d1973bbf928,smol-magpie-ultra,137593,1024-1535,1236,0.834781
7554505ec842810b749000eeb5516ac76e87c76d49ba0b7d342cd9795f08a3c3,smol-magpie-ultra,137765,1024-1535,1524,0.89011
8d2e619f988f91e455fc53b5b3b405546e0d9499a2b9e03a478066a7b262d182,smol-magpie-ultra,137851,1536-2048,1778,0.83884
71ee90687b430c2d8c5b4b510de68ebbfe888f43626afd91d386841bd8c47018,smol-magpie-ultra,138816,1024-1535,1216,0.889551
9a4a6ca8f8d96a7c7acf55829377b9111863e533644bc39d290910b3b45a7eba,smol-magpie-ultra,139246,1536-2048,1812,0.782445
b30cb0973d23d1fa48c44e7ff911b6870a01d13da3362eec3108590dcf6616ef,smol-magpie-ultra,139895,1024-1535,1378,0.87577
343bb939390485a3ed3ff1472e12dd65629576998e6512c77f7d357c3bf3e106,smol-magpie-ultra,143122,1536-2048,1538,0.827648
9703ed3ddd36185d2691b8b1ca73bdbbd7738840441d09248beadc4fe34b1e4e,smol-magpie-ultra,143608,1024-1535,1336,0.891659
d6388ce301c3fd792fa2f4ac45d815c8ab49d6ba5310e0f207b16e0d23004997,smol-magpie-ultra,143661,1536-2048,1624,0.814324
9f036787dc5933cf462038c83aa155c807f0150dd776e2c88a9da3b8ddd9ba1b,smol-magpie-ultra,146084,1024-1535,1114,0.874153
9bf278fae8370dfe0132fa29db2ab1ad1cf14083b6360631b7605fb29e5d4d04,smol-magpie-ultra,146132,1024-1535,1394,0.848662
1873f5238e62d369167e61dd4597bc1cc80dbf9f4e72e513fc6a35e6f99d01f3,smol-magpie-ultra,146145,1024-1535,1302,0.894057
79a79673b9acc6a7410edd37f191d74bf249a39a0ba04739091828adcaaf3086,smol-magpie-ultra,146744,1536-2048,1565,0.818575
71f51472864b86a947e3b098474736af8103e5c24da956ee0ca9aec3e42151dc,smol-magpie-ultra,146771,1024-1535,1421,0.880937
5b85c2fa3fd62794e561d9bd835fdbefdf21ab493af2f626bd12effbb604a248,smol-magpie-ultra,146859,256-511,257,0.951302
3250b571de8379b611af8920b9c8d18ab350583e490404b3fdfdf374434b44e0,smol-magpie-ultra,147080,1024-1535,1155,0.87429
e8101f9a1d1fb9921e9629e9badea5f4d53638cf3a9ca0b26cc7a885e8e4069c,smol-magpie-ultra,147855,1024-1535,1435,0.887288
6f24ab50b35eca8944264de4e552958dc89aa31acb3389ece62eb7f7c6d5fd8f,smol-magpie-ultra,148345,512-1023,786,0.853369
a8293d20bb9ac6616a33ce43bb6067870048d0b3985c0ccd76911914d73e0b88,smol-magpie-ultra,149101,1536-2048,1615,0.800003
5a91bde2e775f01aeed510c74ec8cc2f21f39c89d3e0b1ea9ca47205ca8441fb,smol-magpie-ultra,150258,1024-1535,1281,0.853157
f0214cec01592ea19e10884b18651d566f969f2f06c416d5ac3ef29a5608de91,smol-magpie-ultra,150642,1024-1535,1188,0.90127
54005803f5303166ed4141a3d8a69229c8556f4d9ee314a2d21d1ed99d688d63,smol-magpie-ultra,150678,512-1023,965,0.838079
c5a1cb4f01648f48a7082236cfcc9671f16e295f362c350acdd1e4d948ce72bf,smol-magpie-ultra,151925,512-1023,886,0.909191
7ec63005a1aa713d92c962d78d4adb987030f38561eab33215da9b1bdf3ca4bb,smol-magpie-ultra,152103,1024-1535,1459,0.839302
63ee8abe5980a09abde609bad2653b71ada6181f16f358263ad10896341f172e,smol-magpie-ultra,152138,1536-2048,1741,0.789072
08fbc0ca0f5d5f531feb1207aeca6671b45a5f4d3487ded1bb232bcfd2afd294,smol-magpie-ultra,152181,1024-1535,1338,0.858286
7c5f7edb0695bb235c0280172e7c8cc22d41f308c6c40806797af0d7b15e1b1d,smol-magpie-ultra,153059,1024-1535,1325,0.888314
54ee6da41616076da94ffeb38bddb9df024f284492704a9bb0f79f53a2f0645b,smol-magpie-ultra,153801,1536-2048,1806,0.829919
9cc7fc5ba645ba628afe85994c26b9bdbb9145227454a4c08aabbe0cc247597e,smol-magpie-ultra,153817,1536-2048,1689,0.846237
49aa07834058090c3029aee5c1c8bb4a07fbad360d41a916ec867a2b892aaab1,smol-magpie-ultra,154025,1536-2048,1610,0.796534
5d38410f9029b3f2deafa5867ad67bc40a781f6963ae4e4cf857a382b8399cdb,smol-magpie-ultra,154376,1024-1535,1510,0.872619
84ff0298759f83ffbd76650b3f63868a7112fb637584e22986d231a2931b2732,smol-magpie-ultra,154858,1536-2048,1558,0.826054
cd7cd945d486601cd7b1687a6ba290bd4d2529df5aa24a49b115c0b7cb6cccd4,smol-magpie-ultra,155757,1024-1535,1213,0.892067
4b8ac52bf8850139589d078ece8e1add263e7818684fa1c5a92f221da8831e70,smol-magpie-ultra,156166,1024-1535,1230,0.869863
3f0d42586f784aa214b61d79034d7e7fa205119a07e4a867093562c873802480,smol-magpie-ultra,157142,1024-1535,1091,0.902781
4eb94757217786ec24702755ddb6c36a368344273ac66ecb162dd847754f6bb5,smol-magpie-ultra,157362,1024-1535,1063,0.897483
97ecbed38061b1c2c97a7804b616ee64dc2668e700aee2dc3ba1bedac959248e,smol-magpie-ultra,158483,1024-1535,1421,0.869223
edf0d9cf05871371a699b65abd63e18c9eb1b6d279ecabb6e2b6a61aa268d9f3,smol-magpie-ultra,158724,1024-1535,1297,0.892003
be08bf67ae1ad9ceeaae1c10f5465195d9d99a877407e8f0bd557a8dd0d9f8c1,smol-magpie-ultra,159248,1024-1535,1027,0.855974
96879ca444e026ea1f5723fa5d1fa2a870c9b98263924e245e5b248107162a95,smol-magpie-ultra,159526,1024-1535,1367,0.902907
4b38ae6eaa26151152151517449fb1f7566bdaca36eaf98d7065fc796e81d1f2,smol-magpie-ultra,160205,1536-2048,1737,0.828882
5d6446dad0d3f26c9115b1fbd01e0f791df399679cba46f8eb3541ea9c63df4b,smol-magpie-ultra,161922,1536-2048,1561,0.824383
e980052e7f96d44edafd6b4d79fb3c039dccac8af4f0f9da294c75af7bc57afe,smol-magpie-ultra,162178,1024-1535,1491,0.855075
db97c87d258097cdb6791f51f12a6e9e45c718de27acca7a9cc413e033d1b51b,smol-magpie-ultra,162252,1024-1535,1087,0.852477
74304e838ef516f67c0336687d90d6e0effc7e2339989173a88f08c3d8bb77e6,smol-magpie-ultra,162389,1024-1535,1486,0.885945
45ce7c865c711269c5c889cfae7e6701a6baa585fc58977eaab086de211fd754,smol-magpie-ultra,162838,1024-1535,1464,0.870579
a1a740ebee6cc79f20968fa8d60e55d9e6b6d15b81f7215eb93a3633b83d283a,smol-magpie-ultra,164497,1024-1535,1470,0.891349
e4f1ede1dbda956d3b46ec38fcd24e22a1fdbbe2bfe974a97c1852eecd497f00,smol-magpie-ultra,164667,512-1023,1003,0.896844
d01892b7579532bf1d51c470e3500e713a28c17c1c40c17728a16af2d871ca17,smol-magpie-ultra,164721,512-1023,834,0.904806
4343542301b1188ea35f276e54465e022df186632355f66ec8e0da9a40372d3c,smol-magpie-ultra,164810,512-1023,897,0.866906
de3caa705bdb751d8e308d603e8c58ea446c8f35d911ef1b3648b75243346965,smol-magpie-ultra,164983,512-1023,644,0.912697
83127d5699f9868497e22155b466bff3132b69d7a5a9dc428376a5e00aa9494a,smol-magpie-ultra,165284,1536-2048,1558,0.779465
d64c448b1fa21efc02d0651bf6d997bace94d5a2e48748c2c3c400e983759f46,smol-magpie-ultra,166883,1024-1535,1404,0.881738
98db9e9c3e29b953e029247f5535bc70ff09dc5d15fc6bd7b9da8ce4cb8d6a27,smol-magpie-ultra,167553,1536-2048,1567,0.786897
d3ebbcbc8c154ac4e6ad1aa838c74752e2b8fdf886b2b877bd5836714d9f28f2,smol-magpie-ultra,167740,1536-2048,1645,0.833654
8bf86ef0a1e15f41f67b7625e3ecf50ded7f7628c1169da9e70f3d93ce6d3c49,smol-magpie-ultra,170698,1024-1535,1483,0.884374
65fb6163d928881f891f5030d6ce7a1c3b7cf7e851eff0b4982fe0b0316e1097,smol-magpie-ultra,172128,1024-1535,1388,0.892715
66e4aaee312a6d45ebcf74c3686ae4d53661c9276012e1535370f219974afe72,smol-magpie-ultra,173130,1024-1535,1299,0.891914
ceaff57c5c0fd7037ddf3065b5cdceab7968df83fd74a6b45cc79a30da6f590f,smol-magpie-ultra,173621,1024-1535,1070,0.844762
eaff996a361a73a60bdabf5be08508f97cbc34e464ab02c748eefd35f50b8030,smol-magpie-ultra,174808,1024-1535,1481,0.898998
8292dd21db6e9374cffb24335a1bbb6e45179ca6081c33819101ff2bbaa8e05c,smol-magpie-ultra,175431,1024-1535,1209,0.891357
1560fd1699361934ee763beab051603f5f156b96212f6605513a0fb4484aebc1,smol-magpie-ultra,176374,1536-2048,1552,0.808122
a549517afabd4e8100ddd868f18f8aa755c514a256865cc58edb355c50d967e0,smol-magpie-ultra,176521,1024-1535,1473,0.884434
9da9a304a5abb85c6fbcce6cf87e97f9329fa59c56d539399705e982421b5cc7,smol-magpie-ultra,177000,1536-2048,1847,0.818419
cf6e083e52e2d7e93196855240789333f6052e3d7193941489c3e1ba9aef1846,smol-magpie-ultra,178238,1024-1535,1308,0.905351
77872499aebaea45f70f8145919639f47b9a0d46d98e4c8d23dc55833829b50e,smol-magpie-ultra,178840,512-1023,1009,0.905652
a9e6cd5c1e6006f8b2898f79b0c77ff66091ecbb74d28b736744f30222fc5029,smol-magpie-ultra,180019,1536-2048,1678,0.817734
147348398619e75f7ff14f1d1b092b443ad219806d6976e6bb08a3bebf776e95,smol-magpie-ultra,180647,1536-2048,1615,0.839649
5abb62b40a95087d65760961c472ae1b47057b5aef0e2eec19b923b034ab26a4,smol-magpie-ultra,180793,1536-2048,1918,0.808343
c9a5ee185a7dd28be63b844932e90dffef9b6a10de83ce18d4ad16def3dad906,smol-magpie-ultra,180860,1536-2048,1711,0.830994
255685339f2ebed81972d0ee66ee4e1c06b1d2e15e6dd713a675c7436d9b682a,smol-magpie-ultra,181544,1536-2048,1536,0.88922
b6871f29b1fff83f61159dab0c2b7d9220268d707b8ad729ddf67a2960ce8e9a,smol-magpie-ultra,182209,1024-1535,1439,0.894263
27eb4f9bd6b6a39e18668643e7add6ff0136a278185800aed2872e8727bcba47,smol-magpie-ultra,182599,1024-1535,1169,0.870114
d60daaa990d3a240e63c649ca6e34370e52c0e17ab2788cbbd6c2a3860f2bb1e,smol-magpie-ultra,182781,1024-1535,1272,0.871866
ee4ea38864961d2634ea31e7b7b51770baaec4eab784ce72d5bc250e11e07f7c,smol-magpie-ultra,183646,1024-1535,1065,0.848622
cd01df26d0c406f395f2309257ee6d269eac4eae090137ab3644d9f13a5437c0,smol-magpie-ultra,183717,1024-1535,1358,0.894091
12582aece0b8d81821fce20c4abad0d76c32386fc553ef39988fb3dba49ca758,smol-magpie-ultra,184125,1024-1535,1513,0.886869
74e41b4f0b28ed7def9c790feeed365c9c70e39f350668f918067434551e1859,smol-magpie-ultra,184409,512-1023,689,0.927569
2fa33e12ae7c1cbe3b3b558db04c75695da8e43f89642490745c33b04f8d47ac,smol-magpie-ultra,185345,1536-2048,1543,0.831363
b38feb8908b4d33907e3781b3bafca49350a6a8208848c0438edca398a5d7afb,smol-magpie-ultra,185555,1024-1535,1314,0.877273
4b6f3a2760acd6507be466f7dc68be29d392b7e34c7354cdb42de9b7445f6d30,smol-magpie-ultra,186484,512-1023,543,0.918914
3dee7019315ee29036e55e3bf0bf7f2332c67bff158109e1305415cd0cef55e7,smol-magpie-ultra,187227,1536-2048,1574,0.794894
52e1f056dbfb4321e5887c3550c5980bbc8cfa2405c1f5bb312ef13f348d7524,smol-magpie-ultra,187517,1536-2048,1590,0.83156
fcf578fe9205e5b42fcd33284f0813c297f70455fbb147be5b668c52a4b977ba,smol-magpie-ultra,188377,1024-1535,1187,0.888803
c1a2da1b9d9d5c1193040940acb5ab6737b239b631657a92f74267d7c510fba6,smol-magpie-ultra,189590,1024-1535,1385,0.884008
73bc01e6c57b05f10de334d5af7ae9f4ea6a382fc85a8173da6611622bc3db96,smol-magpie-ultra,190032,1024-1535,1440,0.898868
d7b9548d191a613e576d292c11362772446fdcf12cb3eccff148b3108f79fdeb,smol-magpie-ultra,190187,1024-1535,1039,0.904239
88d52cfcb510f5b35bc69186a7ae50356042fa85505e319b94659a88eaa524cf,smol-magpie-ultra,190509,512-1023,768,0.894427
b0b4da7271ebbbdd3f9f198e3dad8bf1adc04022a16e650efb8c4ad5c658c797,smol-magpie-ultra,190649,1024-1535,1411,0.896648
6d58b4c2fd588e17b5025ab2bbdfab79b2e78ad2744d4b784efad1f68571a0ce,smol-magpie-ultra,193604,512-1023,656,0.915492
86635d7c3322d700148a28015b3121a1605e9b18b09772e0e50695cb246c6e0a,smol-magpie-ultra,193653,1536-2048,1717,0.820249
9e63b5f2df026cce52ded5103452a10058631216a5536dfa24add091a72c0591,smol-magpie-ultra,194597,1024-1535,1190,0.860079
b29fc7e97fa7759495ce3d7d00e9ac5673b9cdae3a572950f005df7f294a2add,smol-magpie-ultra,195648,1024-1535,1445,0.885251
6adf89a3798a7331e0e34c24d756deef9e9861aea7d7be13722d1481ddca353d,smol-magpie-ultra,196036,512-1023,569,0.919418
adbb18242ba7de73f4423ec062c45aeb593e80a1963484edbd82867fa4aef700,smol-magpie-ultra,197744,1024-1535,1393,0.886714
5613a3a39ec778d103f392efc1f1c7ac06554b7989a00a4382b0750dbd4db960,smol-magpie-ultra,198402,1024-1535,1422,0.884973
88145c4d07f38ee1db8254d63d93f08a341393951341adcd616fed00a19c5304,smol-magpie-ultra,201198,1024-1535,1354,0.851111
0c11bb9a7c2c3acee1feceac03d95ca8ff28a9e5b9a9ac038ab2324aa74283f8,smol-magpie-ultra,202896,512-1023,960,0.909482
3eb6b37d6b33db1ced5413707de9ddf78950ece5ca2fe49dc46365b57ac02a2e,smol-magpie-ultra,203037,1536-2048,1976,0.810488
3bf47f0f35a08c6eb413f6f5937491eef9702cd434008de60e6d54e680e5d711,smol-magpie-ultra,204951,1536-2048,1804,0.792343
149adcec75b3fd24e421e9f203e11b0b0acfa590f0daf720b746045cbaf9a82f,smol-magpie-ultra,205062,1024-1535,1215,0.891727
54a85f3d46ff7eafab32e0b3b49c194b9c1d754bdad9a901ef0e01bc8b28d509,smol-magpie-ultra,205693,1536-2048,1582,0.810731
065dc01d6af9831233835b3c37903ceaa45675e02b99ab8b86676031dfb23141,smol-magpie-ultra,207164,1536-2048,1990,0.821854
988e808e9b47d6575801f0422cf1ea427cf036fa1520f3998f91541b47a0e6f5,smol-magpie-ultra,207878,1536-2048,1999,0.78981
4ed824af14ddbd0e18a285a5e07c7fc5bafcb53d93a90a4b6805dbc39ab9c097,smol-magpie-ultra,208055,512-1023,986,0.914302
196ea0218479447c1939f257fd6c72e60a91e251d7e0a3baf028ee7522a581ec,smol-magpie-ultra,208266,1024-1535,1461,0.883165
ea6b62419cfd09b0e55f18ebffab6ee3e6e6956cef80c66262cfde8638ffa1c9,smol-magpie-ultra,208304,1024-1535,1447,0.871036
9dadc3a18f44a53854db3745b3e7d9168b16a200324e2608c8b0e88ab8c925e5,smol-magpie-ultra,208368,1536-2048,1567,0.832514
cc087a44c6a1da68abcfdf4653630fe0f9517a83d8da5dd37466d16cfb36b633,smol-magpie-ultra,208492,1536-2048,1569,0.846828
f029568d2eb39d72d09b81c0b0d9ec378e3f9cc5a32ba56e8d67724c1de6448f,smol-magpie-ultra,209358,1536-2048,1966,0.790601
00696d23b02d3f9d20aad751baf04ce7bd2c957ca08485cdeeaa1b2c12b6a3ca,smol-magpie-ultra,210837,1024-1535,1256,0.862799
677c1f0035cd0d91a2d7ab19ef87783de6a3b425a089aad975b0133c69f9437e,smol-magpie-ultra,211505,1024-1535,1327,0.861623
838a80a43ed7e6dbef0af20e53b04f12212c254a67d4f70414097839f79af92a,smol-magpie-ultra,212574,512-1023,639,0.855813
eb738d06c1135bc5066a61e9b2c59973e205c07bfe7ad94159b3e2b12183cb32,smol-magpie-ultra,212907,1536-2048,1952,0.795152
ee081ff278daf0d959d8bc1f3a660d3da45872377a987df66456149eb9c7d7f4,smol-magpie-ultra,213669,1024-1535,1197,0.877015
ac72e7d7c6c69d356dfb7915aa12c73b53dd6a072bb346981303673d761c4953,smol-magpie-ultra,214220,512-1023,811,0.904156
ee86ed2ad917facd620e5c046e408cb8e1ba4dabe9a2e6ec469050f18373707b,smol-magpie-ultra,218620,512-1023,901,0.864817
3ebaef91a2317254c87cc8d7cefc9b6620813d2aa6fe5329afe1aea4e0b8051d,smol-magpie-ultra,220514,512-1023,946,0.884612
068eb2daa37b3b13703be31dbd19fff3be46339ec8315e8bc2f8af7a04579c62,smol-magpie-ultra,221181,1024-1535,1215,0.89474
04140238117e9f262655f428e4a08ff1e648dfc2094c59d57280d7d93e7f3b77,smol-magpie-ultra,222130,1536-2048,1791,0.808409
255b0838f715d9a04c4e42a936c3e7b70c53a240fdfba70e5e23d6720d5ea5b5,smol-magpie-ultra,222454,1024-1535,1510,0.868404
0cd1fef90f29cce7967c653e9fb649af67238406e8fff39e128d30466292ecd6,smol-magpie-ultra,223101,512-1023,637,0.840449
008c0090572e64326752d0d4574b74284a2ab0f289695753f765ac39860a6fa0,smol-magpie-ultra,223842,1024-1535,1447,0.885646
71286384d1f847d1505598f87bc66c2f1c525b118f27eec27c2a10270858777d,smol-magpie-ultra,224282,1024-1535,1041,0.897327
7bca305a5cad6a11fbf407c54942bfe1388d7a5c061e3d6a0323b52e56f97139,smol-magpie-ultra,224398,1536-2048,1780,0.806891
51c2a42c1a839811d4afe82dccc65d9ec7519350798f2f636bebb307b5d60fd9,smol-magpie-ultra,224481,1024-1535,1369,0.875136
974b89a780bf9d20827a4ba2cd856fcfb517d44569d523a28ab7f10f20a304ed,smol-magpie-ultra,226783,1024-1535,1203,0.868151
1b7654df513cdcacd5a89b977b28868bc5fe7d7d7a747bb527ed1707246ba96c,smol-magpie-ultra,228943,1536-2048,1548,0.826128
a38c614b4d48151a69835fbc3f102f2e5c8719fec8846e707238b97db20728a9,smol-magpie-ultra,229559,1024-1535,1051,0.895582
548aef739c482a194f6c4234561021328876104daec8f4b027b421765098e491,smol-magpie-ultra,229911,1024-1535,1282,0.867502
c953058866a34eaa178687ee89d4c85d966867feec76cb51994bfcaf029467cb,smol-magpie-ultra,229971,1536-2048,1631,0.829067
1447862c6c8c488e16d23e645c5f28038063b12a174f834798327e35a551d3da,smol-magpie-ultra,230668,1024-1535,1397,0.891182
bc4a3388590f73ff5a9f18024fe192de8f414833e2b7c3107a0b5613975ae7eb,smol-magpie-ultra,231104,1024-1535,1150,0.887818
d01e1630b092bd05415f1a4dd550e6c14f38c43260fcc4652faa365e0f80f85e,smol-magpie-ultra,232004,1024-1535,1484,0.881961
256a736db4e0957b850e5c765ae9678d1b24e6543b03b0665b0ba4a5b7d218e7,smol-magpie-ultra,233168,1024-1535,1290,0.894211
dc06523bca84da6f7b6f6fcadb347ecd21443093b393f723f44af95e2a0754c4,smol-magpie-ultra,235598,1024-1535,1232,0.891285
3151a65109c881d5e41709d72f0ae6b0cada5e0b74fde69adf52252cf1841fa0,smol-magpie-ultra,236067,1024-1535,1465,0.879091
5d7baa50f910c5037248d540d84d0b3451088bf680382172367ae444947c63f3,smol-magpie-ultra,236485,1024-1535,1419,0.874873
4951df5b62178dfd7da82febf01b742e522f9a92cc539389934c91d2fec08721,smol-magpie-ultra,237207,1024-1535,1340,0.835857
e45964840eb4a603a63b584f15b90040e4cd9b85d4a9c93b225385a9a6410678,smol-magpie-ultra,237758,512-1023,726,0.873395
4e4721de624b190b6b673860548bc622f2168bd3815269d37f1a66f2d70ea9d3,smol-magpie-ultra,238376,1024-1535,1492,0.889821
b02a328db2dd071269edafd8c7056f4acf57429f7f679d668c6298800d4254cd,smol-magpie-ultra,238389,1024-1535,1457,0.895362
88b1fc7429e019452f6478f66e5c83d707e9156aab3eeac9aa7c19b7d0eba5f9,smol-magpie-ultra,238537,1024-1535,1094,0.842341
887c18fff0fbf0e370dfde349530adda19f77dffe0351a1c2473d5886255ccf5,smol-magpie-ultra,238687,1024-1535,1185,0.892828
e6fe6538934c3408afabe646c74b2d02476c897e7824773fe8fef269ca461011,smol-magpie-ultra,239848,1024-1535,1413,0.895064
327416775f187487b15fc1df2c2e8dd2a49e3dae92c133598d53563248eca63b,smol-magpie-ultra,240183,1024-1535,1526,0.882799
096d708a4063c5fcaed737f4874e47b0b0bf46b1d4dd722e8bfdd919028c2347,smol-magpie-ultra,240674,1024-1535,1144,0.909402
0b3ba0cc22c9481a5131f8975f9c9f644a5dd757f1a814662a071b479a789316,smol-magpie-ultra,241073,1024-1535,1128,0.887243
ac866822de54a64014ad9058f70f5b9c685cdf690ec1b2d33f868a48546bb4c2,smol-magpie-ultra,241751,1024-1535,1389,0.844338
7f50f826002e4cc9570e895aa96fa9d9b5a37723221e5848194bed9150915f61,smol-magpie-ultra,242184,1024-1535,1391,0.817257
640098f18bddac3098ba30e91d237e74392d97a5337863e753e2300821abd2a9,smol-magpie-ultra,242464,1536-2048,1652,0.798027
bc0692df384d4f6ea14e6f6b21e6b0068d20e6305c4e8a935725e29acda63067,smol-magpie-ultra,243004,1536-2048,1845,0.803634
92cea028f63d59d5b69993feda11bbeadf312a37f5ceb00b0b5fe286db6784f2,smol-magpie-ultra,243936,512-1023,1005,0.89966
00991801a1d2753e5b3e897774416961c49cc1a36a8e104d904ed483846d496a,smol-magpie-ultra,244972,512-1023,963,0.870604
d889dfbaccffd4006c6b0499c032529ae67547c428264f81c38512542044b28a,smol-magpie-ultra,246140,1024-1535,1206,0.888524
5a86c023dd33b5f882f7dc6787a9f349e86b0fe63d97370daf5a91202995f8b5,smol-magpie-ultra,246210,512-1023,762,0.920676
c36cbbf6766793601f6f70d2911a5423cd67c8514cf0def7bfa768230135040b,smol-magpie-ultra,248297,512-1023,932,0.890721
c52e255e59d788c11b4012b7a0b453ce99d29f4e2ae009d16bb9c4cc54574682,smol-magpie-ultra,248464,512-1023,878,0.90367
7eddd980e150274930b0463a231e8ec61a33ddc0314a8e32f9db0dd87876a1f4,smol-magpie-ultra,249144,1024-1535,1069,0.854846
e2e32d03c3328297626ef68718906d2090a55a4fa3d2775a066164f1c5aafaf6,smol-magpie-ultra,249303,1536-2048,2040,0.79947
7de851468a883824dcda833dce7ef4a9a400b17c599b947c6fe2c8f877bda992,smol-magpie-ultra,250228,1024-1535,1424,0.89166
679926764771ef4fc13f5709355b101039673e1e7e367a0493f0458b8c24f52e,smol-magpie-ultra,250317,1024-1535,1108,0.867102
7bf0db4e49cab5474646249f46491396047ec70a7974a8149ab54124d3ef8f1a,smol-magpie-ultra,250487,1536-2048,1684,0.805085
0e2ca10fd4db64d9cb9cedc68fe634a8911178207833cc07a69c0262be28d43c,smol-magpie-ultra,251610,1536-2048,1960,0.818183
11d3d391d2cb57e636bc30a52f718c63890b78df0c765942287fa8986c393e9f,smol-magpie-ultra,251997,512-1023,1011,0.88457
1092b89f4cbb9b55e4c2d04c78aaf068aa4aaecaa070c458fb7bae5ab3a58893,smol-magpie-ultra,252465,1024-1535,1458,0.88809
b3ab97bb072b648e09d3e0f01e93203f33496654ff5c9e8df02b9d4a0c0810e4,smol-magpie-ultra,253086,1536-2048,1597,0.776068
27089604ec9fbc2fc6ad4bedb18842e74648da41397a082f51d951f35d5a8d48,smol-magpie-ultra,253148,1024-1535,1387,0.890795
c35281954df16898cba3cde2076ad47c1c61fa542776660e0d000a265895e1f5,smol-magpie-ultra,254145,1536-2048,1840,0.82325
429d5915eb8c4f6455c39a4842a45676068695e30dc44a2be469cb45bbeabcde,smol-magpie-ultra,254391,1024-1535,1248,0.886804
5610f474c333e9c19085306c65e79e841fc0e6d48dbaed20a25c366f996dc97c,smol-magpie-ultra,254975,1536-2048,1694,0.800314
1470b9486585d3c60794549e60761195563fb635944328ae1bcc867eedf92e32,smol-magpie-ultra,255070,1024-1535,1408,0.864309
7c84c6b0126d36afc783d7201519e9dae2e158aab621a25b61f9ebd38a9d5820,smol-magpie-ultra,255805,512-1023,879,0.84021
e7e112b946c10f1285d38e534b17250b38a4ea92e86dba1de37d9c3955f16e84,smol-magpie-ultra,256359,1024-1535,1454,0.897292
629c16a2faffd1f0b446340a9c3e2c9b415ce962c95c5869f1a6a001a45b15f4,smol-magpie-ultra,258038,1536-2048,1757,0.819217
f299e4d990c26da448b77707cc9ac441ba7b54761c84b829237f96495287a624,smol-magpie-ultra,259240,512-1023,890,0.877462
4c7fb273e4f643f77bd4f64597658f124266eb77835ef8272eebc1475e05e832,smol-magpie-ultra,259285,1024-1535,1379,0.862422
d083b9e98357a61ad1df7416a5da6ec8cf9bc52736459c977d3518098c461ea8,smol-magpie-ultra,259560,1024-1535,1336,0.89021
30b777fec475c241d85c6f8d174710ecdacf9d9a419bad921fea51bb7ae7a5cf,smol-magpie-ultra,259582,512-1023,710,0.910729
8948ea4153bde96b86bed3da75d02ff4bae488ee8f176483a3baf70927dcc39d,smol-magpie-ultra,260330,1536-2048,1806,0.834256
52458e198fcbb095ee4c2406f2e140963a7d9097d0c617159e1ffb81dcea6310,smol-magpie-ultra,260333,1024-1535,1506,0.826133
7b69f485be7754c3a0b63a486332a951c174283bf26d9e2e98875a81a9017d4b,smol-magpie-ultra,262737,1024-1535,1267,0.889665
95085e1056a2248eacad16c3f40ca5a022a4b689ba9ba50b2920ccbbe51d4028,smol-magpie-ultra,263357,1536-2048,1684,0.815196
6ad1f5968df1d1c801e333044aca55dac40074c3d32cc0ba4d6e920faa264b4a,smol-magpie-ultra,263405,1024-1535,1441,0.886658
653736a393da3594e94eb78023b83934818752c69c1c1a25cc91fae290a53ac4,smol-magpie-ultra,263925,1024-1535,1355,0.871657
55a317996eae1476ea24f456cdb2fac8a3965b2e6885f6f58c067560e646ad97,smol-magpie-ultra,263966,1024-1535,1212,0.856346
f55340888365391878aec7c01bb7b68888aa428913ba128575761e04f9dd08ca,smol-magpie-ultra,263979,1024-1535,1173,0.90765
2fdea92f9b04fc36491a7a6446f0218c9da4a6c6f088841db8ea2a2c40b84a7d,smol-magpie-ultra,264111,512-1023,902,0.899946
114388a0bb5ab62c8a55245a869c50c9897e9b09e729eed3e161322a4fb85c91,smol-magpie-ultra,264391,1024-1535,1207,0.897016
be551b75078c34f859d1b1891d9bf3d5c3191e6163494e5ccb706a610e630488,smol-magpie-ultra,264926,1024-1535,1179,0.894072
7f6432c7591a207ed5135f2829e6c8abb35318e83d6370658f8af0c3791f4fcf,smol-magpie-ultra,265550,1536-2048,1637,0.794678
53eec0e5d4501c89da758618191c9c98338c969edaf33499e4149daf4d7880ed,smol-magpie-ultra,265812,1024-1535,1134,0.834444
2ac0d316080ed0ec44b72d2d25dac6258b2a6bc0b54b085cfb83cc493fc84a9f,smol-magpie-ultra,266525,1024-1535,1072,0.893013
c3e7a117d472c91c5cff2877b78830935232798603433593e951087b33aecbd5,smol-magpie-ultra,267155,1536-2048,1558,0.827505
082a9e30961e3f6c4685106dd3fdc65e08ecaefb54416ee6b1c05462c9f97abb,smol-magpie-ultra,267967,512-1023,957,0.863071
3cd0f05055f88a08fc110a1ae465224dfac7424fccc1b85a4e0f3a7a2b8bbe03,smol-magpie-ultra,270300,512-1023,702,0.865392
4751519fc435c6bc8c9408cd60c9028bead1f90e21f81ecde2aeb2bd52a2863a,smol-magpie-ultra,271006,512-1023,988,0.89173
e2284072245d0d2093fa369c06975845374cb92565865d0bae4847e29e47014d,smol-magpie-ultra,271802,1024-1535,1185,0.887507
05fc8c6a0bb35aef934b6403f33fb376c63f25d8ff5ee4d704b42c5563642685,smol-magpie-ultra,272077,512-1023,783,0.882717
002b394fff64961368531fb7e7b2674be9847c60c1bac23684ea167e23f71e29,smol-magpie-ultra,272097,1536-2048,1735,0.823626
719d5b278af058d3d20f447f5320f131091b83004d780474ef14888d4966178a,smol-magpie-ultra,272406,1024-1535,1392,0.899164
dd9680e29d334a4449584b04a707c2a8540732d37bf75dfe980308ab209a96d3,smol-magpie-ultra,272858,1024-1535,1326,0.889067
65ef84c17034441a2d8a44246e0368242382579f364c9ff14cca654c590e085f,smol-magpie-ultra,274050,1024-1535,1312,0.894494
5b1fa38b1b731e8b60b2f6bd5bb9bb49c156550b8d790bd36d02b57f5e2d641f,smol-magpie-ultra,274061,1024-1535,1517,0.890859
f349521c9e7b40533a07baaa7db0e6231f2811fae6e3df4f2344ce112ffe8d2d,smol-magpie-ultra,274091,1024-1535,1475,0.893661
2756d386c524ea0c3549f39398f339e7bc59e6ada994886d0917f8fa92feb3a3,smol-magpie-ultra,274968,1024-1535,1330,0.900185
77b37cb9613084f0cfe4871a2918432a719c54151d0f47aad6967aa3fef074fd,smol-magpie-ultra,275019,1024-1535,1482,0.893332
c5a8ed77606fc0bba38471e16ca691e535ccbf24876a296043da0bc67e6a4076,smol-magpie-ultra,275487,1024-1535,1397,0.881418
6d6a2c161a57bf7d6e92d501d040d1114fb503519e5545ec31802038de5b10c6,smol-magpie-ultra,275841,1536-2048,1680,0.792396
97e29b32bc8df962d5c6a47cda9b2dea4f05f6fa7c86051682d14b6b8d9693cf,smol-magpie-ultra,276206,1024-1535,1074,0.850042
3ea34884b39f02d5523d6948d788057427e5e0b63be0354190bc6bc272ba1f19,smol-magpie-ultra,276598,1024-1535,1401,0.843194
3456bd5ec76b75593c6bbeb8f7697a86f3335545ca5e2f436fdda9c354e0e150,smol-magpie-ultra,277074,1536-2048,1597,0.825019
c891628ee66a052f88776ec46499d39a8d442c1e799903d1359c3d5e1667b33e,smol-magpie-ultra,277126,1536-2048,1785,0.825614
f9f397f4c99a8bbacf69e101a2cbaceff3f453a191fbc24f9a11e5a5b854ebf4,smol-magpie-ultra,277813,1024-1535,1231,0.891388
39d0dd0e28d48d9bc48be333f9af648c41572d024832b6ec6dbc07c0deb35437,smol-magpie-ultra,278409,1536-2048,1749,0.830054
43608c3579c12ab878fa8a51bd14a6b5becb9ffae7a55eb330b245e12d1ffc03,smol-magpie-ultra,278486,1024-1535,1444,0.890789
092252c472b164766436fd8cf7339c83b17b01250563947ec1c94297b98d841c,smol-magpie-ultra,279260,1536-2048,1756,0.798446
9ccba8d4988d14287af025225b3686ffd434ea209aedb2111fa6e4f9dd646fb6,smol-magpie-ultra,279626,1024-1535,1373,0.88467
2567dc0c0b87a3d1c259ce18c7e23810b4a08a438955eb6cf14b3e39c016af6d,smol-magpie-ultra,280069,1024-1535,1441,0.839242
0492f236572f0d09c50602805291ec5c4a5aa86b9268e1d46056fb5601883c40,smol-magpie-ultra,280158,512-1023,906,0.873798
d08c4509b523d3caad365f43ad564e83937b39262cfaf4f0e557b7bf40276535,smol-magpie-ultra,280568,1024-1535,1087,0.849461
a79fcb40bbfa8d0498e5158dae1283d58d48c560c3dbe1cde9f65e5a9df81e66,smol-magpie-ultra,281480,1024-1535,1455,0.870289
2ed671dce3f206197e2a541a3dfbd6511615761596dd59e76ae7bdeb4577dc5a,smol-magpie-ultra,282523,1024-1535,1150,0.897449
482ed79dc081621392b5c96b030475077b1236c11bd3e45e966d303c97743d72,smol-magpie-ultra,282905,512-1023,1016,0.880223
09de35ab3fbb127d36e1330e99c06f470c41ef6188b7e8bd7d3b3fd4e36515a7,smol-magpie-ultra,283678,1024-1535,1091,0.866839
33cb6857cfce4ead416224cc3cfc88147e68e66f5ffc7ea4f999cbccd83a6350,smol-magpie-ultra,285095,1024-1535,1428,0.884281
e8c458688166188c7578bf70a68bdcf763596e386c9addf63f25d4417c44e016,smol-magpie-ultra,285157,512-1023,893,0.858467
b5e2ab521c8e2b6bc53f1dec43c03e6e599d63177479b438cfe2ac6a4471e60d,smol-magpie-ultra,285529,1024-1535,1185,0.858974
9f5ea8d5c6f3acf1e98305e600c97fcf43bb2a935aa54cfc294d690d77d3aa1d,smol-magpie-ultra,285992,1024-1535,1297,0.90974
f6d912ff01af1fd67646a2f91194c0954d3d3c47dda6942cb4682aaf9127c7c4,smol-magpie-ultra,286293,1024-1535,1154,0.896764
bc482ab55a5b90cbd052ed1e457c18cdff3cbca955794f40b674b71b76657b8e,smol-magpie-ultra,288191,512-1023,931,0.912716
4e0bdf417785623951dd8008a2d9416654dab9f7e63c6ac1050ba4a4f01849cf,smol-magpie-ultra,289519,1536-2048,1564,0.821196
a1a56ba26e4dff5a4e2e28c067ca22971a3edb5a9a471e6a118cda89fcefbff1,smol-magpie-ultra,289532,1536-2048,1583,0.843906
877e77bafea304cc290fee4413ceb67448d51ab906d31372eebd6e3b087e9838,smol-magpie-ultra,289576,1024-1535,1024,0.892636
bf5f9d8280deb40732645547e0ecada69488a821d2a76d06b2d3d716025d63de,smol-magpie-ultra,289674,512-1023,653,0.879865
9941938196d1b7285b108a1f23097c0cce707f2cce1fe9394c236994bfcb8f85,smol-magpie-ultra,290044,512-1023,1018,0.905265
8ac15e0a8cb226542b0044b70477af30b012a88601586f935222519d06a67eb7,smol-magpie-ultra,290708,1024-1535,1214,0.863893
98fec121530ca2f90a68946f2816f349d7133d3e57449d4dc19fa34573501135,smol-magpie-ultra,291245,1024-1535,1345,0.881373
06ff9e03395bb934b410798ab7dde0f35af9cacc104f4669dc4457aa8b00af23,smol-magpie-ultra,291575,1536-2048,1630,0.830534
7ab59933a1006b14a8871e2c2fd5034ba8381b6a958c1017bd9bcc2f834b41b3,smol-magpie-ultra,291897,1024-1535,1251,0.84436
d1c64b965f4c306664b28b0d3eae7251d6e21fae6afe3a162926ede54ff0ac9a,smol-magpie-ultra,293889,1024-1535,1362,0.890354
cdbe3192f4551063fcde5da1c5e31e75de59ce1f423a9a3ee51e1c01853444cc,smol-magpie-ultra,293987,1536-2048,1906,0.814785
7de756a44048b0fd122d014034d038fbfd4308f85c23cf321e5058cf16a448fb,smol-magpie-ultra,294463,1024-1535,1082,0.891523
eb568ab1f092b3e0482daa5224fc5f038db6695472ee9762e6979eac39a4fa01,smol-magpie-ultra,294794,1536-2048,1639,0.832797
2421277b52eac3568fda511b457843fc4554f8224cf8d59d33b31ee2e9b30fb9,smol-magpie-ultra,295175,512-1023,893,0.855935
b0c1cc48dc18bbd346a3627b8be880748f1c01e1d0f4161397d757f6cf1e4cdb,smol-magpie-ultra,295765,1024-1535,1337,0.893005
756a12959cd7f2b2131eaeeed4988c2bf6003c9c47ec1146911ca4ec22532b07,smol-magpie-ultra,295899,1024-1535,1217,0.880057
7cb18fa7156a614a27d8db8f6b04c6f19297d9d3414b0d718dec3612a7ab6658,smol-magpie-ultra,296246,1024-1535,1222,0.900896
e9b36728717c02f7274dfa5d61c4f5eeaa7acb9a75d27aa4651ec55b5444cbfc,smol-magpie-ultra,296429,1536-2048,1892,0.814051
e72e6d0b5a1c8e7168514a8ec653e089c40883e0a7c74bd227295d9fdb299273,smol-magpie-ultra,297737,1024-1535,1264,0.898328
878a2df958a9f669ea5745cac6441383c6550c6da1e94bfc4830843853f34319,smol-magpie-ultra,297822,1536-2048,1622,0.818241
03e11cf1c3ef7a8f5048dddbae4059a920e9f690dc741e2d5308c3fda2656e21,smol-magpie-ultra,297823,1024-1535,1457,0.897043
aff219be2e3570cf1ccae18a18b2442a07324c515c51fd4b2993a65b0c608746,smol-magpie-ultra,297872,1024-1535,1212,0.884412
471cf4b4185783fc49e1f86dae2599672e3bad051d4ff99209b125581b6e03f9,smol-magpie-ultra,299271,1024-1535,1466,0.888673
04b8c75be8adcf82cc4187c6d71ea448fc325f43bffa2e032a068943513d4b01,smol-magpie-ultra,301295,1024-1535,1113,0.906948
7a076f10afe54ac7c9156894918491ad212164cbdb15bfb6732db579739ae4a5,smol-magpie-ultra,301302,512-1023,655,0.917234
54f954e1fe7c525f1305d0dd7b8815e03809054c0b074deb1fdf0543f63d67bf,smol-magpie-ultra,301931,1024-1535,1496,0.885167
49b5e7e515cf77196a48060692701012b99cf7c26be10a224465a3ff9f3c4b84,smol-magpie-ultra,302144,512-1023,845,0.854424
05309b21614c7e2e06b8cdbc176cc68e38ec0aba16641145dcf08ec20a9bd43a,smol-magpie-ultra,302346,1024-1535,1357,0.843434
cfc02ea24248e51960c770407c3c2b965fc984106a929b0f8dee7256d1c31c61,smol-magpie-ultra,303696,512-1023,941,0.888306
a3d80f4ad13a5912a67667d2acb00bf12e53ae4d01e993de17c5763206138da5,smol-magpie-ultra,303849,512-1023,578,0.838892
cb48ea102c106842756307b296a5aabd0f23a19b7b74718670b163db9beab158,smol-magpie-ultra,304869,512-1023,930,0.897649
87c88169c5ea8c1083edb18ce7b2cceb0e61fb0f4b2cf4602deda031c6b11438,smol-magpie-ultra,305039,512-1023,993,0.843586
53426c488fd8dc8bb53f8f191abfe15589a6b1597681021609d2b4f90c8f37cb,smol-magpie-ultra,305055,1024-1535,1409,0.89257
d32278eeff34c2a27f4f36d300d513ce22deece929624af389134e7332a77ff6,smol-magpie-ultra,305563,1024-1535,1528,0.833056
487f75c37d566814cf019d218b8aaac1ae84128fc42231610bbdb4ab0ba568d6,smol-magpie-ultra,306712,1024-1535,1348,0.891663
83b1b971b61b9843c33bcc6b16c689f5d07bef41953ebbec5ca7538c4a484b1a,smol-magpie-ultra,307310,512-1023,867,0.874367
b7bc81eecb9fb5f08f92e8409abf60efeb1affdf813c13eb8eb0b196481cc289,smol-magpie-ultra,308144,1024-1535,1125,0.868607
6c0d03917aab56dd8677fa18e5a1e632a327ef35f08244ff952f98e38e092bbb,smol-magpie-ultra,308447,1024-1535,1475,0.891964
e9bf96cc3c6015cef2b66751f202f8a563200cd9d30bd93bd0ef9d9780fba40b,smol-magpie-ultra,308586,1024-1535,1280,0.867791
fcd8dbefff92b732eeab03dbacecc04921657a1f617bc7271c5a1caed9024056,smol-magpie-ultra,308717,1024-1535,1293,0.856314
321c4285661148df152df0a33ddd19196ae64fe6ed1d71c4fe248dd8764df4f6,smol-magpie-ultra,309231,1024-1535,1142,0.900362
f435858065133716023a477f8ddbd306c7b9f2c11a1c480430929a3871315408,smol-magpie-ultra,309479,1024-1535,1171,0.897285
a2ecff2aa0f9d9cae2f8c98843216e40f6721ca0aefa0b9e968c28988487fc35,smol-magpie-ultra,309685,1536-2048,1568,0.807852
c7c08d509c6b9532a9e88407e63874d46012a59e9d7fd3080f62910df436ce7f,smol-magpie-ultra,311687,1536-2048,1761,0.833157
5e1660a63f7fcbb89218ceff3bd3719569c8ef9edc8c3d2062a7c8017d857cde,smol-magpie-ultra,312407,1024-1535,1226,0.888884
b1ceca06be18311219d7a3ac74d0cfb16fe5e1fff1cce4a356e305dc1ce074ce,smol-magpie-ultra,312475,1024-1535,1529,0.844432
6663901ca9ad39fdada99f5e51bb5ce1413440c030f426ae2c9ddec80f604f89,smol-magpie-ultra,312911,512-1023,612,0.854771
eeabe771e01a35648c46e8e78c35e895ddd62c4e2dac16feff7f66c033fdbeca,smol-magpie-ultra,315270,1536-2048,1593,0.803788
ebd87649d9eae946a769bc34dd17f7626a54ae5c76512806c956d048f0d321d1,smol-magpie-ultra,315864,1536-2048,2045,0.807018
16b7e0804bb20c802a164f71ec1587be1d9e067d08648248dd4e2a6f42979f7b,smol-magpie-ultra,317078,1024-1535,1532,0.811469
600c84173b84995ce67a7059b3e4f2eb5acc30e16175d36dd30ec8e70cae1b31,smol-magpie-ultra,317301,1024-1535,1322,0.894015
791e6c998157a80e51342654745b0a8840222a9fb91438c4ef56c2588fbd851e,smol-magpie-ultra,317366,1024-1535,1103,0.86631
96780a12c66c8654f7c4458d760ca5389485dcd89fb300242aee62aad14e8bf5,smol-magpie-ultra,317534,1024-1535,1420,0.841875
5d2d498cb4e49b985b035d4780a6bc5eac7e6ca51cb0a2228b718de3aade0e3e,smol-magpie-ultra,317923,1024-1535,1508,0.892235
e6eefd9d252b7e15e405cdc04a5a93f310c35ed6d2ebc91c1fb7f051a7e76ef3,smol-magpie-ultra,318564,1536-2048,1601,0.815366
866b59d79f81de50f210dfa1aae7eeebf3779c76223e85765642cc498fa34dd1,smol-magpie-ultra,318900,1024-1535,1030,0.906622
a56bac56bf186993ae8ff38a46e18ccba8de4115e940ae10b8cbe595a17e010f,smol-magpie-ultra,319391,1024-1535,1228,0.898502
596a27633aa97614e685f0f2ce7da6df6f8a40e907386743248c07f3eb1f97b3,smol-magpie-ultra,320780,512-1023,775,0.853108
56ab17ee5d58cc0d67fcf38ee0e2ec03c13c879043152b9d5451d9f3def7690c,smol-magpie-ultra,321826,1024-1535,1141,0.854377
87c52b30fa177f560f4f2e11e6d7d38a131a3fbc8b8b0968d02bbf2aa8eaf64a,smol-magpie-ultra,322143,1536-2048,1868,0.78752
48c7f3f5a68668d4bae27f1ead5b18c85e1bbae8484a83956fe769e90fb98e56,smol-magpie-ultra,322329,1536-2048,1938,0.796739
4b911db4292dfd2c145b92ad991b3ce93a0f5026a8fec5209ca44b269edbcd65,smol-magpie-ultra,322520,1024-1535,1087,0.86096
e006294f8fd7a02b5650e8574bf14aa73f69167b6e547064f1466795e36df3f2,smol-magpie-ultra,323701,1536-2048,1783,0.78259
c353dd83876cccdfec9a9b6c7f9b63fbc4661d849039c265fe49ea2399aee444,smol-magpie-ultra,323705,1024-1535,1218,0.86427
f112e8aa40dce509e0239d1fa9438a44261de52a77f73d57674462869a8e16cf,smol-magpie-ultra,325241,512-1023,672,0.885269
7ab9ca079599aafe1bbaab1797c879c94fd5a0413530aa7a186e4a108abc0d40,smol-magpie-ultra,325758,1024-1535,1477,0.903438
7d25e9d087439dd8acc4db9c2667f6f1249feee42320ee8eebba98127302a3e2,smol-magpie-ultra,326582,1536-2048,1998,0.833191
e4de8c53c0c79303c13f36e0ec066999859983d35b7f0dda0a1ab969f7bce579,smol-magpie-ultra,327595,1024-1535,1093,0.874195
973648ae3096bc42d9cbe732b2a0458b38e55b72d13cdc3ee1d6b852a8c19a1c,smol-magpie-ultra,328408,512-1023,874,0.89335
f74b67a2e8cd314b04f68d8a4d5075c9d6546259dfc5b1edce3c11989703d9f0,smol-magpie-ultra,329113,512-1023,986,0.90535
a30dacf153e3613d07f80a38dd15889408e91fcf07a0bbbf80b4e6f6e4f6c5c3,smol-magpie-ultra,329266,1024-1535,1425,0.871291
eec0f5be70ae120bee43405972e6675a2d73522f4feb595505ecf50457bf5c68,smol-magpie-ultra,329393,1536-2048,1868,0.828464
2f24165da630f50db2110c80b9700123ae4df13f7c54431531c5223d582dccd2,smol-magpie-ultra,330618,1024-1535,1351,0.879833
490f943e3187bd4d285632942e881ad65eabdb83d38018525d30665027adf023,smol-magpie-ultra,330963,512-1023,672,0.879394
2730de01af0388ebb962ee41329cbc76ea65632ac79aba55eb34247f50edd352,smol-magpie-ultra,332507,1024-1535,1396,0.889315
a063a610037018c9c0b2278efcc3f2d5d6c5cd253ef0c578f96ba518bf155982,smol-magpie-ultra,333556,512-1023,579,0.911825
0af42c72f235ad6af62978a0c5ca30ae530b17dba561ae759f5102fb75506203,smol-magpie-ultra,333638,1024-1535,1115,0.899968
92f46ecb389f51f20e3760ca6b156cef296d8fab75eb1a572aa685b64060ddc7,smol-magpie-ultra,333717,1024-1535,1379,0.885656
0733f476fb6f3761c331807fcca39dc9af243864c0d255a4d18cd25d2bd59b3b,smol-magpie-ultra,335196,512-1023,570,0.912604
649806e2773ab17782928477de2c6b60a8fa456eaf44f5dac99cb2341482c175,smol-magpie-ultra,336377,1536-2048,1722,0.814501
6b042130b69162b0158c3d0ff9f0f7340058e48b9d5e57842437b3c31bc465d9,smol-magpie-ultra,337033,512-1023,587,0.870132
249fd28047b3914f539ecc23dfc87d5f582091f724c1d17a16b262e93d523a6b,smol-magpie-ultra,337251,512-1023,747,0.911344
85697f68fd95aedfa047dd17dca609c252fb079ed7139ea9e43374c0f8b75d09,smol-magpie-ultra,337315,1536-2048,1879,0.767951
51abb0c14dfea7e972f1271ed1756a0b33773bc2b5cd52c50e84b96e96a358af,smol-magpie-ultra,338111,1024-1535,1350,0.882482
eb4ef0bc1ab27a1dacda6ba7beca72928a0e332e35e4ded40d842a04e8b4d6bd,smol-magpie-ultra,338532,1024-1535,1074,0.865436
0ee528fe885845218efce8b69c93734e545a29826faa3101651a43e38453f2ef,smol-magpie-ultra,340417,1024-1535,1145,0.875266
5c43aebd7ec9d254af274aa573f8002ff53431525d58c6183ef3f0abe4997b89,smol-magpie-ultra,340922,1024-1535,1505,0.843501
f60284e4ccd57a67f03af794a8f7b98e51d9ab7e8a63d15f3f119502c1c28b89,smol-magpie-ultra,340923,1536-2048,1551,0.832673
22657a030a571940b23465d5e45463680b768de4ff5bd9a91a51e8f072582ed1,smol-magpie-ultra,341189,1024-1535,1313,0.849208
edfab49f9a3b12ec5926f16e1a7892ef3622bae3999dd486494c6ac0c2f9487b,smol-magpie-ultra,341732,1536-2048,1542,0.824913
43122ffb8312752eb75b5e2758f03ad5b90cd5d020e4c95475ee6607485ea39b,smol-magpie-ultra,342331,1536-2048,1923,0.783808
9421e867491cf370071c66813a75fe12eb2accb7214dd0944254bab38367893b,smol-magpie-ultra,343637,1536-2048,1877,0.825745
16435c9ac6401c70500d310bf0fcd43d1a417b7f20ca52c86caee2f14713daf9,smol-magpie-ultra,344235,1536-2048,1573,0.832342
7f2d691be6301490cd3ea344085d955393ebd52812b8764607155f6a6b029d77,smol-magpie-ultra,344779,512-1023,867,0.904678
bd9667023466943f171dca6b270007175416026d6734d5f218993d98839d356c,smol-magpie-ultra,344815,1024-1535,1224,0.902792
2199b7da07ebf3c1cf82c0aafc752c3a3c40521c29f7ccc1381391bb5ca797cf,smol-magpie-ultra,345185,1024-1535,1352,0.88682
9d4cb41531c70248f887c2aa7a48c991adbb1721a4acafc512916041932e9323,smol-magpie-ultra,345267,512-1023,969,0.902966
c08452e618fdaa0c18ebc2c12d2426f94dcb513a0fc34207d3eb2729f0cf30a5,smol-magpie-ultra,345756,512-1023,789,0.85268
b6665e037f2cbfd7a8d6b4e0bab1d5d44c389d895ccde3933cde3f8fe4579d83,smol-magpie-ultra,346517,512-1023,966,0.894697
aac86f7d0c4b58691534cc95e5233d720ef314f21c729ae68f64b6c35309f1bb,smol-magpie-ultra,347717,512-1023,905,0.90175
2abd589b340013743c715bcace1d6082e1d68ee8d80205500652cc56904650b7,smol-magpie-ultra,348375,512-1023,947,0.830948
203deed0aef3bddc307193f9cdaf478e16e2a0873e838103edbdb492feef60b6,smol-magpie-ultra,349882,1536-2048,1679,0.824474
8649a3aea51cfbb2675df99e28975a6580ea3ed2b6a85560586a4cc1a64a749e,smol-magpie-ultra,350622,512-1023,1020,0.885704
f01efd4983a5449512c5a7bbe6635df89ae256e06123cea4f3cc2acd976e3cc6,smol-magpie-ultra,351775,512-1023,816,0.914365
bff74915cfb7b4878751f901abe751df49a2e28bc5316afd6d6fa5f9d45f088a,smol-magpie-ultra,353286,1024-1535,1178,0.895851
6f4a11c742ce0c8b028fb1d14aeab74a80ab916d2bfbe1d9883f478cf02a305b,smol-magpie-ultra,354426,1024-1535,1423,0.87452
23b607b027af7ae01298c63d73bf33a02fe4454904a209b5195d1d339c4e3a65,smol-magpie-ultra,354653,1024-1535,1339,0.897381
3f1e27e4b33dfeced47bea628486f90645f6c60e0276aa797c30713a328f3dbc,smol-magpie-ultra,354662,1536-2048,1604,0.831307
314b1d498b49007334b488f9ecbb1c5c740b2a93cd4cc3c7cbc6237d27b8ac57,smol-magpie-ultra,354855,1024-1535,1297,0.889652
38d8a8b58132a8c9e6e97548a4eabae0bda76aad5d74e823821ea72b163ffc5a,smol-magpie-ultra,355036,1024-1535,1154,0.858077
cad2e2aaacb9df8db8d6c85cb28e58971ddb40ab03af55ffb668f58867cbf5ec,smol-magpie-ultra,355038,512-1023,654,0.909908
a4bede20be37cbd765b40a55fd112104892079f7ac7b3670154d0dea312bbd53,smol-magpie-ultra,357242,1536-2048,1578,0.798466
a051d5143251b5345edcbaaab64d975e70d0e59d158b3d306b3a809607c234af,smol-magpie-ultra,358191,1024-1535,1467,0.883723
8701a456ed33e81764e7054a4cb6381e5a5e64645ddd68e8f81901b3af633865,smol-magpie-ultra,358399,1536-2048,1671,0.817594
9290f0046382a74d1a691694ff82217481b3da295c89141c95f634112ff50cbb,smol-magpie-ultra,359318,1536-2048,1557,0.825789
e301f40af79ddb54826ce8e3d1c0b191fde0b27c5434b269dff6a6d24cd0a2e0,smol-magpie-ultra,361171,1024-1535,1150,0.855968
57da9108ed5b0436714ec8ecce048bca0aef20f77ceab0a6ae08f12e7f432842,smol-magpie-ultra,361270,512-1023,612,0.9126
9fd88cd1d884a6ec7fc354c26fbc699d6baca84dfae08f8b15e0cf09d5864200,smol-magpie-ultra,361859,512-1023,886,0.889992
32e0c58cdb09637d9ba9099573c1c35e39d71cbac92f905127e01bf1c3b791ec,smol-magpie-ultra,362832,1024-1535,1043,0.853829
9e68f160699361ab507ed4d6272b9b71b623aeb3a9badbdb3d9fe902935ffc4e,smol-magpie-ultra,363260,1024-1535,1482,0.872431
82f1dd4843fff7dfaeab0e1a635db8ccaca711004b87cbbc07cb1060a9b3e9da,smol-magpie-ultra,363724,1024-1535,1439,0.879853
4ebe94d7545e70e5b6db6847234037a768cd867a1ce0f1f0c0a6869af52fa2be,smol-magpie-ultra,364186,1024-1535,1346,0.906667
6b96cba9fbe5a2f8487fa1b03a748e99e27711d88c45d29d9330a44c2b46db55,smol-magpie-ultra,364665,1024-1535,1495,0.89291
59ff9b177fbf406608baed6a03d84423f00b7c9d04fa08ce6b580362d03fc83c,smol-magpie-ultra,364834,1536-2048,1594,0.805081
c516e77990cd473e027162da70fc22057f9c47e232d725add65a117e320a8cd7,smol-magpie-ultra,365561,1024-1535,1203,0.901365
831c325defafe3d7c1aa213d1782d9fbbc07662004960e262bef50f9721075a5,smol-magpie-ultra,365952,1536-2048,1845,0.822183
ea8f8188587211905883a925c76d1ec2fd4dc64619fb7c9374b4e38468024e90,smol-magpie-ultra,366046,1536-2048,1562,0.801473
2f6675f44bdf0e9242a18aa1570e1f5b3a0cbcebabe572cd60762908e94c033d,smol-magpie-ultra,369133,1536-2048,1802,0.789897
ab4be311cba5e4a43659a5163b842845e3f12cf757db5aa0a35341d73f390400,smol-magpie-ultra,369805,1536-2048,1553,0.823349
2109e5dcd9791e31a90f7a7686a0b44b0ffbf434e932a90d2ca926fb31ce2342,smol-magpie-ultra,369845,1024-1535,1502,0.903548
be411fc23cd772c647c26cc0d90911baa59b4dddd877afdf5a4fb767abbe21bf,smol-magpie-ultra,370180,1536-2048,1676,0.838002
42e20e805ce6628f33f721fadf2ca1b2e13278274f9734a27a1016a8794f700a,smol-magpie-ultra,370320,1024-1535,1135,0.866486
de63b9c8ff34094e95901d9f7647de1f51a6c7bca04f020864a29dba4370bc12,smol-magpie-ultra,370506,1024-1535,1271,0.865903
d65c0e543bd5e54272d06a4ac4ce806cef7b3bd7eead3f79ca25f29ae3b102ab,smol-magpie-ultra,370584,1024-1535,1033,0.904418
b13b18560bc52f0a4dee0d79e819dbb77ed04f706932d19079e26e1d34cdcaa3,smol-magpie-ultra,370914,512-1023,828,0.870295
0e8723ce7b64acaeba9df4b96fa30b7e1f0cefe7b3d514864c023366d9ed0044,smol-magpie-ultra,371002,1024-1535,1373,0.830166
05fdb1dc773b734a3bba71028f45b71a20aef696030c4cf03025fc72279cb2de,smol-magpie-ultra,371983,1024-1535,1416,0.887989
c43cd7cf15f84314029197094a62745333d576949e3f990b7207fded8e2da16e,smol-magpie-ultra,373009,1024-1535,1400,0.888845
c6fab6b967633249aa5e5e7f07219fa504b8055b1083e65afe83d9be737a94b8,smol-magpie-ultra,373676,1536-2048,1763,0.82105
59801b47d7ee284ca8d5482e995375e18bd266ada50906f5c8e7894a86e6b2d6,smol-magpie-ultra,374152,512-1023,636,0.85326
079d3c38610b781f6d89c74cf1b567b149e58d705f011dce3f9318a7b571624c,smol-magpie-ultra,374323,1024-1535,1045,0.905753
59efaff3f9f3d02a074a4b800641a03d1a7b5d80da5ad97e06f512281050d3c0,smol-magpie-ultra,374854,1536-2048,1874,0.769033
dfc17fbe79a0efb770fe6980955f84544c17f8e5dcc0c5ed306bf2c8776b3469,smol-magpie-ultra,376270,1024-1535,1303,0.865656
9d7d34fa53255fb7581fdd5359724946662247dc244f74181d83e0feae5c2b57,smol-magpie-ultra,377006,512-1023,775,0.910569
95b857b81eb32e4e6485d7aebd48e6d350df831914fd9e4778a2dc34ff470de3,smol-magpie-ultra,377180,1536-2048,1732,0.844198
6d70532193b350008aa6499e364b05c4544deb6ffae2a5734c6610e8bae899dd,smol-magpie-ultra,378363,512-1023,731,0.846955
2ecbbe39ba6a2de51f8b84a60e39bf2d5b73fa6673a88ec57bf6a829a83ec623,smol-magpie-ultra,378533,1024-1535,1090,0.86088
6e475092718f2362dd7121385eb9a75d41f31cf4b1a8ae413b9b5523afa7c6f2,smol-magpie-ultra,379213,1024-1535,1417,0.845086
f491ff66d0126efe83adc9fc64a4e815970a94c8d186f36560f9751c59cb8bfe,smol-magpie-ultra,379286,1536-2048,1590,0.829761
bf8eab79c3defbf2b8eccce5c44b7216ed27660c3dcc4eef7eacd093db2bc82d,smol-magpie-ultra,380636,1024-1535,1429,0.864248
d2b2298de9144574f42d70e4cbede4b7c2e1313fc5a39da25690f23c3c7e759d,smol-magpie-ultra,381303,512-1023,885,0.892848
81f3cda98e40649d418ca3bdadbaba2302044e9dcd8d78cd328df775f531c575,smol-magpie-ultra,381624,1536-2048,2025,0.807939
99abb51623cba11f6fbbc1c8bf7f5d5ee76f42d20b8bd2a322788c6cacf84f4d,smol-magpie-ultra,381948,1024-1535,1172,0.898045
031ed50666093a684fced0ddfac51bda03b8656cb5cdde7b5a470b93821895c6,smol-magpie-ultra,382188,1024-1535,1221,0.886722
e8eaf5b06e1e21680ff11e468e41d4c52c64cb1f100cf32158f7f239fa5de330,smol-magpie-ultra,382380,1024-1535,1427,0.894457
671388e5882f02a3f0f082d8c024a94b0cc6edad03971c374eb8b1fc4acebd6a,smol-magpie-ultra,383189,1024-1535,1429,0.899331
0892ff1db6d57d3217d2730c44fa61faaaaf63d7c4dd910193337ce6d3c3046d,smol-magpie-ultra,384539,1536-2048,1795,0.807498
81226a02d0d137a7319d5bd572ca32ed86cbae9975988e64cdbb2c206b1da149,smol-magpie-ultra,384652,1024-1535,1280,0.890893
3790f0345c39480e20bf5347ffad7b9c749409eee02e5bb784142d12a17c3ff8,smol-magpie-ultra,385466,1024-1535,1418,0.898105
2c262c4a131c4616b3ab6f96f08be312daf299e7ca7ee70b1731745d0395c946,smol-magpie-ultra,385756,512-1023,942,0.889424
53a0d78359b5f5ce066d9aaee017c0843cdc394f3654780f5ca4e298679f8f4d,smol-magpie-ultra,386336,1536-2048,1867,0.775739
9e6e114a92891ee07008a4954f5109a0fb68cae7e387f6c5cce644fdb56b2a19,smol-magpie-ultra,386447,1024-1535,1471,0.872933
0421244f41f3bc3fad3a9ac12b70c627b6906ec33393b5ecff30dae0404c61ee,smol-magpie-ultra,386588,512-1023,586,0.894844
3838117013e3121a529a1e5f8e3af1f92ea28e83c7634a1c1fe5ff5a9388821f,smol-magpie-ultra,387967,512-1023,874,0.859401
0c96d1d589456c08be763a0b05e46f979cca3e7a1bfea420d1881df2d079362e,smol-magpie-ultra,388637,1536-2048,1879,0.821477
6503161b9ee8456db4667ce391bd50a79bcad6aaa57d55b20001822fe6732e97,smol-magpie-ultra,390146,1024-1535,1360,0.878595
35240db02a0c7648035f09c9e74340431c5dd4a8f8110af702d85c4e55c59815,smol-magpie-ultra,390210,512-1023,623,0.847423
a9753bb44f4b7130e23650a6344db2c88be4fa6617e3d6416487926fc2be9a67,smol-magpie-ultra,390364,1024-1535,1274,0.842461
783a2291488ebe26a7c873053d2fc2f2aa85c0726f72994d99fa433afdc69536,smol-magpie-ultra,391263,1024-1535,1268,0.905183
5f427cddbf4d6b9ebb666ff06ad8531e5818f87afc0ce5caafabd8d783735e3c,smol-magpie-ultra,391654,1536-2048,2028,0.792793
2e0d5ea5a267a482e377716fa5d988a0ab6507f55ed3b0046e7ce84833a81e12,smol-magpie-ultra,391707,1536-2048,1873,0.831454
2cc8344c7953a97b17662d394adff36422e5518dd4a39bd8e0088ec7d9af9746,smol-magpie-ultra,391785,1536-2048,1553,0.833696
3ebebb8a7b3f38e1c8d355be1515f6b307ac652f2043aa7f4592c8dbc4e2bc86,smol-magpie-ultra,392218,1024-1535,1153,0.843737
8bc6896dc0faf035967b6db03867ff30e5de59bf262140800cf7109a4bdebdf2,smol-magpie-ultra,393034,512-1023,576,0.867387
6c795208a6bf0fbda879ec1004feefe5ad381d11af8cf0db364308b2fd29fef8,smol-magpie-ultra,393062,512-1023,947,0.880252
2df6cacc05395c1458f8f0152cba7c7c0884490439dda6096460a90f272b0c52,smol-magpie-ultra,394109,1024-1535,1217,0.88516
c1da4553059f7a157df1b66a3c2f0c20b06e59fc7e6774ac9801aff1a11fad77,smol-magpie-ultra,394136,512-1023,546,0.898987
f82ba9d568d40fad718ba51a90bbb1fd0895909e5905f6d55c3b708998d6ea7e,smol-magpie-ultra,397619,1024-1535,1445,0.879587
4f6dcc1b49f74bb2490a87bea8db16cf927e7fdcf91421f0e01138086a50c334,smol-magpie-ultra,398717,1536-2048,1738,0.823581
911a65015db54749be8465d67bc1c3fbbba41837fa947c7eda741cef1e4bafd6,smol-magpie-ultra,398905,512-1023,787,0.882399
c3ae6c963155cd013eee0f81afd6621667d6f0e629ccaf644f501df239382218,smol-magpie-ultra,398947,1024-1535,1266,0.868171
ecc8c0ee0f24c624b1a2946feaba8a68c290dd71a3ff072076ede3e557556f7b,smol-magpie-ultra,400251,1536-2048,1580,0.819552
54062394ae34de99d440aede8290b678309f2e153d860f9105bb580ca20358d7,smol-magpie-ultra,402280,1024-1535,1421,0.882066
c063c88903ca4880cf628c4710ae834461e8e79d18f0df5bfd7f1b548287cc0d,smol-magpie-ultra,402389,1024-1535,1459,0.841836
829724dd029777f508aef0e91adc8bc1bee0d04520f551ebdfd283ffb105b765,smol-magpie-ultra,402820,512-1023,957,0.901654
e1d9c23238450f70415b29bf68e2986053dfceabf210bbd97f143b68e5865887,smol-magpie-ultra,402822,1024-1535,1464,0.879648
d9db59ebb499036e943ddc23a15e5835c137ae7fa3d8aa2c768ffbebad9801a0,smol-magpie-ultra,405473,512-1023,680,0.858894
085db59c811ac5a0cba160122d24ea9653c43bfc2990c89ab847f0239f186cb6,smol-magpie-ultra,405740,512-1023,778,0.910615
08951952ac828decb883de2578b419c779f781dc49a8ef479f210f5240b2ae29,smol-magpie-ultra,405881,1536-2048,1980,0.805245
80b190841059a229860e9eca46753a86d474a2d1bcb2f5ee2c47be4570d0106b,smol-magpie-ultra,406206,1536-2048,1985,0.787531
6098138be93637f23da6316761cfad16b6eae06205e4a36f7378e4bb36d2f96c,smol-magpie-ultra,406974,1024-1535,1447,0.883797
ba68a05fe21ef3012b157a751078b6fb154cdf007c47e2a7aa879f4fe20e2320,smol-magpie-ultra,407649,1024-1535,1514,0.871847
ea9ca40c92485d8ccf1397c8844b7aa65703ea272eeb6e0cfa9dcc329c4eb59b,smol-magpie-ultra,407791,1024-1535,1081,0.8865
b76fd2eaaf6c6a93faa4e3d2e0fb5a2f72bc0702194874f7ba6ef4045c55d37c,smol-magpie-ultra,408049,1536-2048,1718,0.815499
4464cd98888bafc10f10f5854f534be3f086b867e9b55804442de3644f1292bf,smol-magpie-ultra,408779,1024-1535,1028,0.883159
04a3282f88429722c5879bc8b3d00926e35d9fc43b60c541207cbf389b6a700f,smol-magpie-ultra,409011,1536-2048,1545,0.833653
6f2e9ae73dd2d49dce9edb93b2ce411beea0ebf121ab8f67ba40d09a096df8fd,smol-magpie-ultra,409497,1024-1535,1271,0.883729
a8674e80bf2dcccd5f1a2d9562ed2f53164c358828c516f1746bf4d150140d50,smol-magpie-ultra,409514,1024-1535,1301,0.844715
0c46c12b0d39ce7266fc4fb1cb51b635d6daab34a6e701c85f58a2954c910972,smol-rewrite,852,256-511,341,0.953254
caabf3cb5b234b4bafdcd964eacfa97a2f3aff3122eae7fc1041b056a418666f,smol-rewrite,1782,256-511,431,0.932818
4d24cc906633fe41a4fe13fbdd151f505ae3b0bb8b4e8c59ba5a08788d023916,smol-rewrite,1913,256-511,260,0.959029
9e749c0993e4e95419b49a571d9c09281e6a77e2ee5fe0b708563f1f39143f9c,smol-rewrite,2191,256-511,330,0.940193
5b4c3ba4c5951a4844487c91c8e669ffe5c0c670f4c1f66bce2e88ee9bf76e1e,smol-rewrite,4304,256-511,286,0.946677
6d68461ae7cbddfde6d228052149f32b92d4cd1d21b5b5a5df054211b0212c7f,smol-rewrite,4679,0-255,181,0.929776
0d59f176fcf1ce8640df3000fa8aea8ddcffb67a0575ed81bd9c0aa78cdd1355,smol-rewrite,4736,256-511,315,0.936798
60a20f589a164d13f8d6486ee4c9df5ff0744bfafb114e720f7233264bd8657a,smol-rewrite,4969,0-255,205,0.89235
701a2b322870d8903690eafe2a125e2db3e55df785e5b4a82f4c99ef0d0815da,smol-rewrite,5428,256-511,351,0.943904
cf533c84a570f67be86806d4d3dc37957ab7b8f183e1401f93b0f40ae083c275,smol-rewrite,5888,0-255,217,0.942752
e2ad71bd7b6dadf6839d585be87f2a8958c7668e8c3e8ad377fcf44faa3a9a1e,smol-rewrite,7131,512-1023,524,0.929006
8358df87ebe9bfe25467195a59592c161b2e730bd4620cac436cee9122bf3610,smol-rewrite,7212,0-255,199,0.946043
c87c0cd9d053552199fd9ffdd6c706880183484ccf2b0a3e05b650e07dd2e1e3,smol-rewrite,7539,256-511,306,0.941019
253c5d4a970878bf30c58562437b95660cda34fb66f66c3bbfb5bb9c93a1a501,smol-rewrite,9780,256-511,281,0.925917
e24f9b823e2a550261153ba693b0a3adad59c379b8a99d1b7138be56f0879ca0,smol-rewrite,9790,0-255,166,0.922115
c6998e257f3ee8c06a1f69421a5a45da7bf8559b22da4ce29cb0dfdf74dd4501,smol-rewrite,9819,0-255,197,0.870684
cb730eeb442c5292c755b08d83412cadaf40a4b4810a2242b5638139fb7af57b,smol-rewrite,10531,256-511,300,0.940819
82226cf820c577a8a50f1db385018fc5154720a46b0776f5f072cedecfd5d5dc,smol-rewrite,10740,256-511,347,0.9285
950a255af8c03ac2679beaf004e40cb521d6e7f2030f7f23a4b5788831f21f3d,smol-rewrite,11927,256-511,280,0.947605
9f85e896e5b10f54a0a4a268c188c90a3e866a3429401bc141c87441f7ece2ec,smol-rewrite,13841,256-511,349,0.939712
7a0249fc5beb1834c1901656076dbf04d2cea5f6e94ed4ccf79db45fb6d0da28,smol-rewrite,14647,512-1023,534,0.915471
43fc749e23d420b3c9309161483d0c773947e5f37aa9e1c1d5a8ad01b1f2beab,smol-rewrite,14707,256-511,275,0.929709
571eedeb354d91a6a132156b9aff80ae1509c0acae768d00931f5bf87ca57507,smol-rewrite,15440,256-511,323,0.945648
17fff672547ad1437f3b0de958f13d17025ad3585ee8d85376dd489ce213f072,smol-rewrite,16131,0-255,208,0.941693
2a0e1b559b11cfb85e43b9a2eb37f63890e439a8b2134d46c46db0191b3b2db7,smol-rewrite,16134,256-511,273,0.946392
bd7f1d954c4dae9e162504e3fdb620be27d2da14f5bf6609bc80968ddd96fc50,smol-rewrite,16438,512-1023,542,0.933814
ce06d0aba208cc5e9ec6f5dcc73eac7953d481631d20959a7362416f351786ca,smol-rewrite,17072,256-511,448,0.934863
5cc0240b286c951de87b6b117b65f282e2947eb1d1fd43d3686d995fa54ab137,smol-rewrite,18289,256-511,279,0.952765
59597107fa324a7a99b9ca4758bbdf7361d1921bbee7a2b6e2b9d63502624bfb,smol-rewrite,18301,0-255,226,0.885228
143bd31dffa2542e2bf33364414c7c7001e02442f9f031cb52cd928815f1a7db,smol-rewrite,18319,256-511,481,0.919384
8008b41d7a167f4d3ecdf5705337370756839edd2d3757581f1e323c806471fe,smol-rewrite,18474,512-1023,574,0.920705
9cf403e1565dc04e39bfc33a6ec4600d89d949ff17c0e2750a8ee4d42f12ecaa,smol-rewrite,18687,256-511,305,0.919422
88cabfe3de2053b8d55d3a61e3522f3b5b23d205c4a4ee659434804e496ac5cc,smol-rewrite,18797,256-511,373,0.930048
2e4a1dc188568d172983778701e7e2612437bf555763aa3b739741339270f946,smol-rewrite,19194,256-511,279,0.953574
d2b66b507507892890ebd44fea4f3e0f0c00d6f95471e1401abb62d5da0c9081,smol-rewrite,21112,256-511,336,0.943706
a88b5e3147a1de02540fd4b789dac6570bd5e245e28e613b4788bc1d13ce7322,smol-rewrite,21446,256-511,302,0.944246
5d95b802d43d2834978a8cf3ecd20c211e6dcdcad4f052fb3329bcec67e1120c,smol-rewrite,22043,0-255,185,0.897846
aaa2ed24e0ecd76c79fa87fbee23b35c301f0e522b8e58e1582d4d95d0b94d6f,smol-rewrite,22090,256-511,359,0.940344
0c862ad86da296082d6e33209b4e77a6f898f3c15980957b2d257adaf2b1cdea,smol-rewrite,22209,0-255,242,0.915862
7a6f549bcd4ff605b73c6d028dd2ddd3ef2e19b81cd68effa127a81c1e14d0b6,smol-rewrite,22373,256-511,298,0.942824
1cc10cd7d2b3ba3b2aa81d2410bd75523112c15c8fab761b4df0d08e482dbca5,smol-rewrite,22627,256-511,377,0.945286
61ba51945a587653e95f1fe61d8e82f25fca8bdd7748856c490c07b7f1a02885,smol-rewrite,22649,256-511,349,0.930465
861ccbc685f1f93c8f64e51325d67d7b1adf5aa7b5d988061226dd490c1dee41,smol-rewrite,22653,0-255,189,0.922602
f2b1dc6688a2d4cef53690b59960d5df587acae6046abcb4e87a827a7bf7ed9a,smol-rewrite,23344,256-511,509,0.920731
c2bbff5dc72e3b849b347b0902e91835b611196a48c57f1485133d6fd9277664,smol-rewrite,24833,0-255,247,0.901891
073ec400514b4fc78165529de2bf78bb884919dd02272532ab63309294795e6d,smol-rewrite,25496,0-255,239,0.859237
8b1423fdaf2f64076b70d3504bac5688a70651101ce5a87778fc9b48a9771338,smol-rewrite,26358,256-511,399,0.943488
9e12960073c5ee984b884294c5a773259415110bac84842ed0cc2c5b1979929d,smol-rewrite,26464,0-255,197,0.916815
f6efa06ba033d26e224f90126280bbb565c7c00a552d6d297a97acf7196df529,smol-rewrite,26758,256-511,336,0.929925
cd6672edbbb618f11b3e026edd5c26c0065a01b36a768aef0d80be248ed7ee3f,smol-rewrite,26834,256-511,347,0.926641
a62e9e39328edf270690543670bf8d89fbaa8752f9d13dbc315c050f5e64ded3,smol-rewrite,27260,256-511,389,0.921677
0a704a9eafcb4fa396583b337e3dd9e70e6e8de45d8da917ed9d43858bb7d807,smol-rewrite,27496,256-511,301,0.928989
d2465e7ddb3eb7914592fea78b07acc1faf0832d1c21eb9ef18516deb0bed3bf,smol-rewrite,28407,256-511,273,0.952687
89775009ccab3177bb5bdd8e2440f25ff6fe7e8ece64f584ebfc9c0b4a80a55b,smol-rewrite,28695,256-511,346,0.942168
e885ca40381aaff38772cf9f87a71d05c14bb7f3e4a5c89cbda1bf4dbddf36c3,smol-rewrite,28857,512-1023,536,0.932111
afdc688124dfb73f3c7e72bdd6d26db7b38b79832dcfc6306c4c032688f0984c,smol-rewrite,29013,0-255,249,0.957108
a1f18d4bdbe37d725b2e431cff6d4a7e5b959fbcf533b02b64296098c0b48449,smol-rewrite,29816,256-511,311,0.935689
0615659c8bcfb56126d00be4e72ffb4afc0f8ea9f33b7bb2095d49ee2861d4e6,smol-rewrite,30165,256-511,285,0.958168
79e05c92ba47ca1d8e0863e5cc3b11ce2bedc8df4f9ef0a53ef8df26cd821577,smol-rewrite,31198,0-255,239,0.953883
efbf8b2de89a610173c1e50563cb8e3501e549bec7663cc216bdbe5c096497f0,smol-rewrite,32233,256-511,322,0.92799
b341318719d1dcd489a945dbce87a75fdc39ac3d3242592577ebf36ee58a5b2c,smol-rewrite,32373,256-511,287,0.952929
7c4800fd48316bd48968885cf10803dde56fe44849ec14bcdaa061ddeeaa0eb3,smol-rewrite,32421,0-255,255,0.942353
c55a4c82a6abaf61322be74c58c1e05ec5ce8f2e6616f955100e8e105dc5a437,smol-rewrite,34030,256-511,290,0.937609
c2abdb2dafeb6242c52f01dbf0f24c206310447e3a1fa4305b54c8c3907bdc49,smol-rewrite,34055,512-1023,591,0.915707
ce872837cab9704b15af10d5bf21032f8325e0a9faaae0b0a6c302297201fed5,smol-rewrite,34291,256-511,348,0.941497
d3dafdfbbd1236cbf79570d1c787adc5d136a6a39f837bf1fc43386f94c8c1f8,smol-rewrite,34331,256-511,340,0.932331
d64ade1118b60599e77f09670d85933888db07aa1f643be3ca9915b0f4899298,smol-rewrite,34378,256-511,275,0.878317
37280973c329a9af9076b403972a1cf39ebdc97b61c30203a9ebf8359765a4be,smol-rewrite,34732,256-511,464,0.912724
8244a5ba1b9f39bb545ef7f6543d09abdafa0ebb6acb96efc757e090aedb4975,smol-rewrite,35804,0-255,203,0.933456
81336eeed6d3f82e3a86e53106d02045ea38786adbcc4f0f9db1d2f48734661b,smol-rewrite,36841,256-511,328,0.936946
032dcb8fa4bcb4462d6610850590b0ab9827a397c4727d81101c7f16fbd78c3a,smol-rewrite,37225,256-511,386,0.934569
2f7807d661c59c47c034c0febdf2874e12a6146e783a0209c22f6c0f0a0e2e20,smol-rewrite,37816,0-255,219,0.918868
c05d126fde2d970dba56c02a6dc5bcde83ef87e78b675275d53089968335c4a5,smol-rewrite,38375,0-255,235,0.958318
bb83d10f2010a1f78b974dd31c2219788640c0f243f3e746d22d5c13e12a9d67,smol-rewrite,39032,0-255,226,0.96482
6f0315583c46a82d99d417b59838534bbef08878aa508198169ebbfe28cf96ec,smol-rewrite,39509,256-511,453,0.942123
e7ecf4c0e9b9daa37c1597f49ae5914d380e54d44dd0a900c69d36fe3002de98,smol-rewrite,40244,256-511,308,0.939615
2d3674b0657cdd2945fdb167542dcc1b24093b10d0d2402a3581a19a7b362424,smol-rewrite,40654,256-511,472,0.93115
5c4dc15e203c7807dd157e8c9b612dd46f2164e660e888976272e1d9146bb26b,smol-rewrite,40934,0-255,227,0.963839
71a1cad2159eb680d3df01f9d63627667fe45b8a72f67a9d530e323b449d2569,smol-rewrite,41076,256-511,501,0.944066
c23840e4d52f7fa1ac6e85b651947548f9d1f05d7e59a62fbddfd174ac43713a,smol-rewrite,41819,256-511,332,0.926567
710f771c347c2b5cea2d50bde2fa91b97b17e8883a9858c54d6eedc3dedcbce8,smol-rewrite,42041,256-511,295,0.936208
8eae03d4c2e68107501a7ba7a9cf1997a58fedb55b25930bc9784e5bb8120ee6,smol-rewrite,44729,256-511,340,0.931554
153deb7e69b4f68d08aff906cd129fabff8bb884bb552fbfbf2768bda9ad45b7,smol-rewrite,44957,512-1023,515,0.927011
7f5c63813ac7cc1f1fa4ed867c88f6124cc131b425ac62cc4d59439b1203cc6d,smol-rewrite,45783,256-511,270,0.894696
ca46a3e5d83a709ef103023659a938a38a283c1a86e68bf54fc37bbb4d4c7bb4,smol-rewrite,46596,0-255,222,0.954705
7694ae69489e9f807c2d8ad8b31bdb4f5947ec857df6db98c9e3834975c8eace,smol-rewrite,48143,0-255,202,0.884885
0a14ba322b97a263412d313eb3da3e4368c05be636222de805f706c7452fac50,smol-rewrite,48762,512-1023,547,0.92737
2ce0de48f73c66debc65607efcc222d4a1f4a86bdc22fb3ed91f86285e4688f9,smol-rewrite,48831,256-511,445,0.928784
a67a13f4ebeefb9e13995003941238fe96b42c5f2f77b25da04b5990de49128b,smol-rewrite,48857,256-511,285,0.947748
ea6b9dd0d176d2c2538a33c302d1e54364bf26897928237305c0c609811af50e,smol-rewrite,49001,0-255,203,0.951642
7f3c8bbda0b206729bce208decd46765eef03b2bdfbe222a30d689586fae91b2,smol-rewrite,49852,256-511,369,0.903884
c747c2294325a48ebfc279920afd0e17682a95e61f4bf2ac1c33800c67c4b702,smol-rewrite,50466,256-511,297,0.93391
ef837f43100dcb8caef5e1f5ea350e18ce3fd91a68f0287f1d1e9c5bc45c55bb,smol-rewrite,50741,256-511,299,0.936768
6067efe3d950c0ff7d2231ccf06dbf33ef34feea98a7075ee0549a454a28a50f,smol-rewrite,52616,256-511,298,0.953554
b6e83f45581f0d223aac1cddc51f55b149759f4c6fd59b22c8713839be1d7b14,smol-rewrite,52989,256-511,319,0.930094
165f4fc900a75eba62e9f6978c1e2b27d58a6f6db89ae65c1bc5d94cc1efd43d,smol-summarize,67,256-511,436,0.889904
c35f2ef445c86b0775d4a2a541b5eb0d2535081ecd1544af237d5f8ff12ded0b,smol-summarize,336,512-1023,687,0.923074
9705dc9b4247e1148a9809d40aba7a6472456bfeadb0bc36ff2b2d067730e5e7,smol-summarize,857,0-255,148,0.800918
adf1702e49f117bebb00df0da726edc5420f44ca1d4d306e7196afb094271391,smol-summarize,2314,0-255,173,0.753199
0ff5b059b16119761ba5825154d4e113f579c1c2ce4ec394af62a17a94cfc7b0,smol-summarize,2917,0-255,232,0.755343
eec7588ea23de28c41d051e03e8669926eef7f37cc331f7529db1c554bbcb5cd,smol-summarize,3910,0-255,247,0.856156
07d948c9d085a171c68689ad6cb96812b4311c6b7b7e3811de7395a942e67d9f,smol-summarize,3984,1024-1535,1182,0.889667
0604358adea677dbe14c0f55da85bb7e7a1c5847799803f1f99698a3499650ac,smol-summarize,4591,0-255,231,0.809528
a47fa9c3419f345d95f38ec420ce17fb141cb83854a4d7ba2c5ed10e88069d3a,smol-summarize,4617,0-255,235,0.786656
1948d9084fb0324424f52edefbea3a73c2a3d7cc5012ffc230dcfcc1bd28760c,smol-summarize,4647,0-255,228,0.889763
75012b8e6f6cf66f113d4d67bf39a7eafcd91356858a80a90b969c199d7c9651,smol-summarize,5776,256-511,321,0.893389
6df69f692899487e96b6cd4b80abe60cc22704ac6764e819d0c387c915ed4609,smol-summarize,5856,0-255,225,0.764752
559edde131a3dbfc7cbb3871ef9aa99145997a13c8dada80c5a97a0f6d5d8882,smol-summarize,5998,256-511,332,0.915357
c433366206a10f746ee737c9c1a2e7bedd0e48e2729a65fd306b13003931bb89,smol-summarize,6036,0-255,208,0.827229
30225ffbb458886c55224223a637c53470610fe6382b4768edff29bb03f16a20,smol-summarize,6335,0-255,166,0.841397
b5dc0e248026d9d59ec9bf3a3939cbeeca73d2e415e18b9380d43d7f117d829d,smol-summarize,6435,256-511,273,0.879902
6eae110b5f8d2caeb258c7af5e9fa60e7fb6d5d63a3a8aa7c3cd8e58732fb1d9,smol-summarize,7579,1024-1535,1300,0.903995
86a231bac7f211048371fdd19935eafb66972c3e873c3fd130682ac28acceb96,smol-summarize,8997,0-255,211,0.746641
5f8d20726910af8ade2260066bc01d0a2611dfd4fa2d44532a732454d8b488b2,smol-summarize,9847,0-255,231,0.85863
7cbd7ac892a6026dc44df4fb8814789306ecf276e3ffadf223fafc00a5ca7155,smol-summarize,10280,256-511,261,0.738518
8f74143461e3dfd9925871f93ae823d5643069e21fc7ff084d646e587f961542,smol-summarize,11754,256-511,262,0.771456
ceddedcebde74a2c0b426f506729f4eda6185d0724feba9cf013189c363cf23f,smol-summarize,12154,256-511,351,0.881705
7ae8a10df7fa55270abbdbfc33855f1a89f6362f1357a174ac018fabecf628f6,smol-summarize,13017,256-511,268,0.858032
cdc3f4aaeca87c2776fd9deba19b802c8eaa37a512f5ef3ecbed8a2c0c2d0561,smol-summarize,13104,0-255,195,0.832411
7eb8b94f44121a9099f4dc19de9d6eba058a58e473b902013001ad5421fd1c5d,smol-summarize,13131,1024-1535,1122,0.905756
7cd2cb860a8bfb917e84ca4dc63dc8f229fb2647ad962084a7c55067a3d150fe,smol-summarize,14210,1536-2048,1571,0.834922
a19dd4f36b875de4072cb91b20904de63e7b14ac5bbacfcdd49116b3640f9e15,smol-summarize,14270,256-511,293,0.852322
ba31cbb000c48f13faabb95ee53161cc4f5398940e1ee102753baa73373173ad,smol-summarize,14482,0-255,102,0.789685
c7b5ed1262f6916acba6f13b22beed27dc48e5bd177d5a0bcae79bddc7318b42,smol-summarize,14513,512-1023,845,0.904621
32fea14a58fd6c25d28268690de62856a21524e1811c41f605c65a43feabeef2,smol-summarize,14598,0-255,188,0.854885
8544e46b6dc5638b902664dd6b45229a476b81126374d2346f3330d630d50a6f,smol-summarize,15107,1024-1535,1125,0.903587
ae1e4ee1bf0ac36219b676dedd10824b285091d5cf345775d13d78b8b33126c3,smol-summarize,15155,256-511,343,0.748779
77537c84b9591d076d88ea5b3a9a33b5694f95c21d0f9cb28994f15918423d02,smol-summarize,15190,0-255,174,0.864862
822e987c4137f9cdc635b25724b8696aa83e5d85f165cae3e7c770e152d74e66,smol-summarize,15404,256-511,267,0.911575
5a1044c23709dcd9d8deab834663bfc6b541c8b7356937456e28bafd54756f4f,smol-summarize,15633,0-255,190,0.791728
773b0b8982beda38658cfe0e3e042d27e9616029dc8de05d536ad9b5e5352dac,smol-summarize,16989,0-255,225,0.774088
e54e2300ebef21e49ac27669c4f7b9dddbf0e6f0c3b5b43af6051d491c17c155,smol-summarize,17348,256-511,307,0.863347
c4f0b20a259ee3d238a9bcbdd8ba14d36134688568a10859a3fb4d7608a04f3b,smol-summarize,17698,256-511,270,0.86736
c6930813aaeb05c4b5b5f9fb883b8f74acec8363d7c5a48f4cb88a19f8b1b15b,smol-summarize,18374,1536-2048,1588,0.837033
10eca734fc2f5d385b6f9c1b34940cac203ac73a3f2b19cceac12e82aa70d46b,smol-summarize,18400,0-255,212,0.82382
3111445736213d021f7cb85c1329c78e430810c3fb83e2fa96c01e91faaaff44,smol-summarize,20411,0-255,204,0.778058
6e71456788fb0ace57180003b51eec9a4a065a697d83748955bbdb98aa249c2b,smol-summarize,20986,256-511,270,0.849736
f597348355498198e10ba0684a0cf2b40fe55c11fc97bd5e0d39673ccd7bee37,smol-summarize,21029,0-255,218,0.773443
54a860a3830f775a8298c294b2850d3c582e73cf8c6b7ecfd5c8885a138ca6b5,smol-summarize,21727,0-255,230,0.886707
e5fae6b6cd21f4fd22cb676081f924eb81f07a16e9d5f9ca765f16590948f9a5,smol-summarize,22151,0-255,227,0.875629
0f2dede904f617703a48a81518b4a3b9e0511bd8ce9bf71829dd328ded1a39a4,smol-summarize,22569,256-511,346,0.914126
cee57e6bf9d60e718bdea31916b596b5ef200ec431604afff67fedf3df50055b,smol-summarize,22914,512-1023,961,0.908879
0995e92611d99961a45d829d71437ed6ce149e4266c1e49431eb909d2246c555,smol-summarize,23904,1536-2048,1569,0.826078
4a9f6723adcf6837030c59254cef1bfa945c3e317cc81aa9cf248cf2391d9369,smol-summarize,24187,0-255,170,0.833132
c99076eb7d53902c88a7a17f8ee96c2da1ef95ec18804a971e6a9eebd1ef5c40,smol-summarize,24422,256-511,307,0.776293
e4f382e66d7e2db3765212a7ebcffadcc1cc64a3040c93b577d50aaacc436787,smol-summarize,24788,1536-2048,1558,0.819363
786c2fbb4e0ef1da01b1adcfbaaebd53e6f9b2a715207b5aede5799d3ad32552,smol-summarize,26151,512-1023,990,0.906581
ec1975954f8bf60418978ea5b53711792ae98ecc2455f0969306676cf48e4c8b,smol-summarize,26343,512-1023,933,0.903391
eb26584e96fae877ffa7aed0e2af9b020b44ea7fad8cebb5dc7c38ca349ddb53,smol-summarize,26592,0-255,165,0.768181
cfc00f70b8face626d222407fd1c1f7128aeff4956617be49ab26866db78f405,smol-summarize,28198,1024-1535,1036,0.904071
bcacac43f5b1d8223420f424db9b9859feac5009ca7e711b895f396f2771dbc0,smol-summarize,28302,0-255,243,0.82699
3202a036761888010759a1c7ebf9e25d0e03c48291174c097e43ba19c02816d2,smol-summarize,28408,256-511,273,0.859494
c3d493350ed10d33c5470d2fc572ab5cd48b7fbfef40c8f4115c6046f6c694b3,smol-summarize,28579,1024-1535,1176,0.912946
4a6e19102970d8460b3a62995484c78f3072d20d739ac6775d7d27b325f05f17,smol-summarize,29477,0-255,227,0.869036
b1b9b497d016f6e40719ad7e947eb10bf1e105756bdd3e5efc7cd953dcdb5caa,smol-summarize,29492,0-255,214,0.751661
6354c6b213f80950120f23879077621c238862771b99975319225e6861954b59,smol-summarize,31204,0-255,206,0.86087
544b4977e2a1ec8c5ece116adca30f8662aa665a2c4efdd2d99e3a90ff934ea3,smol-summarize,32491,512-1023,752,0.908354
caf1102fec8210fc139d20fcc2e597b51e999bf29f4b1b972c1bd8b497989573,smol-summarize,32677,256-511,277,0.854269
26e4c91d1311191b16cea329d407e51f2cfc1fd36683359a7f83984cfb92a307,smol-summarize,33333,0-255,221,0.751721
cbbc7305cc025728cadc523d8afc668af2bd37eeffb68c18f5435bfccb49f211,smol-summarize,33585,0-255,223,0.85495
ebb6633213c4390e6807d4f3dcdab8a4c6c00837db36636f9e1ae839ec17c86b,smol-summarize,35446,0-255,228,0.842275
83f96799ffbbe775b41b7769b2368e9729237abe4883e4da3eebcb680a176005,smol-summarize,38609,1024-1535,1271,0.896849
5e36bf8d34c217f5c87240af24389cddc1e84b3d7bc34be9579235f9e88115cd,smol-summarize,39257,256-511,280,0.734963
0e539b997dedc5639a37f27e7798215856cfd7bd45e5b1202a405165b865dfbb,smol-summarize,39297,256-511,354,0.912205
81bdd77df5d88dee0b9282634ff7b62690ea24c98c1b423079ec9d26fa33e05b,smol-summarize,39737,1536-2048,1543,0.843027
375c5fd3628c399d67f32c9508968af992866c04df6a1d035682832079bbec86,smol-summarize,41628,0-255,210,0.827152
c7e35dd633bceaa8a009085344dc3e2ce225862d5e7e45dc7bfdc06ddbc30514,smol-summarize,41688,0-255,204,0.79014
8028b07dd380956aa20719bd885575efa1afc6e974fd43a2ef5fcde228e97e70,smol-summarize,42285,256-511,367,0.882331
0e5acd270db8b6d639f86274ce2f0d1e84089acc3af4351e3ada8701344daf46,smol-summarize,42899,512-1023,994,0.892455
f1609f232e34eb108b3afeb2ec4296430debb19bd93bda3ad499d5c4e8af58cf,smol-summarize,44629,256-511,271,0.752184
09ba322b4079de84b28ad604423bdfedce03c5e5f1bd2fd89ef60fe925aa8691,smol-summarize,45330,256-511,383,0.882592
ec84bc3e32bf8218dc2af8dbbc8c47fcc6e87a8d60f3eedcf3f42463d2529a64,smol-summarize,45820,256-511,308,0.86235
98aa0fce3154d85436d57508d9448a089f6a4808a39a5023b06bc720b93fb1cc,smol-summarize,46006,0-255,209,0.835492
814b7f72ee4f8f31851a9d288a54b88e3dacc1b2fe568623974628ffdb3f238c,smol-summarize,46290,0-255,245,0.869562
c0bbf50a7cfc66b159f3b37ac201e7deee0fb9274772b8a747b3d59dea348272,smol-summarize,46577,1536-2048,1608,0.830652
cbc8f98d5865e57b9e71a07d334f9dd2292f3ef5498258a8d540d9d8045f2545,smol-summarize,46962,0-255,244,0.740622
5db44ea8d782d413f4e43c11c63bdd3455b61ebbe3ff504a62843891383eabe7,smol-summarize,47554,0-255,235,0.855385
a02b4fcb7ab4ae9fa3f1bcb4645c4d3ffc39fac03c8823fddad8daa60aff0279,smol-summarize,47577,0-255,229,0.851133
6f170bbdbbcaef59cadd579a8f78a65c8191d6e358c60dbe8788cc9a02b8b1c1,smol-summarize,48214,0-255,134,0.770869
ebce4e96d3af2fb4ec2e57393b80899da4e132e34cead3f87ffb7c27dc156e9d,smol-summarize,49221,1536-2048,1736,0.81791
9ce2005847a4263926a9b956ba4d49fe567bf6008533424ee868f7e099622edd,smol-summarize,49465,512-1023,672,0.920267
e1ef249db70f507cd243f325f48aa120768ff8441f1e8d6570d8947f07148f93,smol-summarize,51386,1024-1535,1178,0.900885
2fcd1f6fca04939181f7a0e25e4678aab4cf1114c2ce60efce0786046854ef6f,smol-summarize,53075,256-511,268,0.74936
9b54cdd9595a8303f26e182fe5e73459fd35fc7a39149f54ad88767b66fbbef6,smol-summarize,53199,0-255,214,0.852864
9ec9362fb12da3240482d74a266679c7cd3c63cdf0a51e48d92793d6acd96f18,smol-summarize,53221,256-511,334,0.884919
31ba4802af6f6317874835be9db8bba5730ad4f047285c66f276ed10ba165c63,smol-summarize,53458,1024-1535,1302,0.891969
eb4410fc1e40a32767dd39c58473b7c5516f2de95a648a6057d32890123114d3,smol-summarize,53785,1024-1535,1208,0.908848
0bdcd9a4527fc20520ff5bdf6d18c9be493c084e27c9e301d3e14e567348428f,smol-summarize,54386,0-255,181,0.773598
af49c36c52dd2f8232c6da9a3b544c151c1b4d75488747f4279de2a00e4964ca,smol-summarize,54532,512-1023,528,0.932616
e18d0d5869267862c084f91d97a5032f041ddef167704a79df9c9c98d456f7b1,smol-summarize,54846,0-255,237,0.780171
e63e13ecac9383a717d65d3aa1273317cb579963d32e3498de1aec391903e161,smol-summarize,55076,0-255,241,0.771912
00c2d62b93623ca3ddff04d992d19385fd49334fe2c539d1ddf5a3be0227d703,smol-summarize,55227,0-255,151,0.772109
810cb3ea1053c5a34f9c1c710b6c4c5b0270eb88c48b816165803338dacc7fd7,smol-summarize,55458,256-511,285,0.754208
550d89df790b8261b99fc56c00dc3b84f1758cd4cab0a335dcc9d91fb074abf5,smol-summarize,56451,0-255,163,0.776675
9c81b74f539c2efad592356763e24dd12d4867dab1e9b19ef841e3a43cdf6eb3,smol-summarize,57634,256-511,417,0.88054
9ffde94c5352ea7a42dc3ba28b2a1d3a8a2234d581d17048a822ed664f1cbb57,smol-summarize,58873,0-255,254,0.859096
580e12adb4bae13db5680b9c866015807709a67fcf73b041999eaf2ba4488869,smol-summarize,59512,512-1023,881,0.909049
0abebd55cf50c7a114b17b1b0ef7aa1275cb469708a7e9720954f0452a646027,smol-summarize,59820,512-1023,907,0.907124
c8f9664d9d6c12eda0bbb5a82bbc0d3b476258135d38ba6eef4b4dc897e960d9,smol-summarize,59961,0-255,174,0.766758
5c61e899fbe2380774ba214e3b1513326cd6d838f59994fe2cf64cb3e7a774ce,smol-summarize,60238,0-255,142,0.801019
7bee99bc0395b77965032fec64df3da3b5973ce02c0f6f777b2a7479d0920aa2,smol-summarize,60909,0-255,231,0.849227
904f292817015e09fbd4b628d581580e092cfdd0ece2409c23e8f1362594048c,smol-summarize,60943,0-255,221,0.84371
7a4a2da880b25a62611465a86fc3b29da062ae4766303e6956b77f3e78d71f92,smol-summarize,61012,0-255,252,0.770102
1565a13cefa61a263164f3e20f70d45c2874c3c105c9388b457d0193c70a347d,smol-summarize,61104,1024-1535,1146,0.899245
c6128dee79784d98c540d2bf7ea504163be9cb1f269b0caf36dbe8318b8ae330,smol-summarize,61576,256-511,260,0.847218
c99185e6f76222d81a65be0b2dcf4c4f26b8be82a540428f7216fac1f540de48,smol-summarize,61590,256-511,269,0.856983
eb2ddca5b3499862e811b7cf3e92c343595d341ac5a89eaac080ced96b4796df,smol-summarize,61783,256-511,278,0.867535
c54f2919255db7b28db695e4d7dd26bcb92edb59307136c65870fc74e54e83ea,smol-summarize,63152,0-255,199,0.772433
7b1dd5fabe4b6e5029ee9910decd013f24137aa4993b271794a67a52047bb344,smol-summarize,63196,512-1023,915,0.90896
a190859da0019ffda9ddf8b3606278d024d09c54f3735beb4e86d30f08f876ff,smol-summarize,64556,0-255,221,0.832052
7eb76a4b146d4337503194ec0d9d31a5d569b510bc5d40986941e400ecb9e5a5,smol-summarize,64632,512-1023,651,0.910359
ba11116c3287d0362183c0707f6a3896267dcfd6e9e3f830283ca3b1fc99b465,smol-summarize,64867,256-511,308,0.835867
6c4deb1085c9f5a6f749d013cd6513823f8459b83f24d25255b93cae439cfaae,smol-summarize,65335,0-255,203,0.760011
97f8df071950e0c58f1e6acc69fdcc0284ffe12a07f9f6d303e0ac52b26df71f,smol-summarize,65936,0-255,239,0.873396
43023eae13bd3708291a7e172f8cb8ed38b91eae5b19e3fbef12d437b74afddd,smol-summarize,65971,0-255,239,0.834481
c52e63fb9c33ff1c0bc1b018c92b57bb73809fcb630429f0413a21582683103c,smol-summarize,66585,256-511,284,0.8429
7944d9bd6a4473c3ae6c17b2c9d79ad1cc19063a7d7ddb0efaf42f1950d48fd7,smol-summarize,68392,256-511,333,0.890522
97a963cf1352a1c27299d1e658a92080b6d3301e7a005c2fd9762a51c0afbbe3,smol-summarize,68549,256-511,323,0.901771
a2a7b1509b870605122287d504be7fef08b03efad5a9491ddfb1912b98c48d45,smol-summarize,69055,1024-1535,1168,0.904733
0eebb78794fbd9be7670cd7090f81952a61ef8fb771ca04ebc7e2e70213b50ea,smol-summarize,69211,0-255,199,0.852451
7db955a314474903958938aa3c7c463cadf81ccd471e4f0850bbde6cbd9d09e0,smol-summarize,69652,0-255,198,0.756632
699bd9331e941fcd1ba45509ad35619de901e3aa386b1337842a93f0a09ed6f5,smol-summarize,69865,512-1023,522,0.9268
9c668badb4261710d744230a2fe1f462da3681b68e318dae7e8ff6243e63a114,smol-summarize,70886,256-511,277,0.873612
7ded95ac2cdf73a0dd16e06824f395ac2c33fd18b1a0d007ba185f6a6de3e63c,smol-summarize,71271,0-255,170,0.754347
0dbe3dafffcea72fc2ecc3e7096cde6f02a1c838bf34bb6c64d538ee3598d18f,smol-summarize,72108,256-511,293,0.843881
06b35dc082ee32ddc073ff42fa6513fc6ee27955230a67bb384ee504700a699d,smol-summarize,75526,0-255,193,0.744984
e6a5c0a8b8ff7867808a321419fc565d4461def0eb9c4659c2077ef233601c56,smol-summarize,76305,512-1023,839,0.925256
2e7771722191173dea0506a1996d050cb7a36ecb8fe1349ea96e2b3ff136a083,smol-summarize,76819,512-1023,935,0.899739
57fd36892057acba6d4e0a81d19d3d26a5e685673b4b6cc1bac4fb2699a09ec0,smol-summarize,77411,256-511,329,0.895825
2c429ff98ccc6644af13a22bb81bcda275570a685a40e5dd158f983a22e0d847,smol-summarize,78286,0-255,245,0.778995
8194a9e3534eb02cd062aa71c53bb5d215afd244f74eae8c612e3978d3f1b31f,smol-summarize,78793,0-255,221,0.84346
801780e0aa18d73f22688f9c292fddfca54c5b8fc38cb2834fd655f6ec63bad5,smol-summarize,79700,0-255,219,0.837349
c046e27734273af50abafc75467f5b0dae7c5625e9fff123a5e7d2877d7ec532,smol-summarize,80924,512-1023,908,0.906379
1596c45e4f595189c4bb66d40eaebabe16ef390513067a72355c50f35d135922,smol-summarize,81166,512-1023,673,0.910386
4c354b973ea7a3596001d839e0133fe1a6c6e2b363d40f3ecda611e0b3b9be49,smol-summarize,82637,0-255,183,0.777503
855ca2fff3511de01fb463a001e13b85c73e73be9f90b065d57d8368bd560717,smol-summarize,82885,512-1023,928,0.911578
1f73b3bae7eb863d1d95579d7b1d5afe8b2eca45c824ca404e367cbb446e6086,smol-summarize,82999,0-255,225,0.770558
301b33f8fee822a416db933946bcaf9e4c71603d3e92583dbcfac565f9f6af65,smol-summarize,83080,0-255,234,0.855452
c0811c3906019a9ec992b741a59142113677a7f99f9d03197abe3946357aae11,smol-summarize,83426,1024-1535,1195,0.901169
6c108f4a83a95fd05f05d5040a28040ebfc50ec7d6c582e453080d74089c2d62,smol-summarize,83665,256-511,277,0.752183
60df05a95f643495856376fe71cc7b34618d81dc0cfa8e6b1e8c67400f6edce3,smol-summarize,83920,1024-1535,1151,0.91134
797ab16522de65f5f05e27f5fc28fc0c359ba736ab4c4be044a50ae94aa0a3de,smol-summarize,84212,256-511,261,0.758497
5d1d91f842e8c3050c6c019e72077b13e4885a605dcb67dcf0347e03ddd3b6db,smol-summarize,84646,256-511,332,0.872252
d165e489640b3000337610432b654bb2f43f35e0e789cd5a1d8fe6e70fbd87e4,smol-summarize,84848,0-255,245,0.82425
c19f125b1ac2f32b1110b8e0b58122252c9f30dff86c39346d4a5864c934daad,smol-summarize,85024,256-511,311,0.867914
c9ad0d86f9a96a1cef853d66b66209ddb23bd985909853d2878ced365b996790,smol-summarize,85809,0-255,191,0.752591
c5c63fa5e6c8600b8e27476c35c138182fab368e6426bdb976805bc4ef504b0e,smol-summarize,85975,0-255,160,0.760027
0aaea05fb88ee737007469dba637c19dc5c7d1b21a151035e0645f04b9f110e6,smol-summarize,86637,0-255,254,0.842686
afa2e2c7cecf2e521f0b3800c137315ee3e4de74644ceaaa1690272eaa48a7af,smol-summarize,87946,1024-1535,1494,0.889588
a63e3c5e089ebd475e1e0a87bef9a4f906905312dbeab7e535c514326596492a,smol-summarize,88028,0-255,178,0.771349
6b4498b722742e3ff84f6eb707eaf71d45de46f7e7f3ad2106fba908e1e647a4,smol-summarize,88410,0-255,173,0.760134
58994e7cfb022aa002f6ffa1fb6679d2c6d2dc1e3cb385ed9338067cbbbb6444,smol-summarize,88730,256-511,305,0.863585
c7449f48858b796d17fea598b8af8d6934605cf79f2ff7c0504da8887fc5679e,smol-summarize,89284,1024-1535,1431,0.90787
bf532f3e8464e882d027e4bf22ac6b5f158c73c0644a3368d29a9c7591508e54,smol-summarize,89461,256-511,284,0.829973
0aaab42229a82c9ebbac4ba5023af3aeae1eb2003cb3c0b042dd9e320ab802d0,smol-summarize,92136,1024-1535,1432,0.89396
3ebe19d21f6761ff32a141922ad6af73465af14d0c8f8f95454982e5fe5ef78a,smol-summarize,92292,0-255,207,0.762638
73bd4b492daae7517d86cc788d5e031038d228ec853c3f212a79418cb81891aa,smol-summarize,92702,0-255,218,0.722764
8658e91b057e19f9d4a78554ff0e3bf5d947e7deeb29dbfbb1d1ed9ea49e2b44,smol-summarize,93336,256-511,322,0.871065
c014c1c6bbc34c1a480e3c5621d7009320497fcccfb7aaa807dac4a23f0f10d4,smol-summarize,93434,0-255,146,0.785292
c32a96582e3de2776751ccf22ec61a4035915041e63014ba583c89900b82b5e8,smol-summarize,93505,0-255,189,0.834032
8a0beadf5e9ad3406477a6870689ccffa150314ac6987c58d8b0055d5a166608,smol-summarize,93619,1024-1535,1309,0.89296
3234ddada35ea649cf91b6c78b95e563efc1a2eaf3b9e5226d97c447d9aa5381,smol-summarize,94283,256-511,318,0.726022
594bc5f404c3136ebfff228aedfcca6645b0b65c316d6f6cc8c34f58d6285e8b,smol-summarize,94445,0-255,194,0.761165
44797cdd26c2c289b5a04c15a474125c90eb4f20aca589f06af4959d934bf05c,smol-summarize,94802,256-511,302,0.86313
