example_id,source,source_row,length_bin,token_count,quality_score
2320cf78d420647315e14f6adb1414c4d4ff6192827686c7a43514da2e4856e4,smol-constraints,1602,0-255,163,0.928741
74268a6fc15ce07bc2f5cbac3e55379a4a2132a7bfe412e89254a0d5cabbb2d1,smol-constraints,1797,0-255,144,0.918361
1a6525ddcd772544bbeb0f337ddf79605dc4c69d975023a80c2592043e3349bd,smol-constraints,1847,0-255,146,0.942822
685ffc09279ee472b9f25fa5866468d240ebde5f54b80eb356315821ccb65cc6,smol-constraints,2697,0-255,143,0.972727
611a3c31962f16e4681e51498ea04b24cfa974148979451dfb1fb323a14606a0,smol-constraints,2788,0-255,162,0.9655
53e88659b31522a8b780e76445c4266bc81b2ba54513e919ae5ac8e76fd1b5b8,smol-constraints,3117,0-255,101,0.879759
2f7ea399ae06d16761d88da26b8fc623404388ff9fcb08ece5bda8ffb5bf7ae9,smol-constraints,3332,0-255,148,0.910403
e4f5d60827378b0dd385802eed1dca34f77f66ab9619236569dcfbfd95445fa0,smol-constraints,4017,0-255,67,0.755078
3e9b6ad951f5303ddbf441a751ff4af675da85bc6264dacb72feebc62a0ae756,smol-constraints,4682,0-255,89,0.825594
718947d03166a44f9db00089485f8e1501755aba0756285eb1d0a704f73cb765,smol-constraints,6287,256-511,295,0.94629
85fe708a23dba75f61ceca4714d086905176bd00177a802dec10d80e38b5348e,smol-constraints,6578,0-255,143,0.828238
56ed0441ebb9266948733a2f8e220a9e8dad14059c8b133de9eced1053fafdb9,smol-constraints,6913,0-255,136,0.916963
e1c6c5a9f552b85a47335f230ddd2989902fdb3f656adead39ae4cebf7b758e8,smol-constraints,6975,0-255,149,0.95701
e4abf92de00909836cd394cf3e60c33bf7800110e066a2652fa65b4e4995d808,smol-constraints,8066,0-255,227,0.943606
46599305af1b5df84cabc3acc7c23c81269914be76fbf116cdcb229d4d87d7d3,smol-constraints,8759,0-255,210,0.956057
1e691752ddc62af13553cb942ba8de7968d1dc3067e8e851a873fb0bbb48552d,smol-constraints,8918,0-255,220,0.941741
cc888e61d3b73a04201760fe45d5ff01355041f0ba6f27b146a4f7b5bb7c2853,smol-constraints,9652,0-255,153,0.910045
1410353e79a8c462e6e2a728e02bfc89d9788fca97143f29a8df65a5460b3bbd,smol-constraints,9780,0-255,105,0.827083
cc09e394432ed11ac84072ffd05145c05c152b5d82996111f3169bf69ea6f364,smol-constraints,9850,0-255,127,0.903619
24cfbaf8a9d9331c05854bdf517b59216f7c2a228735773a8bf2c5b2a308ecb8,smol-constraints,10194,0-255,130,0.917131
9799c004bcc4e97ce2da1f212eb4513cc264dd79f7b31ae9c8449f339776b970,smol-constraints,10346,0-255,156,0.955544
88f29984943aca2568fa2a00a4a9065a0729d4da342c9c72836644e2cfd51b3c,smol-constraints,10714,256-511,368,0.917124
399c301f6396e4a34919f1ffa12e133c94116f4922367795de6c549b0bc64177,smol-constraints,10762,0-255,142,0.837293
57c14bbcd197ccd8defaca9e3ef88b93d59c9176fa32f8a78adb65adfe99d0d7,smol-constraints,10884,0-255,205,0.924295
76494e76aabe9c3122f33b9f3135981f095e6ee6bc1c00a79dafbb9431c33221,smol-constraints,11052,0-255,165,0.947779
c740eef14645beca910b3cf2aa7cb52a6a819019563fe02dbf1e056490b878e6,smol-constraints,11293,256-511,385,0.925198
1cb73dfd79c43e78e24cb91a35527b980711f6196d2e3be9d8a2187fae530984,smol-constraints,11336,256-511,430,0.920374
6dc395e98f070469964a5e1ec22cb8074a564665d87624ed007b31fe80e15794,smol-constraints,11560,0-255,205,0.889012
3e9d849fb2127c190308d5e7c26fbf23457883155de60e0da42f16a373f207ee,smol-constraints,11843,0-255,206,0.956018
3c96676069ab17ef10cb24384b8b3f8a9e326da3636d06116dc54e94836d9ba7,smol-constraints,12066,0-255,213,0.946991
aed91cb83e3bf8cf22a4ec5ba363219a1e013f7fc68b6754d7945f50453d8522,smol-constraints,12148,0-255,81,0.76937
f71c178cc20300d22082c218b1942a480b72ee6393eeecb59d976b7218edbb95,smol-constraints,12240,0-255,189,0.968878
6e0521a409fe43cf77251c3d1884cc794912ffee0c56d05ddf3a8323f05ca71e,smol-constraints,12589,0-255,112,0.855749
4c5fc8852cb9fb39c8c930e6990ec6b0319b520baf64ba6b3a4e12b1d50ee60b,smol-constraints,12918,256-511,292,0.927676
7f20e4fc70af5822ce9b85b3ceb9f2dbc6741e7f88671b8dfa84df14771ca802,smol-constraints,15080,0-255,207,0.972806
da7357eeb6d133b3916212b9420d5835ecf5ee1be0f44de82a5fee59bbe70bb8,smol-constraints,15155,0-255,158,0.967165
87386607ef477bcc49296daa46584b39fd53614ae8b8fa50614861d62e4bbd6a,smol-constraints,15820,0-255,163,0.908132
e2ce5e2365ed6b79652d02764659061103d37a94861012282ac7904d6219dd69,smol-constraints,16064,0-255,241,0.945732
23d1a33f79051903c39a5c74d2a9228e881c4ba29d876d88216d87e18bea99c1,smol-constraints,16609,256-511,263,0.940176
2e7305db0bd719688a4eeea22789ce21d98c722a7e11b442bdddd90c2154fe1e,smol-constraints,16660,0-255,176,0.959052
d50152ba795bb1169ccaa096f4e6213f0f11866a84ebb2ac26754ab00833d3f9,smol-constraints,16718,0-255,213,0.905023
1e48c74cd889a14123f0a7b15bf5323325ba8e391818cff979d557ec326cb262,smol-constraints,16985,0-255,192,0.958516
5efb962fa235593922ea56497ddc97130559708f77c630d048255db8920cf51e,smol-constraints,17476,0-255,171,0.980405
dde46ae55a72f99c2668517f07627334ca24a88a4b08d7ed430c5ffb0468ba16,smol-constraints,18432,0-255,189,0.908007
5120583a3ef608ec19bdd51499692010a0a9a895fc993ed963c8be4fe90d0bf9,smol-constraints,18476,0-255,57,0.789755
d66abc383b2b9c794d5fe1ba499d0f79b6737090a451c37a498f9ab6d9c959ae,smol-constraints,18647,0-255,117,0.9161
33ee2b8eab0d395fe9e834b4c5c7f7903f058c90a260c7ba91401e59c5a691fe,smol-constraints,19060,0-255,177,0.866801
30ede037b1aca0c7f9f3bdd600951172bf67c21e8d7ca57ccaa7280f7a0695c7,smol-constraints,19126,0-255,159,0.964813
8455b6f4512ebdd3053462ad210a75df81bce3707dc25f1da47b5d368cce37a7,smol-constraints,19151,0-255,185,0.936711
59ed7688ad2b60e39371f7189ad6fdd44bf37ee2af13921af5cc5ff8f676cd1c,smol-constraints,19410,256-511,293,0.939009
f1e9ce5622c2e659b98ae39967eee4dc6c9b406d2b82b2c10025e59e06767b59,smol-constraints,20735,0-255,156,0.860576
7d7b77e47aeb74d3c3b6156ccfe1781712d9b8034cf46d8f05e4adf8b7537a5b,smol-constraints,21947,0-255,172,0.906518
77cb264584becfa7659c704e702e2e4d6c75b7f520f192291daa1eca5344f92d,smol-constraints,22755,0-255,190,0.95671
553304371fa7f05680bc83a69cfff9eef18e296d542b16f8442cca493af2c3ba,smol-constraints,22939,0-255,67,0.771937
2cb4b11433ad6347e35c94c0e4c7484d5fb82f2931d0913750314a81f89b8eb9,smol-constraints,23660,0-255,192,0.949177
f7a0cb083974f0f706fe1f51cb344439c5c95d6146d9c24dc3db785c0325fbcb,smol-constraints,24305,0-255,175,0.907973
f38a9e7b03c90544ec80f5e4a70c1cd0a298436cac4ae45df86d10ff55a58464,smol-constraints,24457,0-255,205,0.872085
06710c39469d42bcb7c389f6c2feb54d4ab640a8b308dd6a88173f28b4d8b035,smol-constraints,24676,0-255,179,0.917066
7cecce437615a43d5461f3bc98d9f737a66ba830fe0ac1da21711b0bb0c4b943,smol-constraints,25090,256-511,277,0.933834
bbab3c17a76e4de0094caca3124b5237dcabf8311acd61663cdea034cbaf13c7,smol-constraints,25275,0-255,191,0.91363
7f266872034097c2893f45823493629e7a359de106872b6e568e1cf1e34899d9,smol-constraints,25283,512-1023,562,0.908944
7dffaefd9792e09bdaabc31bdf2b5ad3625d3babe52aca565720b054f626730f,smol-constraints,25536,256-511,470,0.90591
52e4709c50c86ce32df9660add1e30ec265588872c43a5be4ca80ebce66446c5,smol-constraints,26397,0-255,235,0.945659
ca1619310990e37e6970ff27435c4403427dd1f3b8ee1d74f1ffc568143b3db0,smol-constraints,26619,0-255,153,0.962744
8913ec47536fee1ccebf9c893b0538eb7606d975b5fd9a091a6eff9746a65e3d,smol-constraints,27471,0-255,171,0.9357
1fa282963e784acf3a297e7f9a0fd16ba361e3f1ee319cca832ce365961d06b1,smol-constraints,27671,0-255,159,0.915218
198b05ed33640139d939f3b8df267610e2add47fbc4c1149811e920875a6a734,smol-constraints,27736,0-255,166,0.904986
89a70157271681e582cf030e8f34bb20da680ccdf12d4f36ab3fdb78cea1c425,smol-constraints,28035,0-255,180,0.964069
d56da6a5ccbabe40675979c8a249fd86d3fe7dfd62c285636e0f0ab020cc7914,smol-constraints,28377,0-255,156,0.979016
1bba5cf6ea7cf98433f7e10d4a3ce24d2f8a43c0546386128796882bc99908c1,smol-constraints,29197,0-255,235,0.945648
a9a97402dcb4c04aa8ebc598f70bb91e88fff1b0ae2787900ecf4cfd1ef1269a,smol-constraints,29228,0-255,156,0.842399
13e6cb1e5d1ff86b049c44edd5acabf93f1c4017e4466aac5f55709a6294ce33,smol-constraints,29338,0-255,159,0.939244
c4cbd01d9148033fc2a13c3a92ea2c855a9d9bcf63b592c324834f3b70f29b81,smol-constraints,29770,512-1023,584,0.905994
63c33578ec7fcb1c6a83de78a4c488950d2691467325c94fc52787ea64cf08d8,smol-constraints,29923,0-255,58,0.775194
6ecb4f96180d1f0704617de2051f57e5b79653a216cab32704dbe088158cc038,smol-constraints,29943,0-255,146,0.944942
68816498be9e37683154bb8ae095b0a81f7d8c5de0a97f3588088b1a210cacd9,smol-constraints,30282,0-255,160,0.941642
ab3fee49a74ad49f255ed74e059a4957651e6504829665e92633a5e6cc764dee,smol-constraints,30451,0-255,114,0.91608
52cbb9e5202b98461bf54df76bfca851bc85de0e9133caea18222dce3e2f274e,smol-constraints,30584,0-255,145,0.957486
30677a9996c617ec065aba717ca25eec62cd44501e93ea89c0175f6d32ec191a,smol-constraints,30622,0-255,180,0.912436
2e6075fa4a11df34477dd5a2ed06710c2e9df2c50466886725b0fba0c66cd000,smol-constraints,30717,0-255,224,0.949178
7cc19ab0d39266bc04c3966b29bd5415bf848741f15d96b7be4de9afd54748fd,smol-constraints,30758,0-255,97,0.855694
d030008359fd7291ac5cbc81dbf0bbb08b76067c0a785b0f38e825fb60fc460a,smol-constraints,30947,0-255,177,0.945847
57c418ee0d84186a565714715fe15abc60f8a0fa2cc93a8e8e17f0630b429fce,smol-constraints,31050,0-255,255,0.94053
45a1988482927ba13a2c8a30ef15026f2fec70333e92aa3c4b4d1688a173838b,smol-constraints,31638,0-255,114,0.84387
b7ef936a6fab70ffc34a7414755ad3cac5019e6f5a4139915e21f7077cc68651,smol-constraints,32277,0-255,144,0.883939
878532dfbf10de320221554f67dc79486083bca40f55d596c676042bbe2ca336,smol-constraints,32349,256-511,305,0.947066
989df9b95bb89c84bd3199c2164bbb50ccbd741ca6e535f1f34363c9d402bf55,smol-constraints,32976,0-255,157,0.962202
4a98a0fade55da03f8efffcfb0a3b582def2655f86f2ae83ffb96962e088220b,smol-constraints,33244,0-255,154,0.913954
4c0be69cbb802bba89b54f4c096309aff189fa44add1c0baa053db673a2ae024,smol-constraints,33295,0-255,119,0.774043
46ece7668bb7e8217b1353a7cf0b4828e0d07ceabee0ff8c0dded9ba41252c04,smol-constraints,33499,0-255,176,0.901213
55f4257f9012fb5b6edd5d99aefe2f770b5a9965625b7cfa23dca5d61e0e1d09,smol-constraints,33864,256-511,302,0.935744
ae62bd93aa3f8c1cf56a975c0b38a05e5662ce97798607bc0b7940b8ab07ff42,smol-magpie-ultra,551,1024-1535,1340,0.880525
9c9ae2843a3ec77a8ead69447e33b1b4ab025b5c28f0afac576d7bf4bd1ec107,smol-magpie-ultra,610,1536-2048,1688,0.838001
4a9064a803769d0719915d6a2fc07a4b025b5fad98a5a50c08cc04e67171ee83,smol-magpie-ultra,832,1536-2048,1549,0.779345
963968b558ee4916e0b4efb265bb8fe9e92d85832eb1679c5129a9ec43e505ef,smol-magpie-ultra,1006,1024-1535,1425,0.889846
cccd4846225cd044552891443852e1c132183cb30b22cc7bcc4f852cef887c1b,smol-magpie-ultra,1078,1024-1535,1229,0.866529
3057e4852bc76089bd6bbd06c83bce7a202032e0b97b7c47cb1989d5dbe63747,smol-magpie-ultra,1470,1536-2048,1990,0.830674
591dd5e8608f5df1f6a5474bc835b6927791a5a7f6deda6d7fa9b7b83e26a766,smol-magpie-ultra,2380,1536-2048,1780,0.831998
b3228cc546eb84b87cfeee65342f98e05abdfde78398abb34d91bb9b34976f50,smol-magpie-ultra,2477,1024-1535,1138,0.884893
ca4555e2d8ee0b3fffddba0a17dd05e1ac1aaab280851ba77e27046729675e77,smol-magpie-ultra,2590,1536-2048,1765,0.769874
ca0aad5ab525cd8833f58833114405d6a847eec7512f8d03025b8d889c23803e,smol-magpie-ultra,3314,512-1023,907,0.912596
bb67914f7d39fa3e39092486d2ea969577cc4901299178550f0de1f2c27aabdb,smol-magpie-ultra,3990,512-1023,800,0.881226
014ec115444deedc3a1ac9f959b9847cf233cb6490e1dc93d00376461d0307f6,smol-magpie-ultra,4117,1024-1535,1353,0.897268
764f5d1229b36da23305210bc662dc8921327ca32d01ab32d6a54b730a457c15,smol-magpie-ultra,5080,1024-1535,1216,0.904731
61dd37ce85cb2ea7ff4e7a606efc83bf22c77dd3b3d29a21dcaa7141ad3c9270,smol-magpie-ultra,5489,512-1023,1015,0.900926
15d5b685cfe152f7b748303b207127b33f3e0470f7e83a20320b1e4ebc8aac28,smol-magpie-ultra,6206,1024-1535,1475,0.893577
f27aed6bc701272e3a589010ed2c5aceacc9a712612b8a4daf9cf2f1f4bf95c6,smol-magpie-ultra,7102,1024-1535,1184,0.882984
dbe8342f9cdbd3c6ddfb2eb115e503fc0f71a802815e3edc33bc9e681c158ee8,smol-magpie-ultra,8852,1024-1535,1425,0.88429
f2bbf10def5525e2e11fb1d97bd308a552a5f4ef2a617184deca2451436ef201,smol-magpie-ultra,8898,1536-2048,1540,0.823533
b61290f4069c53cf0f9508b703585abccb5040862c9a784fb4d761cb75c28b2b,smol-magpie-ultra,9851,1024-1535,1435,0.873323
cae802011df7274e3ba2bf3b96b403651f2c116e090f8035b998aeb397344be2,smol-magpie-ultra,10268,1024-1535,1100,0.876336
1715dc888a530e060bd268bcc32274e723fb68f2e6b372c9e11e04f787d0b865,smol-magpie-ultra,11612,512-1023,894,0.862378
042211d07253308c748bbe5c69e060a3ef00c2420821ddad05e946e13bbc1e02,smol-magpie-ultra,11703,1536-2048,1651,0.821358
801d846eb555ef9e2c4de2b561a9868e22057173060cda0507702a29fff74fdc,smol-magpie-ultra,11772,1024-1535,1423,0.896786
781cec9895cfa55eb5ffc69241ebf9566d0bf3194c832e2e5b27f71dff2cf4fa,smol-magpie-ultra,12142,1536-2048,1599,0.831552
ae1baaad242c9f55736bf36a866f0ed08be5925b663fbc28db1058068b584b10,smol-magpie-ultra,13533,1536-2048,1692,0.828469
d2160b55ba4bfc72e74606db4e70460624b1bc14aa577d83de78596f2e810b09,smol-magpie-ultra,14068,1024-1535,1396,0.891535
10d2e8d618b886b342f59c7e64c27737779b5611c438b070f0c15b9f3ce11461,smol-magpie-ultra,15930,1536-2048,1538,0.790283
c250921056f0f9670eb51c9eab34250eaad43a25952c5b53ad27bee1cb72b480,smol-magpie-ultra,16028,1024-1535,1228,0.850955
30fdf369bd97b94e0430175061ab27a62d6531f0834db4798f220beecb2cb49b,smol-magpie-ultra,16395,1536-2048,1586,0.804991
3a7a597ad094e06e8545b4114d4a9b4c4e5174c2ad0816321ef72ca537c9137f,smol-magpie-ultra,16746,512-1023,1005,0.908215
d690cd87ecdee0d2de9fe119df514b03e2cd6468e85dae3407593302364fd1fd,smol-magpie-ultra,16850,1024-1535,1309,0.872474
e511516de7deaca0f8449166a2fcda7f2b3c4c5b6255d5c0c4c0372e9d6136dd,smol-magpie-ultra,17332,1024-1535,1100,0.876582
322d70717e5947c5f7b8ffa3be3fe62781272718e70c74b9ed26320fe68fb46d,smol-magpie-ultra,17426,1024-1535,1152,0.872757
1ae78f82a50ab9fc89958bc3975bec424485df2d598837da80189f141d5e7f0f,smol-magpie-ultra,18680,1536-2048,1846,0.788863
a29d80ee2d24a03a6f61a1a3b91be372b82470d4bc202161b60decfd96483c56,smol-magpie-ultra,19279,1024-1535,1447,0.896727
ce975654c7ece2f591c56388a4444b8798dbdd9f428ae9f1e2e7bbd6a61b2d00,smol-magpie-ultra,20169,1024-1535,1492,0.900817
ce013bddf1a312d2a2cf53d0d412bf7afccd2c28ae3029cb8fa45c8e4a4236e9,smol-magpie-ultra,20963,1536-2048,1832,0.812817
098434375b1234e06056c53af6b714dac5762f560fc44275d4801cd0d444ee72,smol-magpie-ultra,21125,512-1023,549,0.887575
094b5d42d3b569bae6fa9fa9e5f8a6aa80f7539d9cb9c5c4c7cf85728f7d02f1,smol-magpie-ultra,22086,512-1023,996,0.901505
20e4d532822ce9f9cd821ab6e3d22239c66dd90c58883d90815718784353ce98,smol-magpie-ultra,22127,1024-1535,1250,0.883338
15534de0349373fdf2cc61db486f3b4a5796f00aa37b16054ec5c72334ff36bd,smol-magpie-ultra,22227,1536-2048,1907,0.784142
79d3ed99dedb1b1b30155ff6b6d9c69366a2f0e3ea9482ab5975ce11d3934744,smol-magpie-ultra,22253,1536-2048,1667,0.83426
290569242be05a1002b602733664d9c473f1b04297ef645d7185f74e8ffb9856,smol-magpie-ultra,22407,512-1023,656,0.869709
12a79f4d3ca44a0b89cf0d1d62dfd0f5762b709cc5fe962baa87200945cbcc69,smol-magpie-ultra,22585,1024-1535,1160,0.840092
54655d370fda96bee23a2bb7bd3960e1745d36dc45351ba1ea413303f538c7d3,smol-magpie-ultra,22613,512-1023,846,0.873464
de822358774cd3877ce2c7f69091e1359fcfb358ce2ab833e3d9cd6d7e6d3595,smol-magpie-ultra,23165,1024-1535,1363,0.891283
c57bf9a8dfdf03c2cda604e67e32c704736af66c8551d3f76bea00586a255aac,smol-magpie-ultra,23958,1536-2048,1765,0.800688
859320e8c4b4885cb0fc6efb851e82aa988254317b31aad8ab49bd1aeeee8f5e,smol-magpie-ultra,24297,1024-1535,1163,0.897568
512d00203b83764efae491218705d89064effce3e033f70e5a0f253b724ef6bb,smol-magpie-ultra,24408,1024-1535,1468,0.857458
91f59cf5aceabfe76e55bf6344b803bb8148022a11380ea221e12a539dad6d29,smol-magpie-ultra,24528,1024-1535,1142,0.895864
7801d7d13a57523c59a9a45e01bdd493b170c7b3840d0c51293440c07c8f4e33,smol-magpie-ultra,24690,512-1023,553,0.849691
9c14f72b1c18d0fd6eba407001a573dcde9db001020e785411ed8f321fbc262a,smol-magpie-ultra,25394,512-1023,787,0.892809
b650961c4622a434f382fa8df0cf935fa9d138b3b9ee9d14a6f0a4ba0a99345b,smol-magpie-ultra,26624,1024-1535,1230,0.852972
a1fec9bc3df1abc1b7e4b994bb8a44a398b0d7eb4c6d0e8e6920b4b8b3634820,smol-magpie-ultra,26664,1024-1535,1160,0.90661
48bc6928d4c59e340397734134614578a51847e03aa7030062ad2687199881f8,smol-magpie-ultra,27255,1024-1535,1329,0.886438
0fc71f6c302e16f75d253c57752d770854f550acffe88ee818770af4922ba63f,smol-magpie-ultra,28777,1024-1535,1497,0.893089
b6593e65c7f0460f4e91f1e8ca53b93122d45afb50d2f1a456a9f2315267e969,smol-magpie-ultra,29359,1536-2048,1765,0.819621
68b6996016f3bcf73e150cf26ae9a8a32794b401dd226e1b28444e5429965d45,smol-magpie-ultra,29533,1024-1535,1449,0.857285
63bf6f8760aad81c38d1cafb3ac3c8b1ba9d451546b2a7c15a10fedeed355dab,smol-magpie-ultra,29795,1536-2048,1646,0.811928
0369ef9b114d373db03ab0f88a9551633ee04dea2beaedcd7eb1f1c5baf764ab,smol-magpie-ultra,29923,1536-2048,1816,0.83061
c706f1130bb6a0873740c50bb7caca42fb8e1f778ed291b1b1ebd61e27c72b73,smol-magpie-ultra,29987,512-1023,811,0.844772
ca706cf4bf9da828fa1d3c487b6d9667b85af6a4a85683795b29a13426e7a379,smol-magpie-ultra,30819,1024-1535,1403,0.842522
c6c15782c03e7765411557dd6c4c300d8211e486a367cca87cd36f50ab1cbf28,smol-magpie-ultra,31278,1536-2048,1700,0.824702
7e2d9b2a7eb988751fc13a701489b9e770cd135c82960564c5997487dcd49179,smol-magpie-ultra,32440,1536-2048,1942,0.777665
0556966a44fb92f6f539abadd87cd2a913c6200068f5da1cd4f0ea42c220ce1e,smol-magpie-ultra,32503,1024-1535,1337,0.898043
95d140b22a6999129947bcac20e91b9fc83453f2179fe1443025b3dde9877dd7,smol-magpie-ultra,32990,1536-2048,1783,0.799459
fd65e4d0ca1c338f10e00658198e1eafe4ee939bb6232f3f4121114200459fdf,smol-magpie-ultra,33070,1536-2048,1967,0.822683
e100278cfd52f774b7ecb5148439ba3a549a33ed39d8a8e249b2ba1d4e27a1bd,smol-magpie-ultra,33263,1024-1535,1374,0.886643
c0d23d7613e5434d5b5fbc46b1069d51da774067e280c27ce986883ea7c29e27,smol-magpie-ultra,33635,1536-2048,2006,0.806285
760773f5d5b7ecb92209aa0b68b4ca3bb7ebba9115164fb6da5004d85dea8b58,smol-magpie-ultra,34484,1024-1535,1393,0.847619
5e19b5ae55932622426d9377dd92966eda1b36da0c1c90d6411a669db99246e5,smol-magpie-ultra,35478,512-1023,917,0.907179
b22d215c39f72fa4ac5d53fb5d216b8439e14ad0ae308c9cb2ae4e45b38c698a,smol-magpie-ultra,35756,1024-1535,1462,0.891077
5fcd863f2d6ba5d9a1635855576089bc569eeb4f4f8d63ad4cbbd2f2a30a4d33,smol-magpie-ultra,36214,1024-1535,1186,0.903794
c915c1eae4065e203d1e878e82a98709f3deeaec5bcd6fedcfbe4dcbe29b0ea8,smol-magpie-ultra,36660,1536-2048,1572,0.81688
95ac84a6b192f415b9f975a49b172ae443c33bf913817402e3bdeadb04a9d8a1,smol-magpie-ultra,38032,512-1023,896,0.898051
6bb3c53fc8cd446ca94d48381e9fe7d9dfeafb6e4c82f6b0c6f9c828ec86a4b7,smol-magpie-ultra,38149,1024-1535,1360,0.89105
c4abb1589299850634d100299dccb957ef511034efad754963baa93a4bf93a0b,smol-magpie-ultra,38582,1536-2048,1711,0.815633
a26cac85df06fcbaac8f0180898ca665e38e935e40a91c0f903200ae7a2c681b,smol-magpie-ultra,38799,1024-1535,1182,0.871344
1b350390b93eaa927316787738f5c8fea8adaa8e27cd7dd1f22b3993a524c447,smol-magpie-ultra,38844,1024-1535,1433,0.880995
b3ff33b43558c958c6e6b29112a014ba535d61dd004070c3b2f5c36d57c76cc2,smol-magpie-ultra,39308,512-1023,813,0.89704
16af766818441f1339f95773f5df447c9c70582004c9f15c2c8c286072e9d863,smol-magpie-ultra,39589,1024-1535,1334,0.900318
2ea7bbc0c1e95de79122e73791fe930af3aee7ed012e1924f0e7b691be1ff7cf,smol-magpie-ultra,39620,1024-1535,1196,0.91149
acedbc86365220ffadff1125aa1a71ba1afbc9d0b5f40745881f4480549adf6a,smol-magpie-ultra,40157,1536-2048,1979,0.771212
1ba8952fe130d21beb3678f19c10e3ab1939ccde4c07cf64511542d8f59bbf39,smol-magpie-ultra,40217,1024-1535,1146,0.884655
aa245327f51b63c83ce6765c0bd6aa19563f9aefa17b4ee3dd78a66ccc33322b,smol-magpie-ultra,40305,1024-1535,1295,0.905235
0f6f11af9dc2ba38846a52a579a7cd2fd4b0ae54039e66bd187bf03cf2f5d087,smol-magpie-ultra,42580,1024-1535,1307,0.818232
c82f01e9d0030e42b473654b727372c21ea23ff4d7f2e7f90a60608d1e3e3c58,smol-magpie-ultra,43408,1536-2048,1693,0.831101
60c2e1706ea0f0ef4c6e85c04c9deefb5b06b4f336ca86ab2f060432bfd7117e,smol-magpie-ultra,45403,1024-1535,1484,0.891408
0a0fc9d84bef86d11af670d5fd48ec079a629111b1d49bb51e3e503d6710cf57,smol-magpie-ultra,45595,1536-2048,1667,0.797195
c0d5ecabaa10a5aeade571d6e14bde10d75b99a417482349d64a83d4d8704638,smol-magpie-ultra,45657,1536-2048,1648,0.803509
a5b1a596a541a106387d3d74c69bae0f971a3ec12e4561ad896d750f120e5bdf,smol-magpie-ultra,46026,1024-1535,1172,0.858384
af8e94eea76c323b5297c1f142160a82ca648b925a7f1b3c4002a77b312fc7e1,smol-magpie-ultra,46332,1024-1535,1505,0.851688
fb3b7a9000d0982a194417a9f073528d8c264185b7cbe563ee0f96ccfa4c8808,smol-magpie-ultra,46625,1536-2048,1981,0.803923
81f8d7b06a49b051d4173b78c7d0a6396af52668df3335d6feb7c6e6bab96af0,smol-magpie-ultra,47257,1024-1535,1306,0.868672
a6ec97d1ebd53e191f366ac08946418f20cae903803dd03b85991173dcc87428,smol-magpie-ultra,47374,1536-2048,1675,0.829108
9fcf67f7d350bbb9f91404f149c4374557e195a5ead792322d6d0e52fbac2ae7,smol-magpie-ultra,48344,1024-1535,1187,0.832352
3a7408c1212dd0371c1b52144f043bd8437d8c83be64bb3a61a7c2afa1ada499,smol-magpie-ultra,49940,1536-2048,1639,0.828961
736a828ece6b023f2e4538b70f2376be4b5717cb42d5c7377709c620373da867,smol-magpie-ultra,50103,1024-1535,1101,0.886165
b32b78083cdc4858ea006476cb298a70d6b0763a01b33c60c347dcd9c39e5913,smol-magpie-ultra,50587,1024-1535,1532,0.861657
fd850c5b8860b16e783550c06a9df07befe3acc4b394b5ce14135b0ecfc5448d,smol-magpie-ultra,50724,512-1023,817,0.860281
1e1f54044599c6a530418e2446a1bf26f6375355660e845a07bfc1427944211d,smol-magpie-ultra,50840,512-1023,929,0.861527
344078317c2c3cd6fae7d50104f3282ab1e2e52f30c746a8b5b2074e86fa5d1c,smol-magpie-ultra,51843,1024-1535,1168,0.856209
ec0e5dc37d3b30b6e8ceda261c51922a6c893b74108a1126f59134b5598a47af,smol-magpie-ultra,52005,1024-1535,1165,0.900355
d847590d40e020f31005513ad4b11f933260d145f331770c3d9342fe6abdb4e1,smol-magpie-ultra,53801,1024-1535,1331,0.85311
cda789ed4d90e818ed928e8ae18f5a0b60e3e0dfdcaf5365c3c42bc72178f4cc,smol-magpie-ultra,54261,1536-2048,1609,0.830408
ebbcea6d94a0ccfe72e042f1ca5be73595d0838ba8efa5a3dae1d6a6123ada13,smol-magpie-ultra,55501,1024-1535,1469,0.853478
c30c8b6be965d0a0569b21cd8b2671fb7ede1c481103269bc177116cf10744fb,smol-magpie-ultra,55715,256-511,475,0.856749
44d33c5a2835c9fcb2f15ba6ad6cc51d65834fdf9d1a0ff7a6a903017b5f5a36,smol-magpie-ultra,56983,1024-1535,1376,0.89131
3d0ad109f8a53cfa3b09ca9fc8635f161a2d8c2daddde18c4148480910e9675a,smol-magpie-ultra,57186,512-1023,757,0.880509
8355560930ae1b59c0f744c8e5a80dc4ee13b452296c0ba83ca2b5c1c42b02a3,smol-magpie-ultra,57981,512-1023,904,0.855862
80b48f95a17b89b7032471bf68b1ffc6bad96237dfebc02d8a1f2845792988b4,smol-magpie-ultra,58147,1536-2048,1706,0.80322
449f370e69fa42c2b3496d681ac1340afd664903fff98467f6d89bbf1a1b30d8,smol-magpie-ultra,58761,1024-1535,1308,0.894947
347664f4a2d2e336e8e26bcfbd7db8671bd8652bed1f580dc752b8bed2ccd111,smol-magpie-ultra,58984,1024-1535,1406,0.894982
9d3492f2ddefa5b372a302cf17c3e68d16e208d338f7190b5156dc71ce08699e,smol-magpie-ultra,59948,1024-1535,1149,0.873845
fb30467543082aa37dfa4ea5338d32cf8e9b185aebd35eb910bea4a376c9dee6,smol-magpie-ultra,60134,1024-1535,1500,0.87094
3dbc7ee4518d7c29bc7187d516ce104ac271e4a7783c2ef08eb489d6cbce3c12,smol-magpie-ultra,61448,1536-2048,1787,0.7772
85c94bbc62becc27b543bb0712ee2cdf659bae9752f19883b051754ffcf1fcbb,smol-magpie-ultra,62099,1536-2048,1646,0.830466
dd71658c24315fe1661e20f98a83f194fe7e5df86261bb7a013de2d8b8b7e28f,smol-magpie-ultra,62190,512-1023,790,0.876681
135a36ff308880ecb8289eec58a26057bd7850f763b16aeb569e02eac85b0e06,smol-magpie-ultra,62302,512-1023,861,0.871499
60658c245a96707d43ddea4cb15dc8ed285c76433b692ad0e6c3e0c444f1d9f9,smol-magpie-ultra,62952,1024-1535,1213,0.900344
b785e8cc74192068f7160f0dcbf548c8f1722d42858ca669b228b4495f6f9802,smol-magpie-ultra,63664,1024-1535,1439,0.850109
50a7cdef3401a79c7d86e3d8d55ef83e13990a68503edee7a84a5219e005d08f,smol-magpie-ultra,64040,1024-1535,1252,0.880829
e20f2618dc7cab5454b3154a9891f66b0893abdcbacf8aa89959d80fe5d65bda,smol-magpie-ultra,64240,1536-2048,1547,0.800471
df22f89f6fc52572b51b4d4e72e3e581ec7f6ae2addad84d52e0f3eea42b5e36,smol-magpie-ultra,64444,1024-1535,1524,0.887415
506e7fa6b71ead502b0551974ddcef6017cfc65296493bc5e73ff709b63e41cc,smol-magpie-ultra,64608,512-1023,960,0.896358
7227b33ddca3aa5e9bd76e33fad5c3bec380de2be3f3380fcd2371679f5217f6,smol-magpie-ultra,64815,1024-1535,1425,0.882825
77189b5d04582ce7c3acaf1a4e7a994b39bd2422168a53fdabc2bfa09385c70d,smol-magpie-ultra,65172,1536-2048,1631,0.80408
f58299ecda7d9c2c4f87fa922625c95d3b3aa7bde6c3a377f39be089bce7188c,smol-magpie-ultra,66281,512-1023,924,0.911073
44723e4835a5a2dd1bc4cb5e1af0f4e628aa5091b0f3a337f136406200eff95c,smol-magpie-ultra,67729,1024-1535,1083,0.869031
f218e015a861a2325c43006812272f3bf58bf71bb5605b0f65e015451bee30f3,smol-magpie-ultra,68000,1536-2048,1547,0.821745
c947d6add0efd48d99c0e697e5311231c861d68dcd44aeb4b7c5d9880dc35f41,smol-magpie-ultra,68183,1024-1535,1355,0.88696
f28352c9c1996617a04f9bf60a74df2ff1a48267a2e074331cb22063c3889624,smol-magpie-ultra,68753,1024-1535,1253,0.87418
5515f6de3a4c29928229448569c5a9458f6833d5560127b6659aa4a3b3736c6b,smol-magpie-ultra,69117,1024-1535,1353,0.896082
2ebe6f2a5d4eb182986e3d772b917449e5da7b82450846155a4db81fcee81d50,smol-magpie-ultra,70045,1024-1535,1413,0.89495
2ad2a82294b9b8db8559766352c937de89379a55cc88865b8d6268e329aec293,smol-magpie-ultra,72034,512-1023,753,0.855478
2f99004411d50aaba174aa52ef2d770765882ffd45e66220371140af4270e62b,smol-magpie-ultra,72448,1024-1535,1448,0.902874
28a33201d48848a9ad5232ccda16d099ce226aaf5d69b71844fe0e72b2ae812a,smol-magpie-ultra,73191,512-1023,917,0.882561
2cb1659b1210a3fa0addfd088f510429d69f2307174147177d9abf04bbbe195f,smol-magpie-ultra,73640,1024-1535,1093,0.906183
1415711bbbb1421203397e9bc4e3b588741cb89ff6c08825b208b52843b4d40e,smol-magpie-ultra,73658,512-1023,963,0.900567
853586e27969527edaaaf9cd1298204fa403fd481db60816ac0120f3f6602d3a,smol-magpie-ultra,74543,1024-1535,1212,0.856623
32f391180ddc10653ac7ef72dac8df99aa65f959414802556a73a2eb098c666c,smol-magpie-ultra,75231,512-1023,866,0.856327
e553c38b30c7c02324e15b3ce1c42efc3c9a194880306e2f46f2be8248b66b45,smol-magpie-ultra,75684,1024-1535,1107,0.845221
bdb6febeb525e12682714578637590d8823f22f390ef4755886f3a099411cbe8,smol-magpie-ultra,76184,1024-1535,1445,0.88999
65677130e6b843d7481aa3b99ca41ab738b0039afec1ea65503b537c35bf6b26,smol-magpie-ultra,76687,1024-1535,1535,0.873942
4b3a139bb112bae7e32f86b2d0b3d1676a0167a27fdfca6bf0b3924adbdca8fd,smol-magpie-ultra,77473,1536-2048,1743,0.820865
ecabcb56e44066e6c6a746638ffa796386024ddf3f6bfaf15e2df4616e233626,smol-magpie-ultra,78072,1024-1535,1426,0.877178
7bb5176b030485e57ba17e0727e8fff4690f35cb59e79267ea0ddb47316166e5,smol-magpie-ultra,79034,1024-1535,1429,0.89672
2be94b2b7d2745fc91ff7ff0e1e833ef09469a8460b95aeb95626e28c14646b5,smol-magpie-ultra,80191,1024-1535,1303,0.89758
d9527c559f4535cee83b7545cbd92aceb7563430092f94f85ec63223baa5fcb4,smol-magpie-ultra,80680,1024-1535,1170,0.868918
61dd989a7da703e522d738c093eb091f6803340ba247d89a1e5821c35c5dc8af,smol-magpie-ultra,80709,1024-1535,1120,0.861345
259ef299e014c6fb7c75a364ce4556ecccd45e039177b601df0d59b9d92c8b09,smol-magpie-ultra,81798,1024-1535,1309,0.871808
09d6ea2d1f884caaf2ce26436bb4895969c39dd34ee37684116f15094fda6334,smol-magpie-ultra,82534,512-1023,930,0.8641
e2682bda929f75474dbfc2e09a4a46b75fac9e67c753cf71931f4a4abf051df6,smol-magpie-ultra,82835,512-1023,636,0.847583
796d1f71912d33ac1817151569f283a2d244604ddce16dc600c4d13e555421a7,smol-magpie-ultra,83708,1024-1535,1267,0.878872
2c89d06df3825612136d847918f311a04ac46c86b4fa1f80c11031b14af7d62a,smol-magpie-ultra,83733,1024-1535,1034,0.885398
14e36b9558962fb06eb572dfc3757745227462bf313d51278d71889c60058fd3,smol-magpie-ultra,83966,1536-2048,1790,0.837496
9146418a6274ee82ffa8bd1076a014e4860adad7e38756d564a863fc323798fb,smol-magpie-ultra,86913,1536-2048,1633,0.827459
aeb8065ab4fb9f98d5a00b43441cb9857abc05a59c3a01a6bf1a9d8ce81f97d4,smol-magpie-ultra,87043,1024-1535,1467,0.897781
5e7d94ec67f5673c387032ee5aafc384bc5dcb2f65fa10b8c690fdd7b0b42a43,smol-magpie-ultra,87163,1024-1535,1331,0.88381
8c950e38a317be8760aaae001ef98725e5985b96c566ae1ca24ff40868a88bcf,smol-magpie-ultra,87579,1024-1535,1511,0.862495
deec25dca54da470726ea324ff44b0272c227b53991860a9552aaebfe24f22f2,smol-magpie-ultra,87928,1024-1535,1349,0.896469
938ed0e4e2995279edd5593a588717cb1e6a44311b1fd5580fba5b1e19d2141b,smol-magpie-ultra,89546,1024-1535,1379,0.835983
882b37405c909e8eb2812d230e6bf3929c85e6b7a8ee5444a11934556ea90031,smol-magpie-ultra,91265,512-1023,842,0.862253
2bbc1710fd426425e20877147af5059a4293cdce50c3316c739efaf0ee2f601f,smol-magpie-ultra,92065,512-1023,807,0.910631
e3f744dfb2a4212d8a997eb882a2e64894b93e9777d9171882867662c319952c,smol-magpie-ultra,92611,512-1023,989,0.879478
6c0a76f95488a578bdecce1d49d9412c9102aca6bfd0e293121159488c428f5c,smol-magpie-ultra,92718,1024-1535,1340,0.892278
1fb974d4b938e2c079dbc6cff58458ec6b676ba1da22ef9d8372b586d439722c,smol-magpie-ultra,93320,1024-1535,1232,0.854053
848050c0651b0d20df9a90611fa6ee29c7abf3aeab128a25b45f42b440df32a7,smol-magpie-ultra,94424,1024-1535,1481,0.870688
876b0f37f4a160acc5845989977aa2eb7e66f300921f603ffecdafd32889a788,smol-magpie-ultra,94971,1536-2048,1635,0.804528
80f52bd6fdb756dbcd121f37ce3f3208ac76a19b54ffbd5725cf4d8219d10e50,smol-magpie-ultra,96394,1024-1535,1447,0.877404
bb4433c562296dde601cdbeb91eb6c7de4df3994a55ab89a4731496dd9d44438,smol-magpie-ultra,98124,1024-1535,1336,0.907798
60140b6775a68d9d25e33e8876755ef46a262414d8166be80838e926e3d3df1b,smol-magpie-ultra,98620,1536-2048,1911,0.828642
b24b8ee046692b3bec9b3ed4a1b8fdc2b1346b6f176e5d331d446ef0f6a96694,smol-magpie-ultra,99248,1024-1535,1408,0.897994
ee4770f47fa6a70a44515305cbe34ae6c4e988ed6544703e2afd03615a3e2726,smol-magpie-ultra,101127,1536-2048,1614,0.805299
7b45ed6bcc46ac7de121b1e0f6a472d9ba6eebc1ab2bdee5342d21215b63d7d6,smol-magpie-ultra,102033,1024-1535,1171,0.897635
d5bab6de37eb40e3b6a188b9fb0a4e458bbd606a10ad91267cce3a477265f21b,smol-magpie-ultra,102951,512-1023,815,0.911202
7a7d805b8080ebf79eff40c39530fc4444ab670b375a719f6ea6b9229dc883f1,smol-magpie-ultra,104610,512-1023,1010,0.905553
0b803aab2993c3ea94d57d0ca8a5d3f9f414c9574b422a0c06379df8a8eca0c9,smol-magpie-ultra,104741,1024-1535,1436,0.871288
edf66ead079eea50ac610243177dea127492c6b96c06663781a9ea95a44728e7,smol-magpie-ultra,106953,1536-2048,1796,0.821181
7d62c1c8d9c9ff88617dc19df2f9ca35e42b52209cf86978781839ab1011a6ee,smol-magpie-ultra,107202,256-511,492,0.886781
6dbe45edfcf188eb6c8542ac2565084697d879865ad0798ee69a505d93cf2e47,smol-magpie-ultra,109591,512-1023,919,0.905524
0c40ddac279becbd2d66a5a22d31886b1b138341e8c5ad4b565cbf3060504a4d,smol-magpie-ultra,109761,1024-1535,1350,0.884084
a289919a8971e9ba4315c7a6e22843c214c30cbd5d4232435c14cfbad372d5b2,smol-magpie-ultra,109803,1536-2048,1633,0.825052
5284bd2f52481f189760b248b034a7ab196d45765c2167f8dbc4a5d92d1d2657,smol-magpie-ultra,110933,1536-2048,1663,0.831982
0a273349cf3f8b5e3dc43c57bf773728254fd70ac5159b18285a51f412e410c3,smol-magpie-ultra,111060,512-1023,985,0.867937
4d081578a5a51562dec7a7527e28b41a63bb53d25c5556ad51447a9eb16d535d,smol-magpie-ultra,111282,1024-1535,1432,0.904679
813d302bf395dea92f1331dd40064225dcd6b2442d2a9c1c9ed3b827e1052240,smol-magpie-ultra,111339,1536-2048,1589,0.821209
cbfca098f647112087eccdf7aaae0eded9fc63feb426fb509beb9bf0e730aff3,smol-magpie-ultra,111528,512-1023,840,0.86691
3f0d99c1e9fe6f00ac3d16b5c8f0176d12a47ae933f79371d3c6082e51ce44ad,smol-magpie-ultra,111584,1024-1535,1286,0.893444
e18315cbc32dabc22ac4d029a21e4d637d9ae966de7f5d004861c6957c1f1e0f,smol-magpie-ultra,111935,1024-1535,1303,0.904673
eb12d88a65a60ef17fc2e318ea1d6d5dd0796303aea53f55ed5c9dcdd63e0be8,smol-magpie-ultra,111999,1024-1535,1445,0.883905
830c758e4dcf63c559b9b8717d2317d5b474a6f1cc912aee8afa0f1fa0dbc763,smol-magpie-ultra,112974,1536-2048,1742,0.815355
19720401d204fde9ca14747e9d041f0389cae3cbfc4cee7a8599c2a1b2b34b00,smol-magpie-ultra,113723,512-1023,906,0.87975
e143fab1945e629a5701f18006e0091d2146c384104505a1628b3028d09cf972,smol-magpie-ultra,113984,512-1023,1008,0.859833
111199c5825942d5bd075ccf4797d71bab5ec2ff4684a984d7c1dddd0915623f,smol-magpie-ultra,114199,1536-2048,1651,0.804531
a17cff0e9e0bb1ad48ba522f10919f03b5109f87c6031250c43c50208b1ab4ae,smol-magpie-ultra,114557,512-1023,944,0.905248
80745d539ca1660403e7536c21c8bf985efcc083689abe6ff0ed23c35fed388c,smol-magpie-ultra,115276,512-1023,900,0.903862
4e7f141889452c73b94444476a028a123a302be5f5666a2508c8dd49c17caeef,smol-magpie-ultra,115538,1024-1535,1114,0.882708
816cc1100ce8b8ff707154ad3807708022204a1a56045b5d8fbaa1a79eeab3e3,smol-magpie-ultra,115629,1536-2048,1621,0.81834
444a1c9ae34ba691cbd78253ecff8c1de9b6d069a9ba144461e06e940c7e3ed2,smol-magpie-ultra,115679,512-1023,917,0.904583
27386a989125918a8a0c3bca8d61916216f1a6cd9718d89bea01705b9101e276,smol-magpie-ultra,118487,512-1023,991,0.886861
ec163bccc56616007a5ec753f01d5ee74efb9f7ebdc41ee6197481ba87525a04,smol-magpie-ultra,119145,1536-2048,1539,0.800602
2e79337cf2907b831ec71c0e1b0db941f2701b6a84178c45092493c0fd3a5be7,smol-magpie-ultra,119334,1024-1535,1409,0.902987
52ce175cc968dbe2d54c88f0395ec27216443a7571883a65ab65bfcaa0b43af1,smol-magpie-ultra,119731,512-1023,1016,0.847626
c4e9fc6881b40763fffa3d8f7bc045ff26e3f0d635de4d6a0012157f63787c09,smol-magpie-ultra,119789,1536-2048,1617,0.821413
67aeee75adb3fa5c522c67cfda2da5f08ddb493887c62392ede156bdb39eb3ed,smol-magpie-ultra,119911,512-1023,771,0.867859
d3b146e14e311c8320f6bc433efff9cf5d7f7bd16d7054b3b02f957d6927f6c7,smol-magpie-ultra,120093,1536-2048,1724,0.831302
a4b8ead431e81ec5c04c6fff925a242b36e2e93c30ac646cb09bc58acffbbc6f,smol-magpie-ultra,122816,512-1023,840,0.907991
1f7e1d2233e71ceda1bd6fda428706669a0e614df509552ed57422132db7fe8a,smol-magpie-ultra,123085,1536-2048,1539,0.820767
fedd011cd4e9c57c0b3f3f94edccf7b9d773c2ee4d4427fc217bdb430ef44dee,smol-magpie-ultra,124895,512-1023,620,0.883714
c5fd23d40f24d2ac47449dd09f22768e3050b787966a9a0327c23c160dcf971a,smol-magpie-ultra,125511,1024-1535,1218,0.884845
71908125b96c5b2d9ef45df668ebbafea68a6a27b1be3fd6c41efa7dd5e9c215,smol-magpie-ultra,125566,1536-2048,1831,0.815466
446397a1ef346380e6dae3cd1574d24855908e5f5325486277c1fdb0ae90b7ce,smol-magpie-ultra,125628,1536-2048,1636,0.840734
c6f94237067eb0cc9551fc6e90c59fa3b9df023a60fb7d437ff18cd06c15d8db,smol-magpie-ultra,125810,1024-1535,1346,0.860505
c2195e0475447723e106dd3edc0854ae6e0388a2d1b24fcee48620a3fdf7a689,smol-magpie-ultra,126253,1024-1535,1047,0.887096
6d56563ddc77ba16ebdf5a8705a4344991f7d45b4cd6cc077dcdd461af1e30a0,smol-magpie-ultra,126422,1024-1535,1363,0.844245
66c4ca09f1c80838502ef026bea6f104434d1c855573f438bdbdc3b469bb7fef,smol-magpie-ultra,128556,1536-2048,2012,0.796154
d5571f3e735edab1fce194cac2d0b9e02454f455868e9db2ff10c6b108ef4904,smol-magpie-ultra,129145,1536-2048,1679,0.82739
31262f7a74c2efa7519f382097fc4f6e54925fe576c5cbd476d1a5e4fa4d211e,smol-magpie-ultra,129157,1536-2048,1707,0.827172
8e36bf900adc69630bdb19286e791a7b4c61125b7daa268908e544a1cd947309,smol-magpie-ultra,130006,1536-2048,2035,0.820752
60c0b13850d40ace9f1b07dbcd156b130ecc88369e191c6512ccf9b5252bfeac,smol-magpie-ultra,130714,1536-2048,1755,0.782486
86014bc81cf544f5f802d9fe53badffc1baff3b3ad09eb867abf88d6df4368cc,smol-magpie-ultra,131516,1024-1535,1352,0.888197
a7922ce5c06a98cd215935dc1117b32893811024bf5ed213b6a21da32ffceed1,smol-magpie-ultra,131548,1536-2048,1734,0.803843
3dc3ab351da46e62952c92bb5143ca0ae1f1e46358a9c73e10789477c82dbf37,smol-magpie-ultra,132951,1024-1535,1207,0.887153
21dcf59a0b1e6642d8c33152aacb9033e0d4630efc53aa3041eada8f1c857407,smol-magpie-ultra,133253,1536-2048,1716,0.824292
816d02dda3fdb5af62c9a5d2b47e47357d2b54dcb61398bff0e5278dc98c4a25,smol-magpie-ultra,133537,1024-1535,1250,0.839278
ccd073390863f9a51053943f7a9a60e1b257bea4a7f2ef69fe29107c85de9e68,smol-magpie-ultra,133807,1024-1535,1044,0.897876
938dd7fa0694dcc38e2d5c2e92ce5657aac63680a5dbdc38cbd37eaca143098c,smol-magpie-ultra,134034,1024-1535,1288,0.893013
206adf6520086e8ac0d5f84fd21d7d9810357d23d24e8b4e98cb5e1ae70b5932,smol-magpie-ultra,134177,1024-1535,1082,0.859957
c256539718054029f43df1da7681e89f6f1f11a7be6476379bdc28cb45b5b0eb,smol-magpie-ultra,134852,512-1023,994,0.878227
f22838ee3eced861502a582bd9ac6475ac316b798fbae0cf8f1cb9a485db9ba1,smol-magpie-ultra,135458,1536-2048,1618,0.837677
412498e05ee3c6dfe0ca1ae4112ed9dc235392facc78a62e848957a716234172,smol-magpie-ultra,135574,1024-1535,1152,0.910057
c9c499510fdabcd1ab143a86a0a42a3e90e915ddcdd0ca9bfb9d2e2961e50df1,smol-magpie-ultra,136308,1536-2048,1939,0.826943
38516a72b15bd807de2a6a21a0fa95ed3ef73476d31dc7e4de85f4003e5d4de8,smol-magpie-ultra,136923,1024-1535,1214,0.910011
cc8936b58a67f706209ec642aac65d2eda5c003e6362c0f56818d6058fe7f2bb,smol-magpie-ultra,137181,1536-2048,1640,0.8313
38d93e0d970211da4c8230eaa337f2212562fb23aa4ec410f319dd5e2b02d3ee,smol-magpie-ultra,137235,1024-1535,1317,0.871579
6f61c73594ba1c26665e6cd70db233e77b2c0303f1fb488b47015d1973bbf928,smol-magpie-ultra,137593,1024-1535,1236,0.834781
7bd916009b5eb3ae7f9a9d86c738d11f92f10e96e0857ef8dc4c828286700630,smol-magpie-ultra,138374,1024-1535,1446,0.870384
b30cb0973d23d1fa48c44e7ff911b6870a01d13da3362eec3108590dcf6616ef,smol-magpie-ultra,139895,1024-1535,1378,0.87577
26b09f9717e4b1e81f56680604683873178f513610fe80698bc20cd9b391b06b,smol-magpie-ultra,142823,512-1023,910,0.868117
13733bc0ab5b58dbbd209e389835203908bda82f0032aad96285c68aa0b4df69,smol-magpie-ultra,142893,1536-2048,1552,0.826009
d6388ce301c3fd792fa2f4ac45d815c8ab49d6ba5310e0f207b16e0d23004997,smol-magpie-ultra,143661,1536-2048,1624,0.814324
f2c3341cedc78538e2e11613c210014f2700eb0f1788882afbdcc9a8d9b6067f,smol-magpie-ultra,144051,1024-1535,1170,0.891974
3f38ea43ad05d3f956f1017678a6848f58ae191f82290a6ebd599fa6aa919bd4,smol-magpie-ultra,144780,1024-1535,1112,0.900509
28068149872322e17f9c111ff5da3c806cbb540eee1b5a513379d577906df5bb,smol-magpie-ultra,146313,1536-2048,1983,0.812488
79a79673b9acc6a7410edd37f191d74bf249a39a0ba04739091828adcaaf3086,smol-magpie-ultra,146744,1536-2048,1565,0.818575
0b155f2614834ab48fe2f2e6d6371cada4befbf25b2069e987a6329ff0f523bd,smol-magpie-ultra,147537,1024-1535,1348,0.87625
e8101f9a1d1fb9921e9629e9badea5f4d53638cf3a9ca0b26cc7a885e8e4069c,smol-magpie-ultra,147855,1024-1535,1435,0.887288
93eb199905e519bfe0c5a1aa7a63345a1b099a242464b27924dff823e3b55a0c,smol-magpie-ultra,148073,512-1023,822,0.869951
21a81bee9f284c8e4c418bf3cd54766cb86d1dc6ce4ab837d760826d7d442ed7,smol-magpie-ultra,148824,1024-1535,1263,0.866746
2df41e6d869df4c10d0ead397885fa74bc8cd35411dac40e0f447f0e338dee51,smol-magpie-ultra,149396,1536-2048,1574,0.820324
d9b124afa8031abf8ce3979a10bed8fe5a3517b55558c36afba60ec7fd5e2abe,smol-magpie-ultra,149406,1024-1535,1038,0.869091
d9b3e152e85bbbf4cacc4281326cedd63499cb554e601da2da5e309c9126472a,smol-magpie-ultra,149835,1536-2048,1664,0.83441
884aa439fee661d42f1161743bf4e29ac91158c1e7559899b790281bb4307aaa,smol-magpie-ultra,150527,1536-2048,1568,0.833742
54005803f5303166ed4141a3d8a69229c8556f4d9ee314a2d21d1ed99d688d63,smol-magpie-ultra,150678,512-1023,965,0.838079
a9e01a95008faf09bc4ca8ed6611dd824e827980fbe06becd7de1528e209a2d9,smol-magpie-ultra,150712,1024-1535,1383,0.83375
fcb924be6b44214b7324213156ae4f0a14edf3700ec8788969ea6165020c0da3,smol-magpie-ultra,151004,1024-1535,1403,0.891138
abc8414bad40f3951829de245246263cf0a6287029c827f8c4b8c0b7a35e7dca,smol-magpie-ultra,151359,512-1023,854,0.873787
0ab99bffec63e8a0afe748b92221295728e9be519d3f35af060a7750a9ff8441,smol-magpie-ultra,151543,1536-2048,1707,0.826508
0f918c6ad09f29a7d2c1339d32e881d1689327663fd13ed5e5122b23c89c30ce,smol-magpie-ultra,152026,512-1023,903,0.909434
1bf8465781e63c1f93ca65ba9742b96df370792afec55276f102b5aabbafcbee,smol-magpie-ultra,152159,1536-2048,1731,0.782243
71e43c9cdd0c369d2dce982382a7d2c2aba3c781c060c95d6dd76c66bdc4539e,smol-magpie-ultra,155163,1024-1535,1487,0.894771
c642f5e2ee5efba72cb1f70fc9c8e9c3e1b944d633fcb40ae7143fc51ddb253b,smol-magpie-ultra,158506,1024-1535,1515,0.891908
edf0d9cf05871371a699b65abd63e18c9eb1b6d279ecabb6e2b6a61aa268d9f3,smol-magpie-ultra,158724,1024-1535,1297,0.892003
96879ca444e026ea1f5723fa5d1fa2a870c9b98263924e245e5b248107162a95,smol-magpie-ultra,159526,1024-1535,1367,0.902907
4b38ae6eaa26151152151517449fb1f7566bdaca36eaf98d7065fc796e81d1f2,smol-magpie-ultra,160205,1536-2048,1737,0.828882
42b6ec2ebbb1665afef36bc83387ae1ce6f369b5cbfe79d6d82fcc5cd33e691c,smol-magpie-ultra,162387,512-1023,1006,0.868373
192ba4eb2fd5fd5154726e7a7a05be19cdc29f9cc7b038bbc7d6893970733bfd,smol-magpie-ultra,163181,1024-1535,1422,0.900247
1e34d6a9b0facf9dc4049fc234221baf7665e903d77d0300c287f715ec300dc8,smol-magpie-ultra,163487,1024-1535,1306,0.892701
85acab19ecd95f35763d6987e7b91fdb1e880c87bff71a2229d9df9295579e48,smol-magpie-ultra,163682,256-511,416,0.923729
dede8ccddc3f5313ab3f2d916c95f541a3a1e44fd460c3f85f6b68490423ad0f,smol-magpie-ultra,163941,1024-1535,1446,0.884151
d01892b7579532bf1d51c470e3500e713a28c17c1c40c17728a16af2d871ca17,smol-magpie-ultra,164721,512-1023,834,0.904806
893fe1dc3821edb2b4f5193284197c074bdb3ab1886081d8dc01887bd46b0705,smol-magpie-ultra,164806,512-1023,997,0.857227
4bde1395c1ba6f1beb75e9820b94c450ff867e78277c1b920d5615cbfc7f7c7f,smol-magpie-ultra,165277,1024-1535,1477,0.868404
1ac073822be15a2f9e5d04957f0837a8eb74fc01e775c4b1f6a16fa0905e680c,smol-magpie-ultra,165412,1024-1535,1373,0.844572
70072bdf9a914ee24c2eaaa78e20994e0e4d5cff01786698ea78dfdccca578d0,smol-magpie-ultra,166299,1024-1535,1108,0.903091
b926743350e49238467ad54f1f192fba9715a7540795e9911fc99d6c63927cf4,smol-magpie-ultra,167768,1536-2048,1590,0.772974
19089afec18774190128e63cd195a2d3c1d72429abf3a8487b42dba08e50f5e3,smol-magpie-ultra,168079,1536-2048,1938,0.818487
12e45bc3f94f8de704c5926c5835097fab7553a2a44b6d64b0677efb76a9a375,smol-magpie-ultra,168544,512-1023,970,0.903102
36a8df51ed6b4f79ac5daf821429aefdf33df01d5c61fafce3faec1efe5a6760,smol-magpie-ultra,169129,1536-2048,1917,0.824273
aeb07b65cf73d3ffd180bc773cf8e834bc214803a740fe4d4b78d547a9d282ff,smol-magpie-ultra,169368,1024-1535,1169,0.892128
46185d26ce4e39e1fe9657df3d4a8681fbf09ffeed2aa2673d7e22c0d1519298,smol-magpie-ultra,169461,512-1023,818,0.898102
ea9d8884818ce058b0b1452de669bdd83c26ae885316ab9cf57b60c9395cb977,smol-magpie-ultra,170004,1024-1535,1190,0.902072
53b5ef7bed09d6688943af1baef5420d8ba067afe8a2076421667c71e174633f,smol-magpie-ultra,171182,1536-2048,1725,0.791732
ec75b1571ac538a3445e24066ea61cea13627604c7fe3a675db45e7d112a0c2e,smol-magpie-ultra,172007,512-1023,560,0.894827
cc96dd5505c4e2a0fb0f617e25175693b746fab1ed5aebe85653e8ffce4ec476,smol-magpie-ultra,172186,1536-2048,1798,0.818879
6f9b90bb3e423677d70e076c32720cd307a5d4495020eb5982220eb6f5218909,smol-magpie-ultra,172260,1024-1535,1290,0.885165
4c631c151058d79b125808985ffdf8b1f23e33e458bdafd58be953e3ce25288a,smol-magpie-ultra,172497,1024-1535,1064,0.878618
54641bced2249e02ccdcc0d8c516a88b35a2b5c14dfa49def4da48c67739a182,smol-magpie-ultra,172522,1024-1535,1126,0.899396
ceaff57c5c0fd7037ddf3065b5cdceab7968df83fd74a6b45cc79a30da6f590f,smol-magpie-ultra,173621,1024-1535,1070,0.844762
6c43ccf92ed035189f52ea7fbf463a7fd69cdd6301d250180012875fa6c71357,smol-magpie-ultra,174095,1536-2048,1725,0.816964
05744534b9602a695aada1d242b713772a40fe01c19ec52faef956e7a37f7716,smol-magpie-ultra,174404,1536-2048,1774,0.829336
9c11278ebcc051d95d55a1eb06c505422f6d95baa9e6f9dfa771de786e305e41,smol-magpie-ultra,175342,1536-2048,1880,0.808324
ed166cab06de19a0e01995da669610baf8c8d29cdd39cd3f710dd2920e573f12,smol-magpie-ultra,176290,1536-2048,1758,0.839347
1560fd1699361934ee763beab051603f5f156b96212f6605513a0fb4484aebc1,smol-magpie-ultra,176374,1536-2048,1552,0.808122
cf6e083e52e2d7e93196855240789333f6052e3d7193941489c3e1ba9aef1846,smol-magpie-ultra,178238,1024-1535,1308,0.905351
77872499aebaea45f70f8145919639f47b9a0d46d98e4c8d23dc55833829b50e,smol-magpie-ultra,178840,512-1023,1009,0.905652
d7e466ad17f0a555ef34e9bab111c9220b2b627cad98390c44d9b1d551eeaa3c,smol-magpie-ultra,180244,512-1023,965,0.875515
de9f8683b724078ef97f38dcbf27cfc3eb84694e8f74fc09c37ba75959d17752,smol-magpie-ultra,180391,512-1023,795,0.879197
8637dec8bd4c180a7a0d703844cd31faf6657400b52f29b7279557da152d7def,smol-magpie-ultra,180526,512-1023,781,0.860312
4a8f9ad0687ea36fda7a493b70c3773ca60523ecfdc0f1266bf2c4f0c590483b,smol-magpie-ultra,180547,1536-2048,1821,0.832314
dbddafac231a948caeb479538d2821d58c80c8be0a54577ea5ab28f835347798,smol-magpie-ultra,180792,1024-1535,1478,0.877874
c9a5ee185a7dd28be63b844932e90dffef9b6a10de83ce18d4ad16def3dad906,smol-magpie-ultra,180860,1536-2048,1711,0.830994
1d602bb9c0fafce8a18fb08f1b49fa99a2be0d3a8316a37fd9359c2ec6bd24d9,smol-magpie-ultra,181898,1024-1535,1487,0.899392
ee4ea38864961d2634ea31e7b7b51770baaec4eab784ce72d5bc250e11e07f7c,smol-magpie-ultra,183646,1024-1535,1065,0.848622
cd01df26d0c406f395f2309257ee6d269eac4eae090137ab3644d9f13a5437c0,smol-magpie-ultra,183717,1024-1535,1358,0.894091
12582aece0b8d81821fce20c4abad0d76c32386fc553ef39988fb3dba49ca758,smol-magpie-ultra,184125,1024-1535,1513,0.886869
285edc4b848df6ed18e2e6228a7e6b108a2ffcecefda7cbe46699486b07ca3f6,smol-magpie-ultra,184274,1536-2048,1607,0.811887
d3da0858803d886dd800c6bc2595e204d4d37c79338701d07142115370ef181b,smol-magpie-ultra,185858,1024-1535,1349,0.849782
da0131f193c4ec47857f81b8fc02eb2ba55988167d5e893beecb318826c16697,smol-magpie-ultra,186269,1024-1535,1476,0.859348
570592dabe8365ecf55b2e2f869782cc1924a51df9fc854fa8f7d116b05a6626,smol-magpie-ultra,186316,1536-2048,1550,0.826821
4b6f3a2760acd6507be466f7dc68be29d392b7e34c7354cdb42de9b7445f6d30,smol-magpie-ultra,186484,512-1023,543,0.918914
b306368646b2b85422cbb3f78fe9a94acce0057bb3eba5d0d37da297e658bf94,smol-magpie-ultra,186915,1536-2048,1854,0.781522
c61bc97113cd9ed65c4ed98308084b4e7884fcbd0a5c6fd4c6b2334f1c529983,smol-magpie-ultra,187263,1536-2048,1864,0.791996
fcf578fe9205e5b42fcd33284f0813c297f70455fbb147be5b668c52a4b977ba,smol-magpie-ultra,188377,1024-1535,1187,0.888803
ee6610fe2ef5c30596a72d7418d4123272195238f8f882064876082f491ba29b,smol-magpie-ultra,188657,1536-2048,1582,0.826032
d1404ff5b66419b15a3aa4eddc99701a205e3cc60ff3edbc4aecd3424094e7a4,smol-magpie-ultra,188947,1024-1535,1499,0.88053
18eb6a330f3f660ee813bd510cdd0b9d78145f5adf39cabf88de4581014270ad,smol-magpie-ultra,192128,1536-2048,1806,0.824752
13b431afd31b3038134f3cac75ad41eae402bdee68df8e18fe5281d793338a9e,smol-magpie-ultra,192958,1024-1535,1245,0.873324
6e7eb92d9a9682deaae9c6af2999e64a40cb9a65b3c50cc1583cf05c32203813,smol-magpie-ultra,193596,1536-2048,1609,0.783546
aaf15afd4b6263cbd785543f5cb42ef9786ed551d032bb1cca91bba2b0637512,smol-magpie-ultra,194166,1024-1535,1531,0.847686
552272522e5d0ee7eadb28c595da242181713a3db4f3ab956ed10632c105b3d5,smol-magpie-ultra,194330,1536-2048,1704,0.811399
85c5fe89642ab04226ee7ce74b4bd8821f81000629e4d0f108abf54f48087203,smol-magpie-ultra,197502,1536-2048,1589,0.817964
3d710092f13d1df346578559a7b466ef894c1951e42c5ed2b175569187f344e0,smol-magpie-ultra,197898,1536-2048,1847,0.823103
5613a3a39ec778d103f392efc1f1c7ac06554b7989a00a4382b0750dbd4db960,smol-magpie-ultra,198402,1024-1535,1422,0.884973
aa1bab9f7c6480d9a730e75db1cfeda66f10c38067cb5c1cf411deac569206c8,smol-magpie-ultra,199383,512-1023,917,0.902913
32fc80e0af6bc9db3b06946bdbd4aa52b7e920ddae1480df60a262f13ffa8278,smol-magpie-ultra,199751,1536-2048,1763,0.824374
d6128ce20fd4e826b3cdaeb0d4837defdcbb4e66e91fbd773f2d79a382bb8cee,smol-magpie-ultra,200269,1024-1535,1493,0.835746
3eb6b37d6b33db1ced5413707de9ddf78950ece5ca2fe49dc46365b57ac02a2e,smol-magpie-ultra,203037,1536-2048,1976,0.810488
aec6cea235cdf8e563416db75ef69b789c8e517901c94645576abf74315410a7,smol-magpie-ultra,204352,1536-2048,1566,0.828806
d543eb91ef1ded6acd71d3001b19a123d1511c6735005a961fde0af44c6ea267,smol-magpie-ultra,205069,1024-1535,1463,0.897934
d5a411c613d7ab84adfdb47b12d6a4d9a874c66848bb02eaa8c97f061b1250f5,smol-magpie-ultra,205431,1024-1535,1467,0.879603
54a85f3d46ff7eafab32e0b3b49c194b9c1d754bdad9a901ef0e01bc8b28d509,smol-magpie-ultra,205693,1536-2048,1582,0.810731
196ea0218479447c1939f257fd6c72e60a91e251d7e0a3baf028ee7522a581ec,smol-magpie-ultra,208266,1024-1535,1461,0.883165
65ec018608e9ab429f7cad48c24e019885349d012c41e08140de2f7f676e6755,smol-magpie-ultra,209145,1024-1535,1323,0.887788
69ff3b9c9b71de584155d0fcedb572bb4157de7baae520830078ac24a02d79b7,smol-magpie-ultra,210059,1024-1535,1276,0.849053
968430036fb31de7bc0a50cdd0712b86f2c687fb12bf61decd0d71133dad73cc,smol-magpie-ultra,211017,1024-1535,1321,0.884644
bee5a56f57730ca663d92a592cf081c29a49d6e2fe7b7a4e41fe3b00c2430aa2,smol-magpie-ultra,211354,1024-1535,1370,0.889734
cf882c3d018cd18f4451f5d8a65f4443d684f752406ca24ac22a3f98aff24222,smol-magpie-ultra,213156,1024-1535,1182,0.876906
bbd7910eae67b41df9cf168d02640978d215afd413a5afd88e33c6d766615763,smol-magpie-ultra,213234,1024-1535,1190,0.856438
ee081ff278daf0d959d8bc1f3a660d3da45872377a987df66456149eb9c7d7f4,smol-magpie-ultra,213669,1024-1535,1197,0.877015
702a73fa825d363968353ee61a851f5748411582e076987a6f3bb4ef34545b73,smol-magpie-ultra,214624,1536-2048,1705,0.819171
3ebb08b7d485b9c6597f2b9e5cefc6d9bcc1ce068182a7a9b3bd704b2ad096f1,smol-magpie-ultra,214895,1536-2048,1792,0.836056
48434c1cd14ac7931d755cf2456f7d6e2869c4502174be977b36b9450d4ea84e,smol-magpie-ultra,215497,1024-1535,1321,0.856113
73d792f140118186fc4dafc57a09a578d4f7fcbea7922f1342d371a622d6cd90,smol-magpie-ultra,216117,1536-2048,1936,0.814458
c3ad1bed53507a2ab539ec1fc39bd8c0f074fe79e6a828ba55e89d82450842cd,smol-magpie-ultra,217496,1536-2048,1637,0.823379
2208a98f4c029ee474d1caa2b3edfc83973d275d7d09b0455db69051cd819c11,smol-magpie-ultra,218816,512-1023,996,0.852778
c8d98b24c86e99f092d0b619e5d719cf9edba6ba0e194f7d087faf4f70b3cf04,smol-magpie-ultra,219315,1024-1535,1197,0.863713
fe3a754fb5d2e8d983fd33a9eb4a640e4dafd9aa2f36c0377cc311e53d4e4824,smol-magpie-ultra,220054,1536-2048,1586,0.82368
3ebaef91a2317254c87cc8d7cefc9b6620813d2aa6fe5329afe1aea4e0b8051d,smol-magpie-ultra,220514,512-1023,946,0.884612
04140238117e9f262655f428e4a08ff1e648dfc2094c59d57280d7d93e7f3b77,smol-magpie-ultra,222130,1536-2048,1791,0.808409
3e92ea3f8661580a904b44e51238ec056b2b3974fda4d9a68251b9610678f42d,smol-magpie-ultra,222434,1536-2048,1802,0.797852
e01da5e05beabc5b86088ca7c9555b492cac924ed4ae0a3563d2fd1edda027dc,smol-magpie-ultra,223112,1536-2048,1774,0.813603
657b3f3a4b0c78c7049c985de0e392a5632e76525015c324abaf3ae5bb33c4e4,smol-magpie-ultra,223834,1024-1535,1075,0.831744
7c81d374736f703faac792202d1dcaf8fd4d9ea8be569853cc9022c7fde6b673,smol-magpie-ultra,224172,1536-2048,1914,0.800823
7bca305a5cad6a11fbf407c54942bfe1388d7a5c061e3d6a0323b52e56f97139,smol-magpie-ultra,224398,1536-2048,1780,0.806891
974b89a780bf9d20827a4ba2cd856fcfb517d44569d523a28ab7f10f20a304ed,smol-magpie-ultra,226783,1024-1535,1203,0.868151
781a483620ea7d0aab3d2ffb35c4d8e93d31eec54a4cb96ae7bd4aab30c9c1d0,smol-magpie-ultra,227044,512-1023,1014,0.898845
f2fea0f5e25a92a895af0536061be92ea13b18487de8747d77643aad54994455,smol-magpie-ultra,227538,1024-1535,1454,0.874248
c9b2f8a260f0edea7675e188a9c819a9859d4f3de42bee861857657374eb278f,smol-magpie-ultra,228394,1024-1535,1462,0.885018
75cfea4fd5741a09a4c8a5fc5ef396dd3aaaf86cbe87a76acada167d97351b1e,smol-magpie-ultra,228534,1536-2048,1571,0.783093
a38c614b4d48151a69835fbc3f102f2e5c8719fec8846e707238b97db20728a9,smol-magpie-ultra,229559,1024-1535,1051,0.895582
ba30783d76fbba3a0a87fd67e0615823348d32bdeee9fd8cba65ef65be07a60e,smol-magpie-ultra,229562,1024-1535,1187,0.848363
548aef739c482a194f6c4234561021328876104daec8f4b027b421765098e491,smol-magpie-ultra,229911,1024-1535,1282,0.867502
b752c616a9ca7d6f850e72b488499583906f525776ed924ea041c0599829d9b6,smol-magpie-ultra,230259,1536-2048,1708,0.828925
b8a4f52e62684744634c4309e5caff51d4495ae8f7d32d9ffa9fce81f947fdd0,smol-magpie-ultra,230534,1024-1535,1439,0.882054
b9505bcdc4549bc355127c0f52ef50d1af5dd8c4664d0395aff2e50d4f2a88cf,smol-magpie-ultra,231092,1024-1535,1356,0.898501
bc4a3388590f73ff5a9f18024fe192de8f414833e2b7c3107a0b5613975ae7eb,smol-magpie-ultra,231104,1024-1535,1150,0.887818
d01e1630b092bd05415f1a4dd550e6c14f38c43260fcc4652faa365e0f80f85e,smol-magpie-ultra,232004,1024-1535,1484,0.881961
59e54513ea8b4cbc862ea9ec5b8d83c0c8e3fb251ae2520e0a51a109ac60f4c7,smol-magpie-ultra,234209,256-511,320,0.934965
332f2800f3e654ff572f813b75b7153b9cad4d2a9ae5ab11428973b59e844a0d,smol-magpie-ultra,234650,1024-1535,1210,0.881871
dc06523bca84da6f7b6f6fcadb347ecd21443093b393f723f44af95e2a0754c4,smol-magpie-ultra,235598,1024-1535,1232,0.891285
fec1747accb06764e7648d21f9d955ad9e69297d6d6d147815fbbc3095edcfe8,smol-magpie-ultra,238354,1536-2048,1883,0.828857
4e4721de624b190b6b673860548bc622f2168bd3815269d37f1a66f2d70ea9d3,smol-magpie-ultra,238376,1024-1535,1492,0.889821
b02a328db2dd071269edafd8c7056f4acf57429f7f679d668c6298800d4254cd,smol-magpie-ultra,238389,1024-1535,1457,0.895362
88b1fc7429e019452f6478f66e5c83d707e9156aab3eeac9aa7c19b7d0eba5f9,smol-magpie-ultra,238537,1024-1535,1094,0.842341
61467a8e31579e8ef242a766860b61df3ae2a33413858d7fc7199ac84ffe61f7,smol-magpie-ultra,238564,1024-1535,1375,0.89647
887c18fff0fbf0e370dfde349530adda19f77dffe0351a1c2473d5886255ccf5,smol-magpie-ultra,238687,1024-1535,1185,0.892828
e81a25aa3be3741340b773d61b44e1a2baa8b270bf59d5d8ac43d489af7eb4a8,smol-magpie-ultra,239169,1024-1535,1297,0.860668
327416775f187487b15fc1df2c2e8dd2a49e3dae92c133598d53563248eca63b,smol-magpie-ultra,240183,1024-1535,1526,0.882799
096d708a4063c5fcaed737f4874e47b0b0bf46b1d4dd722e8bfdd919028c2347,smol-magpie-ultra,240674,1024-1535,1144,0.909402
0440822cea05d15f5ade1b05e68b79e96d3356dcfb80cb991ddd30856629f347,smol-magpie-ultra,240777,512-1023,931,0.831767
47d2b780bcf5f0b38c5be5e8393bf3b81b9d3831c0a4621896f89830a2b10ae6,smol-magpie-ultra,241230,1024-1535,1507,0.855354
fa7d82b9a8ecd58bc6118281e8d7e00eb9fc7e13160d1f37810069aba5c929f4,smol-magpie-ultra,242150,1536-2048,1874,0.805013
7f50f826002e4cc9570e895aa96fa9d9b5a37723221e5848194bed9150915f61,smol-magpie-ultra,242184,1024-1535,1391,0.817257
bc0692df384d4f6ea14e6f6b21e6b0068d20e6305c4e8a935725e29acda63067,smol-magpie-ultra,243004,1536-2048,1845,0.803634
561bf414426e8083f47a239b83c4dbaeeffda4782ddcddff8ab25da7442d3256,smol-magpie-ultra,244103,1536-2048,1590,0.817993
c29a518de788f64d7f6f7bf6fb72ba182218c6ef750fd34e8acb77c2f9f6dca6,smol-magpie-ultra,244297,1024-1535,1508,0.891896
2b72a17ec34bf3aa699fde915c5184ac969ccd9ee7dcd39526439f7bbb49044c,smol-magpie-ultra,245011,1024-1535,1507,0.896043
a7d656b50fe2a5192e3b59901e2349d33c9b14d34803e142475e54e2fcc959c4,smol-magpie-ultra,245784,1024-1535,1421,0.900145
93c4796b10d1ddb0b9d07cac2e7ef7ae86ff4b7246276a308a19886e65fc6eaa,smol-magpie-ultra,247661,1024-1535,1437,0.893035
46f9e04bbdba3088d5dd1aa61bd75b3c743056b493e2078ac32bb138c4a269ef,smol-magpie-ultra,247967,1024-1535,1164,0.845366
f0237b919193d7587dd5887715f592866bec289654a90ca29339132b20e35f5a,smol-magpie-ultra,248214,512-1023,669,0.899195
366b561bc09aca9d018d96a0920e4c0b71715c7989e15985935a432b7e13dd38,smol-magpie-ultra,248851,1024-1535,1203,0.88962
7eddd980e150274930b0463a231e8ec61a33ddc0314a8e32f9db0dd87876a1f4,smol-magpie-ultra,249144,1024-1535,1069,0.854846
299e7c7acb86ca71e6490f8d902e4d79217d2cfd3030de02fb952968bdd8c49a,smol-magpie-ultra,251082,512-1023,659,0.909105
875d679ed1054670954eeb0c033b65a152e8f4f720c6101f26b2c7221b3268e4,smol-magpie-ultra,251270,512-1023,695,0.901643
6cd29f66653b5ab0d630c88f552e770a33dd0d59a9551737bb25e0e308cd0089,smol-magpie-ultra,251453,1536-2048,1537,0.810976
429d5915eb8c4f6455c39a4842a45676068695e30dc44a2be469cb45bbeabcde,smol-magpie-ultra,254391,1024-1535,1248,0.886804
d237260d78fc7d445a2143c621e62e50675c8768cc219da2a7b6d6541fbbdc53,smol-magpie-ultra,254784,1024-1535,1453,0.851976
c9506d090e82f730fc081be000f8552c97dc537b7c02c13a99b7f9177ad1cdbf,smol-magpie-ultra,255023,1536-2048,1668,0.843939
e7e112b946c10f1285d38e534b17250b38a4ea92e86dba1de37d9c3955f16e84,smol-magpie-ultra,256359,1024-1535,1454,0.897292
68a562d6d33d7bc5e8ae7afb4740bf0b4a43ccf97599ce5c421a9e028389c6eb,smol-magpie-ultra,256396,1024-1535,1389,0.88021
5b83293f9c1ee8e693f6427e07c97c8a8bb6bd425f5a125e838387381e72d42e,smol-magpie-ultra,256449,1024-1535,1506,0.89069
5f1953b8f7d81284c02bbc258c0aeb4731b6c9a331eb9244c63d2c8917d5e326,smol-magpie-ultra,256994,1536-2048,1636,0.781764
afd6e5683b3b01e01859394f6ee2c5a1d8ad0f18e837d161bb5ee19e579b0804,smol-magpie-ultra,258614,1536-2048,1633,0.814504
7999077c92954a09d89e1bda144cf7156189f51d2aa6fee75f7e32fd99509474,smol-magpie-ultra,258733,1024-1535,1374,0.85371
4c7fb273e4f643f77bd4f64597658f124266eb77835ef8272eebc1475e05e832,smol-magpie-ultra,259285,1024-1535,1379,0.862422
d083b9e98357a61ad1df7416a5da6ec8cf9bc52736459c977d3518098c461ea8,smol-magpie-ultra,259560,1024-1535,1336,0.89021
6edda004dbf940d07bb0760c82ba0b8967d01c83c7f5f921c410c1dbfc7b1a6c,smol-magpie-ultra,260203,1536-2048,1692,0.816972
1a2f30f7ebf962c2ca1ba16e869c25750e69d88664c89ac2bd1538043642d9e3,smol-magpie-ultra,262583,1536-2048,1653,0.827159
be9ed5005f9228793cc98d9fb4618b7669532c295cd478e6c3a71e10cfdf0098,smol-magpie-ultra,262676,1024-1535,1168,0.860688
157296c6c457a1f413093ec17110da78857208ab1a5f5896e98444623c00104e,smol-magpie-ultra,262929,1536-2048,1894,0.774904
9711ad7132cf37aa42cda9e3c6f65cb4b86670b73b7442bb30101ecb1a6c9b96,smol-magpie-ultra,263315,512-1023,727,0.852
6ad1f5968df1d1c801e333044aca55dac40074c3d32cc0ba4d6e920faa264b4a,smol-magpie-ultra,263405,1024-1535,1441,0.886658
5643c22579bbbbf498fdf0540a71eb1705ac490666d8da6adc7ffe1b4fcd097a,smol-magpie-ultra,263773,1536-2048,1806,0.791268
653736a393da3594e94eb78023b83934818752c69c1c1a25cc91fae290a53ac4,smol-magpie-ultra,263925,1024-1535,1355,0.871657
f55340888365391878aec7c01bb7b68888aa428913ba128575761e04f9dd08ca,smol-magpie-ultra,263979,1024-1535,1173,0.90765
114388a0bb5ab62c8a55245a869c50c9897e9b09e729eed3e161322a4fb85c91,smol-magpie-ultra,264391,1024-1535,1207,0.897016
463701ff2bea58b2dc7eafaf5983145767bb52e55c70c5ca3fa3e8ac10083186,smol-magpie-ultra,264849,512-1023,860,0.902771
53eec0e5d4501c89da758618191c9c98338c969edaf33499e4149daf4d7880ed,smol-magpie-ultra,265812,1024-1535,1134,0.834444
8a23d2d0e7f206f66b5eb66d1b4f7fac539cb158117b504256dddcd2aa5f19c2,smol-magpie-ultra,266440,1024-1535,1388,0.892662
56ccefeeb368c4ef1b485aae2b84cab48757daccd94609490b82c452f22679d1,smol-magpie-ultra,267855,1024-1535,1423,0.900498
2c9010bdd4450491ca44bcbc7ff7a13effd1a20761ae6864d8f3ea0c0ac08da0,smol-magpie-ultra,269627,512-1023,1023,0.905315
f4ff168caa3f2bad411e16ae36f8eb30807128a86c9e6751e06c2a717d130478,smol-magpie-ultra,271112,512-1023,1011,0.846254
dd9680e29d334a4449584b04a707c2a8540732d37bf75dfe980308ab209a96d3,smol-magpie-ultra,272858,1024-1535,1326,0.889067
42903f551a16487aa52ee5dba70c9869dbdda026d8293438bbb815a3709b28d4,smol-magpie-ultra,273355,1024-1535,1271,0.869732
843a7fd2686543d081c1acd21e96d699508380db6b77fd1f8fb40f9b969ff8f0,smol-magpie-ultra,273918,1536-2048,1574,0.806234
65ef84c17034441a2d8a44246e0368242382579f364c9ff14cca654c590e085f,smol-magpie-ultra,274050,1024-1535,1312,0.894494
5b1fa38b1b731e8b60b2f6bd5bb9bb49c156550b8d790bd36d02b57f5e2d641f,smol-magpie-ultra,274061,1024-1535,1517,0.890859
e596a397bd4e84b9cf140a380dbef57d25800043aa103b6ab6753307a261b35d,smol-magpie-ultra,274279,1024-1535,1189,0.862323
c5a8ed77606fc0bba38471e16ca691e535ccbf24876a296043da0bc67e6a4076,smol-magpie-ultra,275487,1024-1535,1397,0.881418
8c4438a44ab39b998273ff4b1b3a9e855176f191a1f5a3ee6a5516d6b97c3bc7,smol-magpie-ultra,275953,1536-2048,1896,0.812098
8a7654ce003867402e986d2c6c5ffc3b8992ab749a922fcadb82b7cdd6ee71e0,smol-magpie-ultra,277968,1024-1535,1450,0.867597
10f9b56a6016e861bcff81e3a6e7ad392f2b25e8067134cecc4191f6e794ea90,smol-magpie-ultra,278040,1536-2048,1927,0.815495
ec8ba2fc927b62a2d6d4ac526f6f8b6a995036b130de0f862eb8e0c377b4e7b2,smol-magpie-ultra,278090,1024-1535,1117,0.861435
17e45ede5cec37b0f599dec46629b9a786134db72a41fff5822ff7422cb617f1,smol-magpie-ultra,278382,1024-1535,1031,0.858489
092252c472b164766436fd8cf7339c83b17b01250563947ec1c94297b98d841c,smol-magpie-ultra,279260,1536-2048,1756,0.798446
c430af95dcf2bb9a63448d1938b44225158a68becf50276eb399f28c8b43e23b,smol-magpie-ultra,279953,1024-1535,1221,0.891843
299873d1094be8a3d2ffa7c36f2030691041d1475b287b05a49daad9c49102d1,smol-magpie-ultra,280129,1536-2048,1615,0.775867
d08c4509b523d3caad365f43ad564e83937b39262cfaf4f0e557b7bf40276535,smol-magpie-ultra,280568,1024-1535,1087,0.849461
a79fcb40bbfa8d0498e5158dae1283d58d48c560c3dbe1cde9f65e5a9df81e66,smol-magpie-ultra,281480,1024-1535,1455,0.870289
0a93059682e3f48b067a51391c747a1e64f458720f459077cd5af6311784aa88,smol-magpie-ultra,281571,1024-1535,1107,0.869093
b40da669cd28f3fb2003e673f47408ded7fc42a56e040cafd55a3338295d464a,smol-magpie-ultra,282126,1024-1535,1201,0.904268
7477eed2306a247ab055fa3cec26d1717dbc47ed9ae84d726d915ac4258cf534,smol-magpie-ultra,282761,512-1023,631,0.916915
31e532836dc52e53463a2f5b327c841057a5ffc987c7096e3145b915384b6318,smol-magpie-ultra,284615,1024-1535,1276,0.862951
8f0f6254fa702e4b4caa496ccc8685aef97ac74be64139fac3a2d5f3702a48b9,smol-magpie-ultra,284688,1024-1535,1227,0.903526
b5e2ab521c8e2b6bc53f1dec43c03e6e599d63177479b438cfe2ac6a4471e60d,smol-magpie-ultra,285529,1024-1535,1185,0.858974
6dad8b02dfede34446b84114b51eee9b4f7fa262cb031ac699d47690bc868f0d,smol-magpie-ultra,286060,512-1023,529,0.906777
f6d912ff01af1fd67646a2f91194c0954d3d3c47dda6942cb4682aaf9127c7c4,smol-magpie-ultra,286293,1024-1535,1154,0.896764
196d7aaf38ea8bf134d23761929bcf0068715295ab044aeb5d464c3495731ee0,smol-magpie-ultra,286345,512-1023,675,0.905604
772bcea8f70290798ddae0730ccbbef8b98c385152d20fc0b3fbecc3de4020ca,smol-magpie-ultra,286382,512-1023,840,0.89796
517d6b84586b907f05b1818f06953bb3367e20af1768af23cfce7a564eed6811,smol-magpie-ultra,286672,512-1023,739,0.904827
a2cd7998cfbfc3ea09347701887061af5375cd0e2ad052c85b94e57da4312d6a,smol-magpie-ultra,289641,1024-1535,1443,0.868892
60886ecb998029e9f69df44dd87d5bbd72f2c85d651dcb1dfac2db3690dd4927,smol-magpie-ultra,290327,1024-1535,1283,0.907468
45749dd2cd0a379f2bce4f7718c270b7445b9c474a27c951eb89d231331be137,smol-magpie-ultra,290563,1536-2048,1909,0.83032
9e2e757a5c218803ec779bef562abf45b4dc5966559cf05efd0f36d0db5f73f2,smol-magpie-ultra,291860,1536-2048,1552,0.834622
cc428344e68eb9527e8b0eb9354bdc608aebc6a03688d30644cb6c449aafdb33,smol-magpie-ultra,292551,1024-1535,1124,0.898367
ed0f2ad0a90803975380a94521862c23c6d2f777deb9cbf0cc684fb3ad82809a,smol-magpie-ultra,292605,1024-1535,1220,0.848196
3cd5c3ede289dcf5795487eaf3ebcfedde8d02a57a7b12c1dfbd5ab6737fd703,smol-magpie-ultra,292935,1536-2048,1661,0.833809
2c5f54938e3c57ba7cf6b08d0d9b4d6c7a2df6ff49994a3464b497ac36bf6ad8,smol-magpie-ultra,293568,1536-2048,1608,0.82763
815c3dc162d129c142477c4ebc9857603b214aa7a83920cc95a9e50f010d944d,smol-magpie-ultra,293849,512-1023,642,0.854066
2debd34f08c9cc275b53789162081811ca16e658e3b6786334f14f2d168e6bae,smol-magpie-ultra,294403,512-1023,992,0.85979
cfd29b66c2d475887d4055e5c6368cc793e0d75e9fc0d7b4ab54b200515cc3b7,smol-magpie-ultra,294412,512-1023,986,0.852586
eb568ab1f092b3e0482daa5224fc5f038db6695472ee9762e6979eac39a4fa01,smol-magpie-ultra,294794,1536-2048,1639,0.832797
6359352925c71ce896ecfc8e8aacd4d686ed25a822c5a320515e144ff7f10539,smol-magpie-ultra,295290,1536-2048,1572,0.810609
dff828d9eefddc041e3234bb1d793495556f2c2be9dbfe9b8391431d0d526a9a,smol-magpie-ultra,295373,1536-2048,1868,0.83272
a6e9d34ca9f024095f2d7d3c48717c6917395d85a32dfc1ac33bce2261579d75,smol-magpie-ultra,295760,512-1023,904,0.915089
fecf70b5017dceb0780331ff590749daabc55d3ca570ad6a20ef74f2e08ee29a,smol-magpie-ultra,295799,512-1023,906,0.903465
9435e628c69e317a0dfe51c5b05b39800e096eae31a2fcd030e8af287a15cf63,smol-magpie-ultra,296598,512-1023,859,0.883152
45f1a88c8094ca798fbae547464dac8e7631fe0acede85f33d4fe4709ce793f4,smol-magpie-ultra,297205,1536-2048,1776,0.767939
e63618ba4f32bbe1860e7db3e62855207e946dcce41bba3a824033d5297a1b5f,smol-magpie-ultra,299167,1024-1535,1107,0.830023
08f5d4381f007a451c65e9e146fc388641e499b1201fad30a8b1bece2519d127,smol-magpie-ultra,299216,1536-2048,1555,0.790092
471cf4b4185783fc49e1f86dae2599672e3bad051d4ff99209b125581b6e03f9,smol-magpie-ultra,299271,1024-1535,1466,0.888673
cb6e2a1befb837cca906a236c2e20652c0b564ccc7a49215b195f2dc228c9d55,smol-magpie-ultra,300936,512-1023,762,0.911698
04b8c75be8adcf82cc4187c6d71ea448fc325f43bffa2e032a068943513d4b01,smol-magpie-ultra,301295,1024-1535,1113,0.906948
0f5096174889f93cdf47bfb1b939338de41d85e42cd9117bda5ec9685c85441f,smol-magpie-ultra,301745,512-1023,591,0.918247
49b5e7e515cf77196a48060692701012b99cf7c26be10a224465a3ff9f3c4b84,smol-magpie-ultra,302144,512-1023,845,0.854424
05309b21614c7e2e06b8cdbc176cc68e38ec0aba16641145dcf08ec20a9bd43a,smol-magpie-ultra,302346,1024-1535,1357,0.843434
79f32679b6803c887ac8be06cae4b42e43d5a5cf62e72438737a84d07926823b,smol-magpie-ultra,304312,512-1023,696,0.873265
e584964414d87905dd64e4b0a20889d81499a0c813ec4f070dbe52ec67e97745,smol-magpie-ultra,304459,1024-1535,1137,0.906062
53426c488fd8dc8bb53f8f191abfe15589a6b1597681021609d2b4f90c8f37cb,smol-magpie-ultra,305055,1024-1535,1409,0.89257
df27e047169074c2c36466ca756461f182f9cbe597dc759516483d7f4706d10b,smol-magpie-ultra,306659,1536-2048,1539,0.827673
1c761d3ad34551f49b3df02c457d730d2257f9b3764e072f81e51c344d3e0de5,smol-magpie-ultra,307145,1024-1535,1267,0.894529
6ae7542152a403807c2205355dcf31bc2718cfed8ab2b0cd24a6828006cbd7af,smol-magpie-ultra,307406,1536-2048,1936,0.782691
e9bf96cc3c6015cef2b66751f202f8a563200cd9d30bd93bd0ef9d9780fba40b,smol-magpie-ultra,308586,1024-1535,1280,0.867791
fcd8dbefff92b732eeab03dbacecc04921657a1f617bc7271c5a1caed9024056,smol-magpie-ultra,308717,1024-1535,1293,0.856314
564e05a41d56978f61fdca7b8a6399b55fbbc7b5efb241f3bb76d9c592fe586d,smol-magpie-ultra,308850,512-1023,778,0.847239
321c4285661148df152df0a33ddd19196ae64fe6ed1d71c4fe248dd8764df4f6,smol-magpie-ultra,309231,1024-1535,1142,0.900362
42c7ff44c2bc60fbffb28e903c6e3e17c27195b3776c030c5bf9cb070a2487ed,smol-magpie-ultra,310125,1024-1535,1303,0.892772
038173223160f062f5070b825a36a932b8a4d8005ebb87998d8aa18b9b9db5ad,smol-magpie-ultra,311275,1024-1535,1482,0.89913
d8a4884eeec94096d90a35157f927598c63392c48b54de23002064b7a8b1ab49,smol-magpie-ultra,311945,1024-1535,1226,0.866954
a06b7f3ffb6d208c11b3d64492fa0ec3f0ce04b92dfe02e0e8fb6784cdcdaf06,smol-magpie-ultra,312805,1536-2048,1648,0.814787
c7e7819961a719a58565f5daf281ac18d9b210187053c3669f77cc8e05561e5d,smol-magpie-ultra,313101,512-1023,999,0.848638
60ba2c1aa2a57c82627a8e7b75de3b6c0e4896950e9b4c19e66fbd0e9016c92a,smol-magpie-ultra,313227,1024-1535,1337,0.886405
8f3feee20c9e1e3d77896736493a8ff405d914a46256ff1ad3a75c2f32bcdd81,smol-magpie-ultra,314270,1024-1535,1175,0.883168
e3cae58db5b444374e69c805ae8d9de44e50830d17ae0d815029201d8476a92a,smol-magpie-ultra,315690,1024-1535,1511,0.892524
cd573c938c73ded13433a143251da0879c4dbc734218110c24f3d2b691f679f3,smol-magpie-ultra,316011,1024-1535,1255,0.866188
534f0138c8125ae6cee777b3b9c03d36255dd9b26c108df0cf60a10a0cd6f99b,smol-magpie-ultra,316211,1536-2048,1813,0.830026
24c88046b06b49bc2a6e376a7701ddc40657b9601396bc4daecf8038aca04f5f,smol-magpie-ultra,316964,1024-1535,1424,0.890669
16b7e0804bb20c802a164f71ec1587be1d9e067d08648248dd4e2a6f42979f7b,smol-magpie-ultra,317078,1024-1535,1532,0.811469
3e9fb5bbddc7cadac0e20cd57d7eda1f46920f8b4404f45314708bfbfb22bd9f,smol-magpie-ultra,317352,512-1023,698,0.906004
791e6c998157a80e51342654745b0a8840222a9fb91438c4ef56c2588fbd851e,smol-magpie-ultra,317366,1024-1535,1103,0.86631
69c4ace9cd43d777f26799c7bc9a9abb166c8d07939e008af045041cc0c96067,smol-magpie-ultra,317646,1536-2048,1719,0.799533
cf11ef27fcc915ebfcdcd5e5450b5a7a0b6fc19c8adabada253ae59ee2a4ec95,smol-magpie-ultra,317649,1024-1535,1500,0.878589
1d062d11d1533c91ecbab1950a95ebe2ccf1af3cd6c0e1a95f296b0e8001175d,smol-magpie-ultra,318763,1536-2048,1880,0.780086
865e77da75eaa733d1bbce237dc6d89cc93bbfb1d0c8669b1c141b837dcb7e67,smol-magpie-ultra,318794,1536-2048,1731,0.809858
dd48bb84b52b34478dc6063669bdfd51d960c1f8058292275f162fec34988e0a,smol-magpie-ultra,318835,1024-1535,1315,0.844141
1f99bd951f940a844548528559728e7f33453c16f0ff743814aa8dce047ac02a,smol-magpie-ultra,318920,1024-1535,1261,0.862367
42453a689e72de3dbe192ea167876b4c3fcc18eec211dec3144a16cfaaea3567,smol-magpie-ultra,318926,1024-1535,1374,0.894426
a56bac56bf186993ae8ff38a46e18ccba8de4115e940ae10b8cbe595a17e010f,smol-magpie-ultra,319391,1024-1535,1228,0.898502
105ce42ed18c577a26c04e6bebc4f0c4aae63296087dc43a35f54ba9f6b29d37,smol-magpie-ultra,321112,1024-1535,1141,0.868466
72e31d67bc648c72a184dfbc0f2107cfd9eb5929fe7192094ed392b012faed62,smol-magpie-ultra,321302,256-511,463,0.918124
2f053682944a4a0e371c918298d09b94bf2135d9c8fe19207374f4c1b8f725ef,smol-magpie-ultra,321677,1024-1535,1435,0.839833
56ab17ee5d58cc0d67fcf38ee0e2ec03c13c879043152b9d5451d9f3def7690c,smol-magpie-ultra,321826,1024-1535,1141,0.854377
c508ba8eeaed4721c2bc9bb6b5af20d39a68c452993712067e5f496cd14f77f7,smol-magpie-ultra,323154,1024-1535,1228,0.886332
e006294f8fd7a02b5650e8574bf14aa73f69167b6e547064f1466795e36df3f2,smol-magpie-ultra,323701,1536-2048,1783,0.78259
d47b51e05696fadb21c314a06fc7613842016ed8268bcc8accef345c8416f039,smol-magpie-ultra,324315,1536-2048,1999,0.823324
a3d3147520d376b2ba280c3917bc0a8bda397bf70c920de965686ac238503cff,smol-magpie-ultra,325387,1536-2048,1843,0.841808
7ab9ca079599aafe1bbaab1797c879c94fd5a0413530aa7a186e4a108abc0d40,smol-magpie-ultra,325758,1024-1535,1477,0.903438
29ef58a412e586cd2be81c8ca66ee07e28658f945d6a7a57bab1235f05ecc70c,smol-magpie-ultra,325882,1536-2048,1885,0.823858
fa3afb41caf08fd25f3d488e23ace9fcd6c3f87b26c7add6475ef4f91922c348,smol-magpie-ultra,328116,1024-1535,1039,0.896253
c0edf4055549df9c75f7a189067efde0ec5c58f2197306e036c8c717fd9174ea,smol-magpie-ultra,328339,1024-1535,1366,0.885024
cf39485bca2a0bfaa9d8dcfa4c03614aef70c50e57b86976aeb25d4b16c8e91a,smol-magpie-ultra,328866,1024-1535,1390,0.886837
0570351fc018e85ac113391528a3e0fb8f44845fd59b8418502ee34ce0ccc218,smol-magpie-ultra,328913,1024-1535,1190,0.88998
8ec343d040672074cb6b104e596c098949d187ca23409c56b1358da6cc86edb7,smol-magpie-ultra,329181,1024-1535,1220,0.878097
a30dacf153e3613d07f80a38dd15889408e91fcf07a0bbbf80b4e6f6e4f6c5c3,smol-magpie-ultra,329266,1024-1535,1425,0.871291
eec0f5be70ae120bee43405972e6675a2d73522f4feb595505ecf50457bf5c68,smol-magpie-ultra,329393,1536-2048,1868,0.828464
85eb41d2263d617927c6a01762ea4a74e4cf3282f67814f817b729ccfbcb624d,smol-magpie-ultra,329722,1536-2048,1618,0.826483
2730de01af0388ebb962ee41329cbc76ea65632ac79aba55eb34247f50edd352,smol-magpie-ultra,332507,1024-1535,1396,0.889315
57f3e868ca01d018b63509748d969109a299fa8f00d7f0cce70becbcc6b14df6,smol-magpie-ultra,332872,1024-1535,1500,0.848228
921fa7a7602e4c218fc5586bd0fce8be9989e13dfe3b4894d9261cbb68a96523,smol-magpie-ultra,333057,1536-2048,1549,0.832349
f2ea50d18ddbb6097f68174e8550cf433f969d5aefcbff8454ee9463a12e3b67,smol-magpie-ultra,333148,1536-2048,1794,0.798978
db58a0526614d38c53fdab8c368debcb634ef2ab2e0a5a791b3054716b625058,smol-magpie-ultra,333491,1024-1535,1356,0.853319
0af42c72f235ad6af62978a0c5ca30ae530b17dba561ae759f5102fb75506203,smol-magpie-ultra,333638,1024-1535,1115,0.899968
dbe53e2592ff47c272d026d03598173b9c81428a0aab8098a39a9eceb1054d26,smol-magpie-ultra,333668,1536-2048,2002,0.818621
5ab14a5b93d79e38c92d977db0eb77458ca6075035fda4d6ef4f8e48441ff382,smol-magpie-ultra,333710,512-1023,723,0.856667
ef8190f41e58ec621e372632fb95e12b0c7c7116a26d58be51b3b73f4ea8c966,smol-magpie-ultra,335676,1024-1535,1491,0.85606
4738ce95d9bc43a4c51723d5f1d473ecca3cda2ac326ed5bdb145fcb46761ed2,smol-magpie-ultra,335833,1024-1535,1340,0.851944
ece8c23c430ec27c503077d9c2c2b1308bcda51a130e06b31c48016d93d883a8,smol-magpie-ultra,337449,1024-1535,1474,0.889652
51abb0c14dfea7e972f1271ed1756a0b33773bc2b5cd52c50e84b96e96a358af,smol-magpie-ultra,338111,1024-1535,1350,0.882482
a1220447a80fff9926c10c06ba73ea41060e006b41da57b001428d1e423b761f,smol-magpie-ultra,339600,1024-1535,1095,0.85926
b7a896e52437e4509dc218b2661d605edf7def28130f419ac7e4d623dd19c47a,smol-magpie-ultra,340239,512-1023,718,0.898433
3ec7714d05823a469a45707027915e8fb90adb3b1450675266b84b51d0bb0ed1,smol-magpie-ultra,340345,512-1023,935,0.848831
44b52ffc1228bb198460ad2d06ad9917fdb30a8cfdd137d9d81f95babac162ef,smol-magpie-ultra,340362,1536-2048,1540,0.822491
22657a030a571940b23465d5e45463680b768de4ff5bd9a91a51e8f072582ed1,smol-magpie-ultra,341189,1024-1535,1313,0.849208
edfab49f9a3b12ec5926f16e1a7892ef3622bae3999dd486494c6ac0c2f9487b,smol-magpie-ultra,341732,1536-2048,1542,0.824913
3f21766739f2ac3d8f137191a8fd517b0d028d54e567ee688dd2491900c95b1b,smol-magpie-ultra,343683,1024-1535,1481,0.895332
16435c9ac6401c70500d310bf0fcd43d1a417b7f20ca52c86caee2f14713daf9,smol-magpie-ultra,344235,1536-2048,1573,0.832342
5c9f90baf5b0ddb17ef0bdb06842d2bcf70c3b08e849cc470acfde1271c4954f,smol-magpie-ultra,344302,512-1023,945,0.861159
51383434e6e8f5fa2589eec67637c32f5061197f1146af63d624f6f7b375dd0f,smol-magpie-ultra,344306,1024-1535,1444,0.871177
b2ad1645cf664d38bde424fcb2f6f2a4f99b76a8e4c079d1fb55a064187e9248,smol-magpie-ultra,344716,1536-2048,1966,0.813009
a7d20b1be6bcb20484666ded3ef8cdb67db10af726d9c197ee8bcefc97992d48,smol-magpie-ultra,344734,1024-1535,1125,0.898323
2199b7da07ebf3c1cf82c0aafc752c3a3c40521c29f7ccc1381391bb5ca797cf,smol-magpie-ultra,345185,1024-1535,1352,0.88682
857d1f41ad8a1b49afe50a28ae94bfba1769ed0d215b0491e2fdd2e4c2eb0db5,smol-magpie-ultra,345223,1024-1535,1392,0.869904
d175da417e995dc1f2ae916c3e9f0c39bb705381684af2aa2d689aff8396e388,smol-magpie-ultra,346372,1024-1535,1276,0.836572
2b9b3b889a5e206b17b2110c0b72ee2d0ced7d77dd8ca5d442ad3df282d97ab8,smol-magpie-ultra,346491,1024-1535,1488,0.891499
55bb7ec35a104cccdb2989ac16b68d1f998d48d8a35552457a2e517406aa5cf3,smol-magpie-ultra,346630,512-1023,1016,0.877226
67865be65c5f3b1533102d4b1cdec9d7e01e1a17f78e2d81a8cd5c844ffb2a77,smol-magpie-ultra,347269,512-1023,812,0.895669
a4b26b899200e42bcf7c5a3b689ef0129d30bd3ced37cdd4f48f46bce77cd9ab,smol-magpie-ultra,348551,1536-2048,1605,0.828605
2cf64df4c3e3863da18eca6d6a2334bfb906d5e9e4462ebac537b47fc5030406,smol-magpie-ultra,350165,512-1023,779,0.905247
d9845c99b6df2ee38759246bb98b17d021d84383c461867b308c00bf108f7694,smol-magpie-ultra,350393,512-1023,1018,0.891426
f01efd4983a5449512c5a7bbe6635df89ae256e06123cea4f3cc2acd976e3cc6,smol-magpie-ultra,351775,512-1023,816,0.914365
7fce403ba3244226ef359f4e6cb589006ca4d4b73b4733e4bce3145fd3850106,smol-magpie-ultra,353527,1024-1535,1479,0.871065
6f4a11c742ce0c8b028fb1d14aeab74a80ab916d2bfbe1d9883f478cf02a305b,smol-magpie-ultra,354426,1024-1535,1423,0.87452
314b1d498b49007334b488f9ecbb1c5c740b2a93cd4cc3c7cbc6237d27b8ac57,smol-magpie-ultra,354855,1024-1535,1297,0.889652
6eaaeedb8971acf090767e2a233826a62981218dac6ec5b911c7e8f8bbf964f4,smol-magpie-ultra,355819,512-1023,980,0.889824
fd15dd7b139fd6c13009291ae330421dc84c420fd86644656c84167e3716dedb,smol-magpie-ultra,355884,1024-1535,1159,0.888885
9070dde2c9dbb2e9a8de41bb41bc300fd6a5c0fed9565741c349c71e33319896,smol-magpie-ultra,356723,1536-2048,1599,0.824069
2a50de871dda199f8212165cb30b7ea57630a977f64c3bd2848e8c22a644fd32,smol-magpie-ultra,359515,1536-2048,1550,0.830563
2c994f4ccc688d34d0b75d4967858782214051cb5ddb65a7051cb346c12728a5,smol-magpie-ultra,359815,1024-1535,1195,0.88022
f6302884aa62e1e87880a209525034ae31a733ed528efbf1e90d9b9e9b7af9d1,smol-magpie-ultra,360044,1024-1535,1507,0.862762
7615cd4c73baa823886a10bce1455fea14c75437bb3cbac02d253093ab2ebe49,smol-magpie-ultra,360165,512-1023,874,0.906085
f801a7e7db2da45d177e0a2c90db4cd353adaf1372f551076d45d2ec7bfdc2e4,smol-magpie-ultra,360284,1024-1535,1392,0.856136
03ba97d2b6a46363d429381ef0cde2fe99583ce367ab5217b0767311a040f7d8,smol-magpie-ultra,360715,512-1023,995,0.878865
de9ba59ea877227fcd06333e45c0403279116d4c36c048411209a6a3b737e52b,smol-magpie-ultra,361175,1536-2048,2013,0.828738
70560fb17b259c312a5c770dfb2d19a2ac0d4507dd9776a9bcd644d37b90530e,smol-magpie-ultra,362106,1024-1535,1198,0.879222
2eca4d559a22bce8e23a5f4bdb808b29f68f9f9a530bccc341491212ea1aebee,smol-magpie-ultra,362158,1536-2048,1627,0.834689
5858c2b7ca891773cbe4309e50bef23aa5a1816c740750e078be396e5891e849,smol-magpie-ultra,362426,1024-1535,1170,0.859065
1ba66afd5536b557aa109043a886d275b8b449f92d5583d17ee25c0a46d4909c,smol-magpie-ultra,362845,512-1023,1001,0.896411
57e5d3b4aac6d0336edc0d40ddbe3dcebd6bfe6fac412056c38298092186abfc,smol-magpie-ultra,363137,1024-1535,1111,0.889688
a343f3221e2f028598c98485cac0739b8638f8b6b37ee46a3e7b548d070094d1,smol-magpie-ultra,363437,1536-2048,1697,0.795713
86d51d77c043f46933ca9a5ad9e6fc90e6d66ba1e32057be8f83d0caf2aadd2d,smol-magpie-ultra,364579,512-1023,692,0.849764
1b53cc342896af245bdf275b3724eecf28fe778fedaabcc9b2df4493815d46e8,smol-magpie-ultra,365182,512-1023,946,0.91044
f23b252637dd2cd8977241b9f4d2dca92d250595c41e2c337c8a3ba02ff40916,smol-magpie-ultra,365882,1024-1535,1098,0.883305
ea8f8188587211905883a925c76d1ec2fd4dc64619fb7c9374b4e38468024e90,smol-magpie-ultra,366046,1536-2048,1562,0.801473
8bc3dad2f29c76b8ad3172de6c2ec0c5d199431791a8dd6ffc6e99f7c5106c3f,smol-magpie-ultra,367475,1536-2048,1553,0.833586
eea0426fc88eef7bd3a690cd9cb235f08aab52d7dee7817ce2e555c6d23ee5f3,smol-magpie-ultra,368749,512-1023,776,0.910391
15072746f2df094c34cd17b252be07364b9e0f20e13802908ddd95ef9fa08b47,smol-magpie-ultra,369573,1024-1535,1523,0.876343
29c947c3adafa2bfc6c872779259e1a9c9ac458224e452743c7b46b81d6d82d1,smol-magpie-ultra,370423,1024-1535,1473,0.890048
de63b9c8ff34094e95901d9f7647de1f51a6c7bca04f020864a29dba4370bc12,smol-magpie-ultra,370506,1024-1535,1271,0.865903
d65c0e543bd5e54272d06a4ac4ce806cef7b3bd7eead3f79ca25f29ae3b102ab,smol-magpie-ultra,370584,1024-1535,1033,0.904418
1d2a146c48f5e6fd2a538c99b385f0750b1e06c5befc2ee19294a85817aac91b,smol-magpie-ultra,371511,512-1023,969,0.888838
05fdb1dc773b734a3bba71028f45b71a20aef696030c4cf03025fc72279cb2de,smol-magpie-ultra,371983,1024-1535,1416,0.887989
883cc61580cf86be4e19499c47fe6c641cfb7c865f22359a71b70a4a6c8c5099,smol-magpie-ultra,373420,1024-1535,1488,0.888308
c6fab6b967633249aa5e5e7f07219fa504b8055b1083e65afe83d9be737a94b8,smol-magpie-ultra,373676,1536-2048,1763,0.82105
9dc54ed86e9bed3bddd56a584f8a30042e489f4b51ad52876077fae345ac2c88,smol-magpie-ultra,373835,1024-1535,1123,0.904585
2d6e21ac73f1c87cab00ffc4fd4c8e515ed8d8dcb50c208e7f58cba91e00a2c0,smol-magpie-ultra,374046,1536-2048,1663,0.828991
8f0a6abc008050d15a90927d364f5af46d1244b713a593e42f8541ad0f1f7a4a,smol-magpie-ultra,374416,1536-2048,1937,0.821781
7d9ffe55dd926527b1fcbff2b62442246cb90f8e5f851143d502632a7832d555,smol-magpie-ultra,374447,512-1023,991,0.880483
a91137f16c8cdcd16c9da8f9d7ba91e40cc93315ff0b532f227625e1319e455b,smol-magpie-ultra,374469,1024-1535,1196,0.885333
7853cdfb6962b5f5ed8a54bea006972117ce92c479059917c7d88693adb5f6e5,smol-magpie-ultra,374969,1024-1535,1123,0.855803
d026713aa7117f1328979deb2fa831e536a7ba70e298103ceb3bd89530ce3561,smol-magpie-ultra,375368,512-1023,1023,0.845836
1fac99fe6628af6ebce66bcc7b6589aede94020569c74cd5939da266e629481b,smol-magpie-ultra,375826,1024-1535,1531,0.874719
848d468c46fbc2c95802d0d56f93e9b6c818770d49f72bf1aa7e92ba24ed4694,smol-magpie-ultra,376418,256-511,365,0.895448
c58ed39080628a4ea56793eb3857ecab0ed71f06a8539f2a4ed196f3c3b58577,smol-magpie-ultra,376984,512-1023,937,0.869353
3c2587597b9eba1c409565b6ffc1aaee0ef9b40102838c960cce3be82a360a94,smol-magpie-ultra,377565,1024-1535,1221,0.846552
87aa7081bd365e6cb7c601b1c6c68726a52202f76b0646d0ecfffea6a0e0089e,smol-magpie-ultra,377660,1024-1535,1278,0.902915
ddb84dc523e43cce824771f9269ceed401a48d48f0ec7b894e6f89ede5cb1a00,smol-magpie-ultra,377832,1024-1535,1270,0.883799
11cd2d3cca213aea1e2c321f2af269535fb4373f3f9ac7cc866a4c0ba6799c3c,smol-magpie-ultra,377893,1024-1535,1207,0.886421
1d0dbc2bd21d2e0c5508a951f3e0c9cb43393b45de189dc50fb0c1a5abe8a7e7,smol-magpie-ultra,378177,1024-1535,1300,0.877752
2ecbbe39ba6a2de51f8b84a60e39bf2d5b73fa6673a88ec57bf6a829a83ec623,smol-magpie-ultra,378533,1024-1535,1090,0.86088
6e475092718f2362dd7121385eb9a75d41f31cf4b1a8ae413b9b5523afa7c6f2,smol-magpie-ultra,379213,1024-1535,1417,0.845086
819ab25454e814d110bfa91fddaf8f4f53ffb0d96da4b4b12c33aa176c1f79d5,smol-magpie-ultra,379389,1536-2048,1639,0.791753
b85149aef5d35cfd9bec1e6b7d71de40164cbc76e92d712cbe404d5315af5a6e,smol-magpie-ultra,381460,1536-2048,1548,0.820136
e8eaf5b06e1e21680ff11e468e41d4c52c64cb1f100cf32158f7f239fa5de330,smol-magpie-ultra,382380,1024-1535,1427,0.894457
b4540e45ca0a9ea51c16c03dc585117602051962cce8047e23c58cc45296d055,smol-magpie-ultra,383360,1024-1535,1142,0.896378
3f0f39513dea707771f9bfcbd6b5f2bbb1a68b5a2b3e2fd0a757e8f25f00fd2e,smol-magpie-ultra,383738,1024-1535,1404,0.88872
0421244f41f3bc3fad3a9ac12b70c627b6906ec33393b5ecff30dae0404c61ee,smol-magpie-ultra,386588,512-1023,586,0.894844
5e6d9f7c044570f7046dea7ca54cb78acc09c058fa01988233e65f52fd90e415,smol-magpie-ultra,386903,1536-2048,1587,0.827113
bc1015a93eeccad9d24a77968afe24675c22ef85336c979e388d2c9f4168094a,smol-magpie-ultra,387424,512-1023,692,0.880147
d0721e1f0a94093ef1865671c06e31ac21ce69a7dbff4f936a2da101d401887a,smol-magpie-ultra,387542,1024-1535,1117,0.899101
ef71ff837b9cb498766c3e662f41b0eb02c18224ee278b80253e332a4d33524a,smol-magpie-ultra,387904,1024-1535,1207,0.899028
1bc4613a44e575367037ab148437ffe7322073a1be06333f70b5fb7365459b12,smol-magpie-ultra,388243,512-1023,933,0.885865
cc70c0f7803abe675ba8590d8df816673d0a54cfd7e63f511f366509c7a532e7,smol-magpie-ultra,388494,1536-2048,1905,0.817385
3df7bc641b092cdca8f24de1d16e67d309386fa413d20e0b2ca3c06d2bde6e04,smol-magpie-ultra,389213,1536-2048,1901,0.822334
2ac48bc4d1bfbd7866b89bf4bd7ca1a0246a4e4bb91ff5d27b9d72e27595e369,smol-magpie-ultra,390712,512-1023,702,0.909591
7cf5088373b4dc7d7aba90d61c1493085858b05b33616eb9a04d7c61d5e9a517,smol-magpie-ultra,391031,1024-1535,1380,0.894055
6f8b197e7f7067ef282234b4276e99d5a4f3566f07719db23d9fa4ac97ce8082,smol-magpie-ultra,391061,1024-1535,1041,0.831306
7c3b20dd99876a3c50450cda4382e188635c1df2c2178e505052bf7316625cf8,smol-magpie-ultra,391224,1536-2048,1676,0.785295
783a2291488ebe26a7c873053d2fc2f2aa85c0726f72994d99fa433afdc69536,smol-magpie-ultra,391263,1024-1535,1268,0.905183
5f427cddbf4d6b9ebb666ff06ad8531e5818f87afc0ce5caafabd8d783735e3c,smol-magpie-ultra,391654,1536-2048,2028,0.792793
66ce833a91f02b61205ab6d61647741f772129c7ae1c5d5739e017715a319eaf,smol-magpie-ultra,391680,1536-2048,1548,0.829492
2e0d5ea5a267a482e377716fa5d988a0ab6507f55ed3b0046e7ce84833a81e12,smol-magpie-ultra,391707,1536-2048,1873,0.831454
2df6cacc05395c1458f8f0152cba7c7c0884490439dda6096460a90f272b0c52,smol-magpie-ultra,394109,1024-1535,1217,0.88516
e14eb82aa7430bc2150d7c1c7db56d3946bdfa7c7189d9d298abbd5108c227ae,smol-magpie-ultra,397111,1536-2048,1652,0.837561
d128528800492527d408a8a6a3c97ff787253ad3cec61ae9a1b3bff46c93ae3a,smol-magpie-ultra,398761,1536-2048,1685,0.827909
e6fe8e0df816c951f935859bd6f1b310fb1689e7d48a602c13e05f2100e7e7e4,smol-magpie-ultra,398938,1536-2048,1646,0.783407
c3ae6c963155cd013eee0f81afd6621667d6f0e629ccaf644f501df239382218,smol-magpie-ultra,398947,1024-1535,1266,0.868171
9029dfaad64a0cdd0fb83da87fd1cc864053608b256bca3ddfbf160d050f09df,smol-magpie-ultra,400217,1024-1535,1508,0.850301
842bca9c5132b7890918a5b62c98999c0e6ee0539fa2e8ed9bb57b2654124712,smol-magpie-ultra,402277,1024-1535,1349,0.8969
c063c88903ca4880cf628c4710ae834461e8e79d18f0df5bfd7f1b548287cc0d,smol-magpie-ultra,402389,1024-1535,1459,0.841836
d1d79740743582be6a04bbdea5d41904f88ab817562ab9cb46c6833c6602bf92,smol-magpie-ultra,403062,512-1023,994,0.890017
40d7c24d6111b193173924d1243b77118572375df0960b9e821bf168a7607b33,smol-magpie-ultra,403082,1024-1535,1068,0.905455
489fd4cf08c1020e91c98bcc4c063ed970b170e9cad42219ff967c1db3d44a9b,smol-magpie-ultra,403104,1024-1535,1507,0.885181
3f5d95cc7734268e336a1a888e7e9ae8eb709a8e600505ec67f4f3e7eb47c78c,smol-magpie-ultra,403205,1024-1535,1081,0.888547
55e3f4c7656096cf44ffa6cafc7d69010f03432769b312714d25e1584d5a3e56,smol-magpie-ultra,403400,512-1023,781,0.844054
1b0a8084d4f74d1078d283c62edb8bde03ff994e6c6f86b83e27afb551d157ca,smol-magpie-ultra,405209,1536-2048,1572,0.832364
974bf01782fd1630877fe4c78e23f2630f552cfec1c7595f025d8b6597a93b32,smol-magpie-ultra,405324,1024-1535,1090,0.891574
6a569f17506c60f8fa35a28b07874b7dd10b8d39bbd155d5475bc16e8a8b8fa7,smol-magpie-ultra,406212,1024-1535,1483,0.873013
ea8bc06a3cc613c86acf25e98b882903992ae1000b7de2768bbc2ca7afd4907c,smol-magpie-ultra,406818,1536-2048,1766,0.818024
62aa2d69f59d5977319402cb4b91593ecc6ea51414bdb6b166e5aad1322f6986,smol-magpie-ultra,407004,1536-2048,1680,0.828509
41fe7b5aade450b5bc5b6544ecee15b0277aa1fcf40ba5e953e3cbd61921aded,smol-magpie-ultra,408090,1536-2048,1608,0.830747
4464cd98888bafc10f10f5854f534be3f086b867e9b55804442de3644f1292bf,smol-magpie-ultra,408779,1024-1535,1028,0.883159
e1c98af9308e7d9d1029711f54b14adb1a1541e7360f98962ccc2af43ddc0d96,smol-magpie-ultra,409510,512-1023,838,0.878009
4860cc676ad8c3467892d00bb69fa8302b4ad736ae3d4a85786311295ce19b15,smol-rewrite,956,256-511,507,0.918893
7b761b66bd4160f0b41445c8456a10b5bf70dce7c2fc921bdb7955f373fed53a,smol-rewrite,1732,0-255,211,0.94351
4d24cc906633fe41a4fe13fbdd151f505ae3b0bb8b4e8c59ba5a08788d023916,smol-rewrite,1913,256-511,260,0.959029
0e40349e4458ec743a9ec72fe9a18f7c5502cad63e89bcf25c83606a20bb811c,smol-rewrite,1952,256-511,319,0.946854
80b41cb25d414007ecfbe1edbcaa8b8e1307900a019a5991d48b65692072a6b8,smol-rewrite,2012,256-511,463,0.934805
570a4f6ccaee08d9394d33332dbffdd2d336299488788bb8cbe4fa5999f578e9,smol-rewrite,2104,0-255,252,0.872629
d66474f5b982a85bf91dce494b46fab47bdc98e08bdded4e2a26098a92e89953,smol-rewrite,2480,256-511,292,0.943763
89cf1bec8e0db5789c4f2c8819ca8139e3af9e58dde5c65862e8d8f2f47b90cd,smol-rewrite,3952,256-511,379,0.945479
1676621141498fcee40da88fa14486e694a90d862cd1703e3fca1ce5028022cf,smol-rewrite,4191,512-1023,557,0.931462
16be3ae9bbb55117189739314a068a924076d4b6a1750f2b8221db4a2ab31f5c,smol-rewrite,4242,256-511,301,0.946664
e3db5dbdb2ae9a15effaa39376376808caf686a706b578c68dd006591f4e0104,smol-rewrite,4596,256-511,392,0.933221
d6256d9424a984d00ca4a08d69a9ff2b596809e474115f69587784ffddf76446,smol-rewrite,4749,256-511,284,0.901799
f16a61af782c6d3ecdc856acac59af8ed00dc2f4fd66ea074760f77a7e5f288b,smol-rewrite,6274,256-511,448,0.92672
5899db483568ca57a67297a8d2128a2a3623b7836113fcc458e8179f5bc757c0,smol-rewrite,6985,256-511,332,0.942788
d2efe0cfeacb8314a3ba0d9735a11a286ad372a66289e5e16db0fee74fa66c47,smol-rewrite,7034,256-511,269,0.941302
9b2838c183c0c33199613232cceb55957d2107d8dcbbd1a90d0746cc70553faf,smol-rewrite,7493,256-511,357,0.942101
5a59791369ca4dea8f9a77872d31ac209666e3b3c23f250cf7d2c45d56fc1420,smol-rewrite,8033,0-255,238,0.94392
ce8d7396340d1ef5cf86d0e582f90f2fd05443308fa3fb78ff13c5a4469fda3a,smol-rewrite,9143,256-511,274,0.948513
ac73c55b024218b587aad947e2e7676a0d2c1c2171cd8ca0b85980e66e52635c,smol-rewrite,10127,0-255,223,0.880648
8dcda78a08037800facde5124a6b7f6c07e4492e487ac10fe76cb4385dbc3056,smol-rewrite,10409,256-511,287,0.951066
20cf516d3d86fa8f35616e83fd072adedb7ba9dab388ce5d72df536c98ac7449,smol-rewrite,10503,0-255,146,0.833701
9c3a217692f68934a1df54264e6871ce6309ab8f00b0f89e144fe17312c13b94,smol-rewrite,10633,256-511,264,0.947809
78c6758fdf35dcad43f4f855539fadc8f4d0c0e36aded286e5193c568330716a,smol-rewrite,11734,512-1023,561,0.92236
55fdb5c1d149a515bb52a5971024e73a3f3cc15ace3bac853c061aa4a346cbe9,smol-rewrite,11795,0-255,245,0.860743
61e020b325cef26e2b47167d552654596495ac357e796cad9a0d7a6392bced81,smol-rewrite,12217,256-511,386,0.93757
1d53d118edb3600b1c62960daf6f8ffcfc7656040b318dfb172ae9f6c074534f,smol-rewrite,12766,256-511,439,0.933627
58fdaab663bf27ec3fcd12f24a09e16c2e2db56d4732034dad8f957ce94d342b,smol-rewrite,13689,0-255,158,0.835526
6573f58200d50d175986095f81986b2e3d991dddd4244bd063e906bb8573d4c2,smol-rewrite,13758,256-511,309,0.943996
e529c08ceda9aa71a534b305936fdd7c34cecd9e028b5d2e145db76dbf5d420d,smol-rewrite,14642,256-511,337,0.947081
6decc93e8d58701356d3f6d866e8f6ae92fe20c2861a414014fed0d1b30507fc,smol-rewrite,15646,512-1023,591,0.921083
30aaa6866b0ee10027c6b3ebc92eccbc7d3e32740ee29e20ab2fdfca1b40bb8d,smol-rewrite,16658,0-255,201,0.874664
68633baf15c3c9d2518ebca48d617bc422ffc435115bf72cdf070ae2ff4faa24,smol-rewrite,16673,256-511,346,0.939304
143bd31dffa2542e2bf33364414c7c7001e02442f9f031cb52cd928815f1a7db,smol-rewrite,18319,256-511,481,0.919384
afbf98af8fd30eb6cd813548594f11779a3edd395c28f34a66efd70e07b22a5f,smol-rewrite,18323,256-511,368,0.961047
2f6520823f6aa5e100c90e33f9e157a8e31be110e665f5fe05fc1ac8dc78c042,smol-rewrite,19892,0-255,252,0.950289
7bdeb41d7f7f21c79f1013c7fa23b88bf9891769fe073ffd2ea29d22d2516c11,smol-rewrite,20532,0-255,251,0.895869
2a895a23638896d305a6fad6df396426dd049b44a3bf4b1f55029a55c8a7a146,smol-rewrite,21056,256-511,346,0.927728
56e53fdaa7f0023d2970bfdaba5a049c591671a203413e72fdfda42dee650145,smol-rewrite,21425,256-511,312,0.936212
66d7ba4fc45fbb824d79a9b524b101bf9a66e81a092b222867bb1f303ffb0901,smol-rewrite,21969,0-255,237,0.876085
2c494197af8db700c1c7693f3c57aa6867e8153876cb0af8b05ead28197b3ef2,smol-rewrite,22065,256-511,319,0.946137
f1f4a769f8ba632aaf47a6ff99e59ef161f9f4bde4865c45bf89523cd2b971b7,smol-rewrite,22198,0-255,250,0.933817
8ee9e68abad70133ca373e5125aff815e2d7dfeffd7b20e96f9fff77e77969d9,smol-rewrite,23111,256-511,304,0.949216
1c1c6243c5973ff8f36157aabcaf43c4c78b0ebdac658dce812e0c36e94f98e6,smol-rewrite,24220,256-511,477,0.928275
57cae62768cbc542cba123dab77359d1b9618e3a67fdfc85ecc092dce75e0688,smol-rewrite,25025,512-1023,515,0.935396
58b00c49fe217fc3bb87f9c48f192f14fd78084df36a248fc2fd5a6c48d7f0d3,smol-rewrite,25063,256-511,333,0.951108
c14aa24ff7914cdb200dc92472940fcb3e539c3147dd0001fd3be39947f51874,smol-rewrite,25776,512-1023,516,0.935709
81695e2a0f4cf82436967a118cfa9a0b89fe1e5eb23c080972e53e9603d4c7a4,smol-rewrite,26534,256-511,284,0.937882
8299f3b55cb7942c0779e881a7172e9484e79a14bc7b1ac0634562045d9efe75,smol-rewrite,26685,512-1023,572,0.915196
8cfbb3b9ca7c75365c0ffdfd1a72cae87e3b2fbe66e3bbe7f90fe29f97551a9c,smol-rewrite,26707,256-511,281,0.946291
22179a8e452a3674f27203fa4657cb6a7db16c9635bf4c7689ac82e939235ad1,smol-rewrite,26832,0-255,232,0.953378
5678b8509b97ac1277cf24fea1b0d3e491357ec82637c0e1fbc99afa721e8ecd,smol-rewrite,27331,256-511,394,0.937922
c1acf96c775620d72b3f68316dc7aad656ea927eb9a627e5e2beeadd6e224e51,smol-rewrite,28027,256-511,345,0.945754
cddcdd03a294d6218fc982c931c3ad053aa26418f3f19b8dc212d50f0d261b62,smol-rewrite,28194,256-511,264,0.936263
19b4f2acc40fdb3c8a7d56aa5423857c53e0958861271d657be78cc419dad87a,smol-rewrite,28674,256-511,258,0.960918
120fdf4e07a2beee6fa1927e954ef9fcd3d919f33408979f2b6bcf54ecf0f662,smol-rewrite,28746,256-511,274,0.938284
8704d501959f5b6ac017b3c67184cb9bfe36e459e29728a29a9198eaebd7ad6e,smol-rewrite,29687,0-255,245,0.945741
db5016849290ad63b7cfb02a97d1a8f3b7b1f58e34ff6c843719156715f8830f,smol-rewrite,29982,256-511,277,0.935917
c4c13db05c1334a7add0f8f991e96f89a5fd2dc1085258fc753cabc930892780,smol-rewrite,30115,0-255,229,0.949733
6cdd2235934eabe7b570fa8e9bd2d6df601e9958861c7784435dc77a723cfa81,smol-rewrite,30399,256-511,309,0.939042
726eeb8809775b48bbc2973e0d3fcd4fe0dd59d330dbaea229e7a8dcd595f6e5,smol-rewrite,30981,256-511,292,0.91039
6cfd7a0b7fa52fbd95293e126ac5929348e3a9e8bd1917ddda9fd37a345eb438,smol-rewrite,31440,256-511,331,0.93371
02df182dce9b19a8f8f5eea598b17929f7bffc9afeefddbb9339e7979a3562a3,smol-rewrite,31968,256-511,358,0.937296
c75d3e024a3025d02bcefd384cf9405d189cca84d70fd770eb37f4bdbd72a14d,smol-rewrite,32330,0-255,220,0.97525
472e468639410e2bcadcc067e3ff10ee1b36f2661ab72d7903bfe677df7a13ca,smol-rewrite,33388,256-511,271,0.932768
7c720ea2fb2166206bff7e37dedf19ca7710d424d85c2b0cb84ff1d8ac60cdd1,smol-rewrite,33514,256-511,365,0.931435
19a17a32e33c79242ed8913b727756cf6237a7c0ec57b8af96ebac7992d72738,smol-rewrite,34416,256-511,262,0.960341
b31931dccc3f34570ebcec8c0b2365563934e1423f2c23e948986849886b690d,smol-rewrite,34541,256-511,428,0.932329
4c4a142645e7ecd7cc4acea07b2091053bd5e7616616f7f5906137a903c9956d,smol-rewrite,34886,0-255,188,0.863721
82b613545cd86914bc126811b0af51d9a01b1c182d03b584432fe530ed3644b7,smol-rewrite,35466,0-255,249,0.886458
54e74d7ae8ba17c6863b9f96c00ba147b748221e70eaffadc06d263fa01452c1,smol-rewrite,36167,256-511,310,0.95242
f0a19714ffaa67b06fa5804e4577d929841d534f240f3ebd341379290d7b1c97,smol-rewrite,36222,256-511,288,0.950935
2ff5b2368263ddb15eaf45fc1d1b3cbd1d3f6b28ff1f266061b87cdaacf42b6a,smol-rewrite,36246,0-255,240,0.951407
3f6d5c06cc449387c34dbb4f49bb5d802a077708c142c235ab9d0e5a1c205a96,smol-rewrite,36425,256-511,276,0.94196
577c0addbcab7a76f1e91eab1d7f7aa432699f2aaf2188c75ef28a79b026a885,smol-rewrite,38866,256-511,443,0.947038
4c8ccf7138946c079745e82141d9dee90027b493caa59bb0ec1621b12bce822c,smol-rewrite,39203,256-511,389,0.93924
85e7847f034b0f1597427cfc02b4acd248d3575eeb992f9776aaf008a6b5e142,smol-rewrite,40153,0-255,234,0.965103
a7596c52d202b74933d8283c45400f4c5f9879141c8405199aafb937e38871b6,smol-rewrite,40730,0-255,234,0.941696
e50b30fec0cb5e1f5ba8697cd4b12236996b5af2fd2d38b14d0f892772e41c90,smol-rewrite,42674,256-511,294,0.95909
2e40b8ba616d914bea12b915eba6f5bca6b2bffe36f1fd825b91a7592c00e522,smol-rewrite,43173,256-511,321,0.940221
83390809339d0869621a44a5587d894d7b5a4d91c0ed15d486ad1517e36a2782,smol-rewrite,43179,512-1023,517,0.933509
48c70c68c651b02c9a43fab636bb3d4184f34f1d8aa2099175e1d5b5a5379656,smol-rewrite,44126,512-1023,603,0.917904
84e9ea70e3f4b76bd7100b0ac011a6a923bb3bcde007152b12d7e8790bc3845a,smol-rewrite,44240,0-255,227,0.877313
3da62bf218657e3c95f3206e45b862058c6fda2d6db2b52961deca7b97c38609,smol-rewrite,44322,256-511,303,0.929847
d73b238383aec16f65b03fe94d91bab31a02ed5e37396f8adc4588b93d612a21,smol-rewrite,45007,256-511,307,0.936138
ce8ad58ca700738a9bd0c10d63a42dc18f0d783420c9231896a019a5dd08e34b,smol-rewrite,46377,256-511,309,0.946111
1bcea8cc3b19394eda776380698ea83fed83773f4149cb5f7c30e8ddc9da9d43,smol-rewrite,46952,256-511,346,0.943173
736b927facbf47e1aa2e4546c6c9da9a362f98884fbcb6e74c84b68a6224fe0e,smol-rewrite,47426,256-511,299,0.955599
54bf0ba6e5e2421165221d688085c25070cb4a630a9ce2f83f81f64b50725d05,smol-rewrite,47446,256-511,462,0.932142
f4aaa2365a211fa0b7ee926aa7d3957062c122326f7f37eeb37189a77a54c0be,smol-rewrite,47982,256-511,308,0.943316
1dd2ac8cd5800625428442041efa7d04c33c9fc4f8d15673d5c22cd38d7b074a,smol-rewrite,48771,256-511,318,0.942345
7178706b39b999c2aeb5067f4bc6efb37d608f630ea486d758913ce1e3a409fc,smol-rewrite,49172,0-255,229,0.897084
1a7a82f70e9f4f786c1b1d190538cf8a5c8256d1d328c15f19f0a0b3e417c641,smol-rewrite,50088,0-255,189,0.9399
3421c115ae1ddc7b6781679d2acb13a635ca0ccd8768afbfe8772c3c425ef47c,smol-rewrite,51602,256-511,294,0.943546
2f7f834a9660100ab111b9a64959dce140c6856bf4911ffada952543bf1f969c,smol-rewrite,52173,256-511,324,0.950052
83b91a4d8c00cbdaea127e32218715dfdf9aeee64c5b69318462ba2b3898dc96,smol-rewrite,52345,256-511,286,0.947906
3317f9a7a2d885538c177d1e54852f4b8521d9eac5efbbbb39f01445a4796cbc,smol-summarize,6,256-511,374,0.901349
165f4fc900a75eba62e9f6978c1e2b27d58a6f6db89ae65c1bc5d94cc1efd43d,smol-summarize,67,256-511,436,0.889904
1ec18fc58a8b48f172685b7afe763be800a72714407fdf9a57794869508e510c,smol-summarize,931,256-511,274,0.784555
2db52fa8583568ecd972c26436fbcd9323bb79cd672d33c0945590c6683dcf61,smol-summarize,2773,0-255,162,0.791283
8460f295399c0dffc949123fae77f2b35f7c0a7b73973c7d07b1953f5f0c4a15,smol-summarize,3324,512-1023,980,0.899816
510a66a161a755d07be2a7af96294773cb3f735143840030957237b64316a4b1,smol-summarize,3465,0-255,199,0.856988
6fe633416208c47909af60208cd7ab1068ce136858c0bdbf73ffe55775709243,smol-summarize,3913,256-511,500,0.916585
03281dc50deae3313db2a5a9a7dac873c1a8a7f9fdee40db93411aba094fb359,smol-summarize,4145,0-255,113,0.782133
cf8270a5293e65d90737a06da6837e4c777067749ebf203104bd41a78dc29fc9,smol-summarize,4503,256-511,269,0.870267
0604358adea677dbe14c0f55da85bb7e7a1c5847799803f1f99698a3499650ac,smol-summarize,4591,0-255,231,0.809528
1948d9084fb0324424f52edefbea3a73c2a3d7cc5012ffc230dcfcc1bd28760c,smol-summarize,4647,0-255,228,0.889763
f35ee3a0ab71e4d5a1fed9c55493c95fa272ec884485c8d61c2647fe5ad628d3,smol-summarize,5951,256-511,258,0.787228
4b5b9d83f279dc48f6d32f01f4ebc358d7f3474de872a735c2db6e6d845ecd11,smol-summarize,6301,256-511,284,0.781493
55c518d786b1beed7d9c75130b9dfe47fac79d37cb2790e29dd3537751dd3a4a,smol-summarize,6686,256-511,293,0.870384
837cf157093897d8009f9fad4c82c10ac27626585399e8b7ace2fdac293ba4a4,smol-summarize,6843,512-1023,996,0.910313
96b39e7911c01aa27f7cb00361a152e994268f13c1d0552098550be348ba73bd,smol-summarize,7679,0-255,234,0.77377
1beb4f51e21baa3a2fffd6af6cf59ca6d50b7806207d8d7ec1ff5217bfc3fe09,smol-summarize,7880,0-255,174,0.829494
562e6dc41ff98817ee96ae17632b3cd867b1c3b2bd1b19ac8058037599990d25,smol-summarize,8568,0-255,223,0.893134
2177426bf95ab158323da31c47bc6c7e3a06487108d7470e4cb74060ea228d44,smol-summarize,8613,1024-1535,1266,0.89637
4590a80ca3d5e674d627cd7d0a03069ca30cba8e08ca93e8606b0e69b8872d41,smol-summarize,8809,0-255,234,0.835906
5690613ab9ee41a9a73f8f5ae8c0226d7caa06b3030c8df27f09817d2e87506f,smol-summarize,9208,256-511,346,0.863666
4b08e146eca58afd7589d55e33b9777b39c1514e9499e2183f4db71b049cbfa5,smol-summarize,9363,512-1023,733,0.915129
5688a11b02bae919a7b4c5dd648e6fd86ea5b9fad0a0608e2d5b7c0f0e1724f8,smol-summarize,9444,512-1023,822,0.90508
1a34b71b3f69d97455acbbe70628db05497f19e336d5bb183e9875346d830d7e,smol-summarize,9487,0-255,199,0.853758
a4b4453bee4386e76cc46af48b0d03afec919d295d535782ae88fd8cc690a3a4,smol-summarize,10612,256-511,268,0.895071
2fb2f62b076c8582a6c2a2163a3a6baed5b4bf56d74f11ca396b071942283b78,smol-summarize,12664,0-255,227,0.750554
737578ed8492aaf9406b64dd5d2c795e7ce6bab0c916858136829ac398690754,smol-summarize,12718,0-255,231,0.870907
767535afe3b11f977c61f035c34b82070f9da4188487987c7bc66b4b208f7155,smol-summarize,12781,512-1023,713,0.917152
1dd990446920e032826564e848d00520d7c85baa31c50f358c915f9c76d3a6d4,smol-summarize,13095,256-511,287,0.774832
8862ea699bb6ed6dfcfd52afcadca194f65e9d561d896f6354689da4757cd007,smol-summarize,14449,0-255,228,0.846918
33ead2e23a7a34aa052c33ae34ee8f2b189b9936d163aebbace062d0616377bc,smol-summarize,15782,1024-1535,1124,0.899838
1f76cf41507d6e51df7c54e4da88d2e69d512ef40a6c6311d7127898afd58810,smol-summarize,16707,1024-1535,1284,0.896294
1f06a29c9ac30ae0fed764801d1b1e946703ffd344681e959dbdc4539c997979,smol-summarize,17631,0-255,174,0.755104
c52a42802079a6977538f668311983d2b960c97697e2c3d4acdd4c1f6c86b6e4,smol-summarize,17766,256-511,375,0.865228
c5a75dd392286a410eb5e107c54ca1032803bb8f28855353fe4fa5af78cd19c4,smol-summarize,18069,1024-1535,1085,0.90332
6f4dea51eee528ba72a0f24212f480624ce28105399538f4d2ed692733b8f7f1,smol-summarize,18399,0-255,241,0.777208
b5687b4bbf1c84f696c0e0b4d88c7dbcbaf7096041f854dff5a8431e67e2330e,smol-summarize,18431,256-511,261,0.756468
5748cb5e8749fa2a0ef7b45d22561b6b7f7c09c99bb4c7a593feaacc8e63caa1,smol-summarize,18987,256-511,288,0.745002
572cbe1f56234fd1b8cc8dcb0afa1a7b5eb4fa8a4d40bc10ffe61fb74a6ecf0f,smol-summarize,19370,0-255,229,0.757049
7ad4d0732d2bf94a579314c7e8b5255c7ca5f358f9dc6321c9a2ecff42563d98,smol-summarize,21053,256-511,297,0.871604
a8e8eb7af30f7bc1690b99bb2b6cc00b318313355242d4c9c92dbfa318224fb4,smol-summarize,21379,0-255,208,0.866106
54a860a3830f775a8298c294b2850d3c582e73cf8c6b7ecfd5c8885a138ca6b5,smol-summarize,21727,0-255,230,0.886707
340b943327142259ba33b09424a98ae5b211f9c734adb0d60bfe054f69bfc395,smol-summarize,22015,256-511,330,0.749954
83eba7cca0a42f97db1d94dc27faa00ac622d72cf2be9ae92bb9d5133639f682,smol-summarize,22404,256-511,394,0.895569
d0f85db6e8d2a183257afec88fffc959e99b908050a301939fc90dd1704ed386,smol-summarize,22489,0-255,182,0.785436
7bf6b33561bb4708fa4f208b83d508a52cbd2efc527944a4db9dafa31ae909fd,smol-summarize,23733,1536-2048,1781,0.82791
4fe9c4f5ff7392a8ec3d5ff2f8e5250627fcc1c46aa4ea4ca370155ddce74756,smol-summarize,24005,1024-1535,1098,0.906161
4a9f6723adcf6837030c59254cef1bfa945c3e317cc81aa9cf248cf2391d9369,smol-summarize,24187,0-255,170,0.833132
aa3379300942226ba14533622d0c501dd7ca07ab90a4169dc8d0f5c6ec91dbee,smol-summarize,24701,256-511,343,0.749425
702651ab025e7aeefa685795d5719e9952eb9200327c8ebc2879b0a45db99c9d,smol-summarize,26537,0-255,152,0.767553
6547f49347ad78fd37e942d91840061b5cf6122784709263419fd28036eb96fb,smol-summarize,26856,0-255,215,0.822554
81b4f977a225fb4d5021d5bbe80f681135e83da323479776e5bba4923a4ba7ef,smol-summarize,27035,256-511,298,0.875297
c9c61c6667690178ee09167ec3037fb3b5510a8bcc14068393634c150799a3dd,smol-summarize,27457,0-255,242,0.76205
886f29156d4919e86d3efe9194c0f4963219de159db743a56a6da4375d012b1b,smol-summarize,27485,1024-1535,1197,0.896805
c65ed2aebff320af9eedb5aaf76dfd82e15b758e7d2d91e621a298033e20ff8e,smol-summarize,28330,256-511,260,0.844586
c9b098c3f8841f4b85cb9ce9487aaf092acb64ce06ad0524d3c9f12929c6b347,smol-summarize,28995,0-255,212,0.765926
2fe70b4eef641b4f603da4810cd2e8f01e8983daac40fbe44511aabdee276e71,smol-summarize,29440,512-1023,992,0.913676
dd5ea82b9560f3a7e96f30273a44846c4f1968aa53a49fcf6afdbaf142742d83,smol-summarize,30416,0-255,224,0.881738
7cdcfd8d574b9982c54d6616ae8f19fbd196fe21fac21bafc975ac210d3def4c,smol-summarize,30662,0-255,194,0.861875
17ae4eb351b6d24e2839147b4a7cb97a645f5b1a9ab0be1d5477d90a38a37da2,smol-summarize,31107,0-255,244,0.835022
f29573c429a0a3e0e378c95ba6dd099cd3138e04c67e1b80f209eb5c4b9f4e6c,smol-summarize,31228,0-255,212,0.827423
70d35d0a3a7822afd6b78a18e78c345e763e408b32c269a9f85b350e343cb8c3,smol-summarize,32116,0-255,230,0.749177
6458984def522cca41baa087936a885ac12da17eb58f26fbf2585ddebf11390d,smol-summarize,32233,256-511,318,0.831672
705a19a1693015a3b309dea590b4bf63eee76da3d41d350753d64a9e4548d441,smol-summarize,32787,256-511,315,0.862076
76861bd4f5fdc250406548ffb4b29fb60288c6f8389145843e0c8181d55ee1a1,smol-summarize,33536,512-1023,734,0.920263
7c6fd33ccb975500788e882ed75ca496d2759c1243efd2c008f0e459760c6bce,smol-summarize,34077,1024-1535,1474,0.888225
ece41bb04d3eb5f9384edfdf99e31d9c8723ca6da8e2401040d892438df693f3,smol-summarize,34252,0-255,168,0.774954
bc80d915949ba1eedc6f36093a51d7c844182f7835c4ce3fb9dc3a49b6f3ae4a,smol-summarize,34651,0-255,247,0.763699
7a0f814bd7c69b5f0cc062565a07120d8bcc9800c35e47e741dd007236c4eb03,smol-summarize,35640,0-255,187,0.817327
7165b3a40adf8f1b1eff611618e01fa01e34529f10b560a1d69cca541238066a,smol-summarize,36503,1536-2048,1584,0.821674
2ddb4f905b0c011afd4f51239f67244e70c7843c6da80389f2c23b5f977505a7,smol-summarize,36891,512-1023,725,0.903803
edb3bba46e4c1d3aae083007900e1dd1c8822dedeea0267233f891499ffe5135,smol-summarize,36961,0-255,197,0.768378
2d468332a619a0e0f6d91331ec8c1dad3c154d694dc0e99c36dd62d48ba19061,smol-summarize,37127,0-255,253,0.744535
66f92485b448b91cc5d07c1f055885b3c6f916efe54aa42c5e13dbb5d80e4001,smol-summarize,37663,0-255,186,0.813591
6376fc42f51d5c825d6ccb5461ba56915b1c6012318b999ce9468de4d990d4c1,smol-summarize,39736,512-1023,709,0.909959
1ebb0434520da40699bd39440a126dae47f902bd1cfa7856c27a98ccda453403,smol-summarize,40079,512-1023,1020,0.901681
acb0b3590e4c48a2f84fd9e845e08ccc8b432fbc0349f42eca08fb28c6bbc875,smol-summarize,40234,1024-1535,1377,0.907205
6cf19f2e5e81da12bf29e4bd5743b9419127f01a345dadc7b320ffd7a65faeff,smol-summarize,41205,512-1023,616,0.909157
8605875a74524d9c9c4738544a1edb3d089c838c5df1ff51956c99e21567cf48,smol-summarize,41276,256-511,297,0.894759
17b5cc3fcabdd67535a8197e87d6b5fd5332a86e504cf0007015e70dff79accd,smol-summarize,41577,512-1023,846,0.914129
7b38cb049ce52de53970b0996b3e369e57642edbc81cdc08184e737ed325793e,smol-summarize,42562,0-255,188,0.786331
30a9a9a00e49a458dc755870e0cfe9562108cd9cae81a8a79c896bb3f41285a5,smol-summarize,43279,0-255,139,0.776894
7c064c5213f9c18565cf4cb95c6fdf8b9021f6063789b7b4646196582a50ce60,smol-summarize,43833,1024-1535,1383,0.89929
b76f63ee6a5a56b5e57f6925335b5d39938daf684937541a18e222b67b38386e,smol-summarize,44256,0-255,252,0.882774
1914ae25e880c8150cb4d71fae5f88a3894fc5758e5e415b954edddae7ad6750,smol-summarize,44565,256-511,313,0.881213
f17e1c9a0ef87b738b3194ca92c6d16b7a6e749bc3c34d8fb72327d32cda43c7,smol-summarize,44713,0-255,232,0.826546
5fb42e85b771ed71a4fefaae1bba2d1a50e023b43ddb46908eb5179f80105381,smol-summarize,44966,0-255,210,0.778587
2f28b7d5c480144f14a4c5470d429fb25acc9e150c110017c72d47385c8cdc6b,smol-summarize,45065,512-1023,668,0.901381
c73a4e4f184136f0057816ec2b5bc625e4b91bfba647e70f19f9d4cf89420488,smol-summarize,45152,512-1023,949,0.905759
942f1d7dae4063ace74b1936a859e25a10a3d1c8fdc563e313e3b8b663a0d9fa,smol-summarize,46703,0-255,244,0.774152
814766a87e7763321aa37c5e1454328cd3eed240b8f6f90c7ced4ad3013d6ecb,smol-summarize,47451,0-255,179,0.770349
30073c3e5dd7cc3bb62af1608bd25cb1bb2c68b7c7f75c6d61ce9652e3053d06,smol-summarize,47862,256-511,275,0.853718
408aa23f847ee93251ffbd4b185cad05670d0ac959d417fc762f796381add81c,smol-summarize,48142,256-511,282,0.845822
347362edc8c1eddc08fe0bde3b89466a1a1ea59ee941938dffb3630b220990e3,smol-summarize,48538,0-255,173,0.776736
e169d7468f6b7fba6c8cd5275f8780f9408e00d0e0612b9c89f7aa792506d06e,smol-summarize,49891,0-255,197,0.779474
86198f1c7d6b523b1d59c7beee87ba0f86fbc6b9d6085e784bf48f70616c0b05,smol-summarize,50371,0-255,238,0.844873
47a6fb0bddc9da21f9b048fd6d74b7015d7b7caac5df047f1d8d8ae3e4628362,smol-summarize,51214,256-511,258,0.832987
87c64790c20f2ea7bf80fcc234e0a0e93ffe1277b2c52d5e4faf7369af99f0b3,smol-summarize,52698,256-511,268,0.855417
d29aaa0f7898eebce2d967010013b5292d30a6a5bf1efb84ab0352a065aec49b,smol-summarize,53162,0-255,222,0.892839
720c7b9e1e7d99cb7ee3416f5f0393ff321c92498de7dc6e255a48b69e4f6bcc,smol-summarize,55074,1024-1535,1272,0.881382
45f6c258175b2b12c6a9a03d7478ee008f56050f35ab13c4a93ce0747bdaad76,smol-summarize,55483,256-511,370,0.776932
e16f2c5be3e88d886a99ecdc9817f11b338ad23315a640218587bc014a8ec55a,smol-summarize,57486,0-255,208,0.774248
314e79fa53c2e02bdc520514848a5a04cec7a95a28cf9da6da8dc2a45d6ecb14,smol-summarize,57596,0-255,205,0.821485
106c9a2836a4ce9c47a6171dd06ba2e5d6b0d118fd93da7b8c2d1f02eaad973d,smol-summarize,59021,256-511,377,0.857603
1fec66f44c9dcfd0a4eec7dbc0962c778e086ed32e78932348af036c98054ae1,smol-summarize,60378,256-511,257,0.870134
201a058630e219af29dfb9c692975fee5b4bb15e7fb538303689802c621c2011,smol-summarize,60613,512-1023,875,0.922407
de3057d73a65896f277574cbcbbf53758f8ca150a13d8a1e5fee9aa5a8631c7a,smol-summarize,60915,256-511,327,0.754784
30e14fe2c636d2cdcf57cd189408a2df53702e07d2ca83cf1c714a6033aae308,smol-summarize,61674,1024-1535,1338,0.894864
cbeb9f9a7d53416304ed614014377343d7ba890743cce7c23716eb1d2e3c1dc5,smol-summarize,62825,0-255,212,0.773796
ad4ad4bcdbc0b4ea0f0c3940d0ce13983c54d2e09db181e7dfe95233a58f1606,smol-summarize,63395,0-255,219,0.857357
508d7671a59014bd25f406f9d65d49aa75e8e949c49bb117718e626912da55b7,smol-summarize,64220,0-255,246,0.785076
a8a62f7aa9dbf44376d3fedc8aaa82bc3e58c2041c9de43e4f2e96f425264769,smol-summarize,64786,1024-1535,1168,0.900194
574f240bba1d023e6b562386bd59cb9299d84c14027d46ff707adff72d6bc2d2,smol-summarize,64857,0-255,189,0.792339
896a5f1fd1317afeeefcb087c37da0d853c84876964ddcc6be5499bc61842a77,smol-summarize,64993,1024-1535,1078,0.893807
740e01a345ecdf68384bb3cdc4a7701f7b56e167061b51fbe21deb20cd5aca2a,smol-summarize,65035,0-255,248,0.85467
86f6e9c54def2b4eee41490eb369547bb663ce02145386f05f1b84a1409e6ee6,smol-summarize,65160,0-255,221,0.888093
3ad294cd0bc908aea51b8a599674734874ec9ef4dc3d11c004374a6d8a0a2f1f,smol-summarize,65236,0-255,195,0.844987
c81cad0f806a9e864dc65aee687a05a606bb12954d8db6a7838c5b144772874d,smol-summarize,65755,0-255,215,0.753817
94c6001c374d5c74eb8a0c704d7b85da9274fb08e66c1a736f22bfdac8b17241,smol-summarize,66717,256-511,257,0.771747
d18cb09db0a6e7dc4f28b04de873d17548f641aede1787d280d22e75ac686829,smol-summarize,67422,0-255,196,0.854774
67a2135c85451fb14e242161651ca77553e547901870d10337c2dd1ee7d9f45b,smol-summarize,68458,256-511,356,0.91718
7bdd364d804c2c54d81136c5cc886a8e949df73a10e8077dc4990ad82f1085cb,smol-summarize,68465,256-511,308,0.858325
12bef0af218ead6a8c4b432e47e30ef8d3cae0183735dc5ac6d954bf7e09e606,smol-summarize,69737,0-255,228,0.846522
53e919c23b2dec8b2218e3107b0b2fe8b0c5762036ca6f1ac010de4ee6d45d60,smol-summarize,69954,256-511,280,0.733551
2b15f6f5bef1e7a14742e9b9cd5c09e5e5352538bb8d7e09c93a6d7f60de6b33,smol-summarize,71358,0-255,215,0.77764
de41b3d83fa0c4f7683df45097252cc9a02e07b1e0e5167b4ad168c98456d138,smol-summarize,72184,0-255,157,0.761921
7c04127c23a7dd57e41f5cac7c74c760ba3d86fe186b02d27588f462fca93f30,smol-summarize,73025,512-1023,674,0.911599
ab07bb018d50393dfefc649e465ae0c6557d50c6eb5e3cbf09fe71cec1e8ec22,smol-summarize,73883,0-255,223,0.846681
5b6d7a007a164ec5843b183a87062acad3750bf713d1fb7f12fa2ae4b6de0dd4,smol-summarize,74081,1536-2048,1867,0.84483
212ab2ab2252ddc5f279a2d7b5787c1de78ca3359f161f0ffa739f15d32c267d,smol-summarize,75195,0-255,209,0.811559
a683efeaeb407b958ca06ee16319af82044f6ea44b8891a5ebf1305b1b139418,smol-summarize,75310,512-1023,639,0.917584
534422a042f05d7958d3ebfb1372a1d3e8ab083dce20c5c37acfe464b423ea9d,smol-summarize,75810,256-511,285,0.857645
1bee1dc454ed3b8d4523feaef81a3dc4d36a864a1fbcc3214c1ef3dcb1975368,smol-summarize,76654,256-511,355,0.725889
ab096967f1bd942f4f30a457225276e0cf1647a08246437a25f58553f9907061,smol-summarize,77249,512-1023,1001,0.910623
5ed6da76b07b3949120156119adfacc44f252f08a99d63a8abda82a200b4fb07,smol-summarize,78226,1024-1535,1267,0.907485
d89e2fa3af2f90dad88e266fce4b92948ba4f45d99e256d9d2788b601196b09e,smol-summarize,78475,0-255,119,0.761818
51eea09ba9a4b3c5429e73f04357e91a58f308f2be8df46f85251eeede00a00b,smol-summarize,79059,0-255,228,0.780708
67e451d4e29fdf4a808e3bdfa878b00a5d964fd7f56132573f78c7f5d1db06de,smol-summarize,79082,256-511,475,0.927012
3152b068cef645b7f4d8dd35715850c53d38fd09438627b986fc447265896a81,smol-summarize,79661,256-511,296,0.852236
1e1a70c70867be57add4c4256d7610ed812492957837c90166673c105369e7a9,smol-summarize,80401,0-255,254,0.847725
3f09849a442118cc139833d35735810d34365fa8b7f7589c6128745bee911c82,smol-summarize,81154,0-255,227,0.773633
7d0d4fe65bb6e1c1bb50926b47baae02ae0bf9557c00312da66ff6edb4a82600,smol-summarize,81569,256-511,338,0.875451
85ad5862c9020fc241c9db505d9830ea511921701d2fb357b81972eb81c1c58a,smol-summarize,81940,1536-2048,1581,0.837929
4c354b973ea7a3596001d839e0133fe1a6c6e2b363d40f3ecda611e0b3b9be49,smol-summarize,82637,0-255,183,0.777503
678c76e3b6f231334bc0ea77cb1ffc633c1a742e6ccdffb7b2c923743084e34c,smol-summarize,83118,0-255,133,0.779398
20879cdcb49a4c21b7df9cdc210f251605bd31d77151afeec2b226630a6069f6,smol-summarize,83515,0-255,238,0.843301
597e7f475ea8c7047d6cb61c7e81d7096eae8d27be8e61f06b8527f739f5e7df,smol-summarize,83521,1024-1535,1268,0.889073
76e71104f0a280a66de41858858d93a7982d13224f9b556e20e221016da30501,smol-summarize,84551,0-255,219,0.85836
51ff77ca48cd76552cc89af208e48da64604f0df565174a74da00f68efeb4337,smol-summarize,84799,512-1023,681,0.914947
461ab0a4dcad3a21083aca48b7ac491a85e7e53d055562fe428a40a4ecd8a6d5,smol-summarize,84940,0-255,243,0.874589
d5fe54c69347922c09f53e111663b1a83ac6edaa472963372e60f98d4879eb4e,smol-summarize,85042,0-255,199,0.768144
1c03a1454422b882f789c21862b5fee3e3bd6c26f781b20411f5e99ba008fdd2,smol-summarize,85840,0-255,205,0.769973
c61308a31f40aefa5e58345995eba1a0bffa6714e699e2711538a4cbf9055810,smol-summarize,85862,256-511,403,0.736326
8511551d5ab65c9130e247e6bb14f5d6ce756ce7825f17fc45ac6ed928478e63,smol-summarize,86004,1024-1535,1458,0.893373
86f16b310bd27f784c3b32bef052e7d79d705028c64e26b0da0938d7ceaf68b3,smol-summarize,86152,1536-2048,1756,0.838425
5e5684b74e4fb81bdcc18461be891865b0beb7d466f3ccf41c2ddfa6e72c024d,smol-summarize,86930,256-511,306,0.864723
3ce201ef9ac7988dcc71ea985c812857cfa8a657dc879c0f6a1f51f095bafbe1,smol-summarize,87457,0-255,135,0.766951
20645f36e4694a4b304b74b8ec6aec2252aeca065b820512499225f9f5155797,smol-summarize,87964,256-511,304,0.877562
4484acf1b2eb0c3962ad7746177b58f87ef57a820be7f9218aed5951e3eb4371,smol-summarize,87996,0-255,216,0.77346
6189a9a4ac38d28a056a68f6e55e206817c90559f00294416dceb6e54ea87edf,smol-summarize,88893,0-255,188,0.759108
cedb61f9b857641a08082b3d3e8558edf6bbd69ec3d1ced15391aed0e8c1198b,smol-summarize,90166,256-511,268,0.860467
8431e931540db4226d1b249a2b3c7402548509616a0f47a25044f164921a11a4,smol-summarize,91676,0-255,182,0.81724
3ebe19d21f6761ff32a141922ad6af73465af14d0c8f8f95454982e5fe5ef78a,smol-summarize,92292,0-255,207,0.762638
18d6e6bad660c83f870d53f1b15cedd79409500b6bbe956af5e5fd4068167a70,smol-summarize,92975,1024-1535,1385,0.900736
c4ba9b14b32f20486006034127a2bcee2878257ad8102a87178ac4bbb9968441,smol-summarize,95999,1536-2048,1596,0.825342
